ward_id,ward_name,date,tmax_adj_c,rh_mean_pct,wbgt_peak_c,hi_peak_c,hazard_score,risk_score,uhi_delta_c,vulnerability,population,risk_band,risk_colour,exposed_population,relative_risk,excess_deaths_per_day
24,Ward 24,2026-08-01,34.87,71.15,32.16,45.29,54.8,50.0,3.47,80.5,19824,Danger,Orange,9912.0,1.14,0.05
23,Ward 23,2026-08-01,34.9,71.04,32.18,45.33,55.0,49.3,3.5,77.0,18256,Caution,Yellow,9000.0,1.14,0.05
49,Ward 49,2026-08-01,34.52,71.62,31.93,44.47,52.4,48.3,3.22,82.7,19416,Caution,Yellow,9378.0,1.13,0.05
39,Ward 39,2026-08-01,34.64,72.09,32.05,44.98,53.6,48.2,3.24,77.7,21296,Caution,Yellow,10265.0,1.14,0.06
29,Ward 29,2026-08-01,34.59,71.33,31.96,44.54,52.7,47.6,3.29,78.3,53782,Caution,Yellow,25600.0,1.13,0.14
18,Ward 18,2026-08-01,34.83,71.32,32.14,45.22,54.6,47.5,3.43,71.1,22267,Caution,Yellow,10577.0,1.14,0.06
54,Ward 54,2026-08-01,34.89,70.36,32.1,45.16,54.2,47.5,3.39,72.5,36235,Caution,Yellow,17212.0,1.14,0.1
48,Ward 48,2026-08-01,34.72,71.76,32.09,45.08,54.1,47.0,3.32,70.7,20437,Caution,Yellow,9605.0,1.14,0.05
42,Ward 42,2026-08-01,34.46,72.82,31.96,44.71,52.7,46.7,3.06,74.9,21746,Caution,Yellow,10155.0,1.13,0.06
43,Ward 43,2026-08-01,34.57,72.38,32.01,44.86,53.2,46.5,3.17,71.9,17677,Caution,Yellow,8220.0,1.13,0.05
28,Ward 28,2026-08-01,34.62,71.21,31.98,44.58,52.9,46.4,3.32,72.7,38110,Caution,Yellow,17683.0,1.13,0.1
77,Ward 77,2026-08-01,34.6,70.87,31.96,44.79,52.7,46.1,3.4,72.2,45984,Caution,Yellow,21199.0,1.13,0.12
19,Ward 19,2026-08-01,34.71,71.8,32.08,45.04,54.0,45.3,3.31,64.3,21158,Caution,Yellow,9585.0,1.14,0.06
41,Ward 41,2026-08-01,34.46,72.82,31.96,44.71,52.7,45.3,3.06,68.6,19946,Caution,Yellow,9036.0,1.13,0.05
37,Ward 37,2026-08-01,34.46,71.85,31.9,44.39,52.1,45.1,3.16,70.2,24020,Caution,Yellow,10833.0,1.13,0.06
62,Ward 62,2026-08-01,34.5,71.27,31.91,44.63,52.2,44.8,3.3,68.4,34832,Caution,Yellow,15605.0,1.13,0.09
26,Ward 26,2026-08-01,34.48,72.75,31.96,44.73,52.7,44.6,3.08,65.9,25371,Caution,Yellow,11315.0,1.13,0.07
25,Ward 25,2026-08-01,34.53,72.55,32.0,44.83,53.1,44.5,3.13,63.8,27484,Caution,Yellow,12230.0,1.13,0.07
21,Ward 21,2026-08-01,34.36,73.23,31.9,44.55,52.1,44.1,2.96,65.8,21187,Caution,Yellow,9343.0,1.13,0.05
78,Ward 78,2026-08-01,34.38,71.75,31.85,44.45,51.5,43.8,3.18,66.7,54090,Caution,Yellow,23691.0,1.13,0.14
20,Ward 20,2026-08-01,34.46,72.82,31.96,44.71,52.7,43.6,3.06,61.7,21576,Caution,Yellow,9407.0,1.13,0.06
44,Ward 44,2026-08-01,34.27,73.62,31.87,44.46,51.7,43.6,2.87,65.2,29600,Caution,Yellow,12906.0,1.13,0.08
60,Ward 60,2026-08-01,34.44,72.18,31.87,44.51,51.7,43.5,2.94,64.6,35732,Caution,Yellow,15543.0,1.13,0.09
65,Ward 65,2026-08-01,34.4,72.34,31.84,44.44,51.4,43.1,2.9,64.2,72427,Caution,Yellow,31216.0,1.13,0.18
66,Ward 66,2026-08-01,34.35,72.55,31.82,44.38,51.2,43.0,2.85,64.3,98024,Caution,Yellow,42150.0,1.13,0.25
135,Ward 135,2026-08-01,33.88,73.83,31.6,43.75,48.9,42.7,2.68,71.9,33258,Caution,Yellow,14201.0,1.12,0.08
16,Ward 16,2026-08-01,34.36,72.27,31.85,44.23,51.5,42.4,3.06,60.7,20904,Caution,Yellow,8863.0,1.13,0.05
52,Ward 52,2026-08-01,34.27,72.2,31.79,44.3,50.9,42.3,3.07,62.4,16869,Caution,Yellow,7136.0,1.13,0.04
56,Ward 56,2026-08-01,34.45,72.13,31.88,44.54,51.8,42.3,2.95,59.2,43622,Caution,Yellow,18452.0,1.13,0.11
11,Ward 11,2026-08-01,34.36,72.27,31.85,44.23,51.5,42.0,3.06,59.0,22152,Caution,Yellow,9304.0,1.13,0.06
53,Ward 53,2026-08-01,34.29,72.13,31.8,44.31,51.0,41.8,3.09,59.7,25598,Caution,Yellow,10700.0,1.13,0.06
134,Ward 134,2026-08-01,33.65,74.8,31.49,43.44,47.8,41.8,2.45,72.2,35780,Caution,Yellow,14956.0,1.12,0.08
38,Ward 38,2026-08-01,34.22,72.85,31.78,44.04,50.8,41.6,2.92,59.7,28791,Caution,Yellow,11977.0,1.13,0.07
10,Ward 10,2026-08-01,34.27,72.64,31.8,44.09,51.0,41.1,2.97,56.8,27700,Caution,Yellow,11385.0,1.13,0.07
40,Ward 40,2026-08-01,34.13,73.22,31.73,43.9,50.3,40.8,2.83,58.1,20549,Caution,Yellow,8384.0,1.13,0.05
9,Ward 9,2026-08-01,34.22,73.82,31.83,44.36,51.3,40.5,2.82,53.2,16420,Caution,Yellow,6650.0,1.13,0.04
61,Ward 61,2026-08-01,33.91,73.71,31.61,43.79,49.0,40.5,2.71,61.6,29704,Caution,Yellow,12030.0,1.12,0.07
75,Ward 75,2026-08-01,33.91,73.71,31.61,43.79,49.0,40.4,2.71,61.0,26925,Caution,Yellow,10878.0,1.12,0.06
30,Ward 30,2026-08-01,34.1,73.35,31.72,43.86,50.2,40.1,2.8,55.1,30050,Caution,Yellow,12050.0,1.12,0.07
83,Ward 83,2026-08-01,33.98,73.41,31.66,43.92,49.5,40.1,2.78,57.9,22163,Caution,Yellow,8887.0,1.12,0.05
88,Ward 88,2026-08-01,34.0,73.33,31.66,43.93,49.5,40.1,2.8,58.0,23672,Caution,Yellow,9492.0,1.12,0.06
22,Ward 22,2026-08-01,33.91,75.15,31.68,43.92,49.7,40.0,2.51,56.7,15730,Caution,Yellow,6292.0,1.12,0.04
59,Ward 59,2026-08-01,33.96,74.18,31.63,43.84,49.2,39.9,2.46,57.8,70261,Caution,Yellow,28034.0,1.12,0.17
47,Ward 47,2026-08-01,33.94,75.02,31.69,43.96,49.8,39.6,2.54,54.7,14684,Caution,Yellow,5815.0,1.12,0.04
36,Ward 36,2026-08-01,33.4,76.33,31.36,42.86,46.4,39.5,2.1,66.9,27238,Caution,Yellow,10759.0,1.12,0.06
84,Ward 84,2026-08-01,33.82,74.08,31.57,43.65,48.6,39.5,2.62,58.6,19230,Caution,Yellow,7596.0,1.12,0.05
14,Ward 14,2026-08-01,34.01,73.72,31.67,43.72,49.6,39.4,2.71,54.2,53343,Caution,Yellow,21017.0,1.12,0.13
76,Ward 76,2026-08-01,33.95,73.53,31.64,43.87,49.3,39.4,2.75,55.5,21946,Caution,Yellow,8647.0,1.12,0.05
17,Ward 17,2026-08-01,34.14,73.18,31.74,43.93,50.4,39.3,2.84,51.0,21023,Caution,Yellow,8262.0,1.13,0.05
73,Ward 73,2026-08-01,33.87,73.87,31.6,43.76,48.9,39.2,2.67,55.8,23512,Caution,Yellow,9217.0,1.12,0.06
8,Ward 8,2026-08-01,34.08,73.42,31.71,43.84,50.1,39.0,2.78,50.9,18760,Caution,Yellow,7316.0,1.12,0.05
82,Ward 82,2026-08-01,33.84,73.99,31.58,43.71,48.7,39.0,2.64,55.7,38838,Caution,Yellow,15147.0,1.12,0.09
85,Ward 85,2026-08-01,33.81,74.11,31.57,43.67,48.6,39.0,2.61,56.0,29566,Caution,Yellow,11531.0,1.12,0.07
3,Ward 3,2026-08-01,33.88,74.27,31.61,43.56,49.0,38.9,2.58,54.4,53855,Caution,Yellow,20950.0,1.12,0.13
13,Ward 13,2026-08-01,33.82,74.52,31.58,43.47,48.7,38.9,2.52,55.4,33066,Caution,Yellow,12863.0,1.12,0.08
27,Ward 27,2026-08-01,33.93,74.06,31.63,43.62,49.2,38.9,2.63,53.7,19350,Caution,Yellow,7527.0,1.12,0.05
91,Ward 91,2026-08-01,34.03,73.87,31.66,43.92,49.5,38.9,2.53,52.5,38450,Caution,Yellow,14957.0,1.12,0.09
67,Ward 67,2026-08-01,33.91,74.38,31.61,43.78,49.0,38.7,2.41,53.4,56284,Caution,Yellow,21782.0,1.12,0.14
1,Ward 1,2026-08-01,33.83,74.48,31.59,43.5,48.8,38.6,2.53,53.6,53125,Caution,Yellow,20506.0,1.12,0.13
7,Ward 7,2026-08-01,33.91,74.14,31.62,43.6,49.1,38.6,2.61,52.6,19180,Caution,Yellow,7403.0,1.12,0.05
15,Ward 15,2026-08-01,33.91,74.14,31.62,43.6,49.1,38.6,2.61,52.4,23922,Caution,Yellow,9234.0,1.12,0.06
50,Ward 50,2026-08-01,33.83,74.05,31.58,43.68,48.7,38.4,2.63,53.0,17251,Caution,Yellow,6624.0,1.12,0.04
34,Ward 34,2026-08-01,34.06,73.75,31.67,43.96,49.6,38.2,2.56,49.0,29773,Caution,Yellow,11373.0,1.12,0.07
35,Ward 35,2026-08-01,33.94,74.0,31.64,43.65,49.3,38.2,2.64,49.9,35024,Caution,Yellow,13379.0,1.12,0.08
55,Ward 55,2026-08-01,33.82,74.78,31.56,43.64,48.5,38.2,2.32,52.9,32254,Caution,Yellow,12321.0,1.12,0.08
64,Ward 64,2026-08-01,33.75,75.08,31.52,43.52,48.1,38.2,2.25,54.1,31280,Caution,Yellow,11949.0,1.12,0.07
81,Ward 81,2026-08-01,33.64,74.85,31.48,43.41,47.7,38.1,2.44,55.1,41501,Caution,Yellow,15812.0,1.12,0.1
4,Ward 4,2026-08-01,33.81,74.55,31.57,43.44,48.6,38.0,2.51,51.5,34476,Caution,Yellow,13101.0,1.12,0.08
133,Ward 133,2026-08-01,33.57,75.15,31.45,43.33,47.4,37.8,2.37,55.1,25588,Caution,Yellow,9672.0,1.12,0.06
132,Ward 132,2026-08-01,33.58,75.1,31.45,43.32,47.4,37.6,2.38,53.9,26274,Caution,Yellow,9879.0,1.12,0.06
51,Ward 51,2026-08-01,33.76,74.33,31.55,43.6,48.4,37.5,2.56,50.0,13556,Caution,Yellow,5084.0,1.12,0.03
138,Ward 138,2026-08-01,32.8,79.8,31.27,42.67,45.5,37.5,1.8,60.7,28858,Caution,Yellow,10822.0,1.11,0.06
72,Ward 72,2026-08-01,33.6,75.0,31.46,43.34,47.5,37.4,2.4,52.6,19167,Caution,Yellow,7168.0,1.12,0.04
99,Ward 99,2026-08-01,33.91,73.96,31.58,43.92,48.7,37.4,2.41,48.4,26739,Caution,Yellow,10000.0,1.12,0.06
117,Ward 117,2026-08-01,33.54,75.27,31.43,43.28,47.2,37.2,2.34,53.1,21824,Caution,Yellow,8119.0,1.12,0.05
89,Ward 89,2026-08-01,33.63,74.89,31.47,43.38,47.6,36.9,2.43,50.0,22304,Caution,Yellow,8230.0,1.12,0.05
95,Ward 95,2026-08-01,33.49,75.3,31.54,43.52,48.3,36.9,2.29,47.6,26737,Caution,Yellow,9866.0,1.12,0.06
96,Ward 96,2026-08-01,33.53,75.12,31.55,43.56,48.4,36.9,2.33,47.3,31033,Caution,Yellow,11451.0,1.12,0.07
105,Ward 105,2026-08-01,33.88,74.52,31.59,43.74,48.8,36.9,2.38,45.8,21267,Caution,Yellow,7848.0,1.12,0.05
118,Ward 118,2026-08-01,33.5,75.45,31.41,43.2,47.0,36.9,2.3,52.3,21810,Caution,Yellow,8048.0,1.12,0.05
103,Ward 103,2026-08-01,33.81,74.4,31.53,43.79,48.2,36.8,2.31,47.3,25428,Caution,Yellow,9358.0,1.12,0.06
12,Ward 12,2026-08-01,33.51,75.85,31.42,43.02,47.1,36.7,2.21,51.1,21493,Caution,Yellow,7888.0,1.12,0.05
68,Ward 68,2026-08-01,33.63,75.6,31.46,43.38,47.5,36.7,2.13,49.4,20724,Caution,Yellow,7606.0,1.12,0.05
98,Ward 98,2026-08-01,33.53,75.12,31.55,43.56,48.4,36.7,2.33,46.3,31708,Caution,Yellow,11637.0,1.12,0.08
120,Ward 120,2026-08-01,33.57,75.15,31.45,43.33,47.4,36.7,2.37,49.9,19710,Caution,Yellow,7234.0,1.12,0.05
31,Ward 31,2026-08-01,33.5,75.89,31.42,43.03,47.1,36.5,2.2,50.1,39025,Caution,Yellow,14244.0,1.12,0.09
32,Ward 32,2026-08-01,33.3,76.77,31.32,42.73,46.0,36.5,2.0,54.1,45636,Caution,Yellow,16657.0,1.11,0.1
116,Ward 116,2026-08-01,33.29,76.16,31.43,43.21,47.2,36.5,2.09,49.7,28338,Caution,Yellow,10343.0,1.12,0.07
101,Ward 101,2026-08-01,33.7,74.86,31.48,43.64,47.7,36.4,2.2,47.2,40208,Caution,Yellow,14636.0,1.12,0.09
6,Ward 6,2026-08-01,33.33,76.63,31.33,42.78,46.1,36.3,2.03,52.9,42346,Caution,Yellow,15372.0,1.11,0.1
2,Ward 2,2026-08-01,33.61,75.42,31.48,43.19,47.7,36.2,2.31,46.3,48190,Caution,Yellow,17445.0,1.12,0.11
104,Ward 104,2026-08-01,33.81,74.8,31.55,43.61,48.4,36.2,2.31,43.9,33185,Caution,Yellow,12013.0,1.12,0.08
71,Ward 71,2026-08-01,33.48,75.53,31.4,43.19,46.8,35.9,2.28,48.2,29922,Caution,Yellow,10742.0,1.12,0.07
112,Ward 112,2026-08-01,33.24,76.39,31.41,43.15,47.0,35.9,2.04,47.5,32404,Caution,Yellow,11633.0,1.12,0.07
130,Ward 130,2026-08-01,33.4,75.88,31.36,43.07,46.4,35.9,2.2,49.8,23227,Caution,Yellow,8338.0,1.12,0.05
115,Ward 115,2026-08-01,33.3,76.13,31.44,43.24,47.3,35.8,2.1,46.0,31919,Caution,Yellow,11427.0,1.12,0.07
92,Ward 92,2026-08-01,33.64,75.53,31.46,43.37,47.5,35.7,2.14,44.8,36450,Caution,Yellow,13013.0,1.12,0.08
113,Ward 113,2026-08-01,33.21,76.52,31.39,43.1,46.7,35.7,2.01,47.7,33475,Caution,Yellow,11951.0,1.12,0.08
123,Ward 123,2026-08-01,33.2,76.56,31.39,43.11,46.7,35.7,2.0,47.5,35386,Caution,Yellow,12633.0,1.12,0.08
102,Ward 102,2026-08-01,33.6,75.29,31.43,43.51,47.2,35.6,2.1,45.5,21503,Caution,Yellow,7655.0,1.12,0.05
131,Ward 131,2026-08-01,33.35,76.1,31.34,43.0,46.2,35.6,2.15,48.9,30911,Caution,Yellow,11004.0,1.12,0.07
106,Ward 106,2026-08-01,33.5,76.15,31.4,43.2,46.8,35.4,2.0,46.1,40618,Caution,Yellow,14379.0,1.12,0.09
114,Ward 114,2026-08-01,33.14,76.82,31.36,43.01,46.4,35.4,1.94,47.4,41913,Caution,Yellow,14837.0,1.12,0.1
121,Ward 121,2026-08-01,33.12,76.92,31.35,42.99,46.3,35.4,1.92,47.5,29921,Caution,Yellow,10592.0,1.12,0.07
139,Ward 139,2026-08-01,32.4,81.65,31.07,42.08,43.5,35.4,1.4,58.5,42014,Caution,Yellow,14873.0,1.11,0.09
57,Ward 57,2026-08-01,33.22,77.38,31.26,42.79,45.4,35.3,1.72,50.6,49856,Caution,Yellow,17599.0,1.11,0.11
107,Ward 107,2026-08-01,33.4,76.6,31.34,43.03,46.2,35.3,1.9,47.8,54260,Caution,Yellow,19154.0,1.12,0.12
136,Ward 136,2026-08-01,33.17,76.88,31.25,42.75,45.3,35.3,1.97,51.0,21482,Caution,Yellow,7583.0,1.11,0.05
69,Ward 69,2026-08-01,33.18,76.83,31.25,42.74,45.3,35.2,1.98,50.6,44111,Caution,Yellow,15527.0,1.11,0.1
93,Ward 93,2026-08-01,33.32,76.23,31.32,42.96,46.0,35.2,2.12,47.7,44364,Caution,Yellow,15616.0,1.11,0.1
119,Ward 119,2026-08-01,33.36,76.05,31.34,42.99,46.2,35.2,2.16,46.9,16491,Caution,Yellow,5805.0,1.12,0.04
124,Ward 124,2026-08-01,33.03,77.32,31.3,42.84,45.8,35.1,1.83,47.9,39179,Caution,Yellow,13752.0,1.11,0.09
128,Ward 128,2026-08-01,33.12,76.92,31.35,42.99,46.3,35.1,1.92,46.1,32179,Caution,Yellow,11295.0,1.12,0.07
137,Ward 137,2026-08-01,32.81,78.48,31.06,42.19,43.4,34.9,1.61,56.7,19385,Caution,Yellow,6765.0,1.11,0.04
125,Ward 125,2026-08-01,33.01,77.4,31.29,42.82,45.7,34.7,1.81,46.6,44850,Caution,Yellow,15563.0,1.11,0.1
129,Ward 129,2026-08-01,33.18,76.83,31.25,42.74,45.3,34.7,1.98,47.9,39654,Caution,Yellow,13760.0,1.11,0.09
70,Ward 70,2026-08-01,33.26,76.48,31.29,42.86,45.7,34.6,2.06,46.0,18618,Caution,Yellow,6442.0,1.11,0.04
100,Ward 100,2026-08-01,33.45,75.93,31.35,43.27,46.3,34.5,1.95,43.6,25507,Caution,Yellow,8800.0,1.12,0.06
111,Ward 111,2026-08-01,33.32,76.51,31.29,43.09,45.7,34.5,1.82,45.5,38647,Caution,Yellow,13333.0,1.11,0.09
86,Ward 86,2026-08-01,33.13,77.05,31.23,42.67,45.1,34.4,1.93,47.1,19195,Caution,Yellow,6603.0,1.11,0.04
110,Ward 110,2026-08-01,33.23,76.9,31.24,42.94,45.2,34.0,1.73,44.7,27470,Caution,Yellow,9340.0,1.11,0.06
141,Ward 141,2026-08-01,32.18,82.7,30.96,41.75,42.4,34.0,1.18,55.9,41152,Caution,Yellow,13992.0,1.1,0.08
140,Ward 140,2026-08-01,32.07,83.22,30.9,41.56,41.8,33.7,1.07,56.8,30504,Caution,Yellow,10280.0,1.1,0.06
33,Ward 33,2026-08-01,33.19,77.51,31.24,42.74,45.2,33.5,1.69,42.5,45919,Caution,Yellow,15383.0,1.11,0.1
122,Ward 122,2026-08-01,32.75,78.57,31.17,42.43,44.5,33.3,1.55,43.9,39198,Caution,Yellow,13053.0,1.11,0.08
127,Ward 127,2026-08-01,32.77,78.48,31.17,42.45,44.5,33.3,1.57,44.0,43782,Caution,Yellow,14579.0,1.11,0.09
5,Ward 5,2026-08-01,33.0,78.1,31.17,42.29,44.5,32.9,1.7,42.1,23707,Caution,Yellow,7800.0,1.11,0.05
79,Ward 79,2026-08-01,32.65,79.21,30.99,41.98,42.7,32.9,1.45,49.2,44303,Caution,Yellow,14576.0,1.1,0.09
58,Ward 58,2026-08-01,32.45,80.88,30.87,41.64,41.5,32.5,0.95,51.8,88465,Caution,Yellow,28751.0,1.1,0.18
126,Ward 126,2026-08-01,32.62,79.15,31.1,42.24,43.8,32.2,1.42,41.4,31631,Caution,Yellow,10185.0,1.11,0.07
109,Ward 109,2026-08-01,32.64,79.54,30.95,42.1,42.3,32.1,1.14,46.2,64567,Caution,Yellow,20726.0,1.1,0.13
46,Ward 46,2026-08-01,32.23,81.14,30.78,41.32,40.6,31.2,1.03,48.6,12823,Caution,Yellow,4001.0,1.1,0.03
74,Ward 74,2026-08-01,32.41,80.31,30.87,41.6,41.5,31.2,1.21,45.1,42176,Caution,Yellow,13159.0,1.1,0.08
97,Ward 97,2026-08-01,32.55,79.47,31.07,42.14,43.5,31.2,1.35,37.4,37199,Caution,Yellow,11606.0,1.11,0.08
87,Ward 87,2026-08-01,32.25,81.05,30.8,41.38,40.8,29.5,1.05,38.2,12675,Caution,Yellow,3739.0,1.1,0.02
108,Ward 108,2026-08-01,31.86,83.69,30.58,40.76,38.7,29.0,0.36,44.3,64777,Caution,Yellow,18785.0,1.09,0.12
45,Ward 45,2026-08-01,31.4,86.83,30.43,40.18,37.2,28.7,0.0,49.3,8394,Caution,Yellow,2409.0,1.09,0.01
80,Ward 80,2026-08-01,31.24,85.92,30.3,39.8,36.0,28.1,0.04,51.2,31094,Caution,Yellow,8737.0,1.09,0.05
94,Ward 94,2026-08-01,31.77,83.12,30.68,40.93,39.6,27.9,0.57,34.3,27469,Caution,Yellow,7664.0,1.1,0.05
90,Ward 90,2026-08-01,31.65,83.9,30.49,40.43,37.8,27.0,0.45,36.3,18857,Caution,Yellow,5091.0,1.09,0.03
63,Ward 63,2026-08-01,31.28,85.73,30.32,39.85,36.2,26.6,0.08,41.1,24387,Caution,Yellow,6487.0,1.09,0.04
24,Ward 24,2026-08-02,35.97,72.43,33.79,48.88,73.1,66.7,3.47,80.5,19824,Danger,Orange,13223.0,1.18,0.07
23,Ward 23,2026-08-02,36.0,72.32,33.81,48.92,73.3,65.7,3.5,77.0,18256,Danger,Orange,11994.0,1.19,0.07
39,Ward 39,2026-08-02,35.74,73.38,33.68,48.57,71.8,64.6,3.24,77.7,21296,Danger,Orange,13757.0,1.18,0.08
18,Ward 18,2026-08-02,35.93,72.6,33.78,48.86,72.9,63.4,3.43,71.1,22267,Danger,Orange,14117.0,1.18,0.08
77,Ward 77,2026-08-02,36.2,72.27,33.7,49.01,72.0,63.0,3.4,72.2,45984,Danger,Orange,28970.0,1.18,0.17
49,Ward 49,2026-08-02,35.82,73.4,33.37,47.73,68.2,62.9,3.22,82.7,19416,Danger,Orange,12213.0,1.17,0.07
42,Ward 42,2026-08-02,35.56,74.13,33.59,48.3,70.7,62.7,3.06,74.9,21746,Danger,Orange,13635.0,1.18,0.08
48,Ward 48,2026-08-02,35.82,73.06,33.72,48.66,72.2,62.7,3.32,70.7,20437,Danger,Orange,12814.0,1.18,0.07
43,Ward 43,2026-08-02,35.67,73.68,33.65,48.5,71.4,62.4,3.17,71.9,17677,Danger,Orange,11030.0,1.18,0.06
29,Ward 29,2026-08-02,35.89,73.1,33.4,47.79,68.6,61.9,3.29,78.3,53782,Danger,Orange,33291.0,1.17,0.18
54,Ward 54,2026-08-02,36.19,72.45,33.54,48.81,70.2,61.5,3.39,72.5,36235,Danger,Orange,22285.0,1.18,0.13
62,Ward 62,2026-08-02,36.1,72.69,33.65,48.85,71.4,61.2,3.3,68.4,34832,Danger,Orange,21317.0,1.18,0.12
41,Ward 41,2026-08-02,35.56,74.13,33.59,48.3,70.7,60.7,3.06,68.6,19946,Danger,Orange,12107.0,1.18,0.07
19,Ward 19,2026-08-02,35.81,73.08,33.72,48.69,72.2,60.6,3.31,64.3,21158,Danger,Orange,12822.0,1.18,0.08
28,Ward 28,2026-08-02,35.92,72.97,33.42,47.83,68.8,60.3,3.32,72.7,38110,Danger,Orange,22980.0,1.17,0.13
26,Ward 26,2026-08-02,35.58,74.05,33.61,48.37,71.0,60.1,3.08,65.9,25371,Danger,Orange,15248.0,1.18,0.09
78,Ward 78,2026-08-02,35.98,73.18,33.59,48.69,70.7,60.1,3.18,66.7,54090,Danger,Orange,32508.0,1.18,0.19
25,Ward 25,2026-08-02,35.63,73.84,33.63,48.42,71.2,59.6,3.13,63.8,27484,Danger,Orange,16380.0,1.18,0.1
21,Ward 21,2026-08-02,35.46,74.55,33.55,48.19,70.3,59.5,2.96,65.8,21187,Danger,Orange,12606.0,1.18,0.07
135,Ward 135,2026-08-02,35.48,75.29,33.34,47.99,67.9,59.3,2.68,71.9,33258,Danger,Orange,19722.0,1.17,0.11
37,Ward 37,2026-08-02,35.76,73.65,33.35,47.65,68.0,58.9,3.16,70.2,24020,Danger,Orange,14148.0,1.17,0.08
44,Ward 44,2026-08-02,35.37,74.93,33.5,48.06,69.7,58.8,2.87,65.2,29600,Danger,Orange,17405.0,1.18,0.1
20,Ward 20,2026-08-02,35.56,74.13,33.59,48.3,70.7,58.5,3.06,61.7,21576,Danger,Orange,12622.0,1.18,0.08
52,Ward 52,2026-08-02,35.87,73.63,33.54,48.55,70.2,58.3,3.07,62.4,16869,Danger,Orange,9835.0,1.18,0.06
134,Ward 134,2026-08-02,35.25,76.26,33.23,47.66,66.6,58.3,2.45,72.2,35780,Danger,Orange,20860.0,1.17,0.12
53,Ward 53,2026-08-02,35.89,73.55,33.54,48.56,70.2,57.5,3.09,59.7,25598,Danger,Orange,14719.0,1.18,0.09
60,Ward 60,2026-08-02,35.74,74.34,33.32,48.18,67.6,56.8,2.94,64.6,35732,Danger,Orange,20296.0,1.17,0.12
65,Ward 65,2026-08-02,35.7,74.49,33.3,48.1,67.4,56.5,2.9,64.2,72427,Danger,Orange,40921.0,1.17,0.24
66,Ward 66,2026-08-02,35.65,74.72,33.28,48.05,67.2,56.4,2.85,64.3,98024,Danger,Orange,55286.0,1.17,0.33
61,Ward 61,2026-08-02,35.51,75.15,33.36,48.03,68.1,56.3,2.71,61.6,29704,Danger,Orange,16723.0,1.17,0.1
75,Ward 75,2026-08-02,35.51,75.15,33.36,48.03,68.1,56.1,2.71,61.0,26925,Danger,Orange,15105.0,1.17,0.09
83,Ward 83,2026-08-02,35.58,74.84,33.4,48.15,68.6,55.6,2.78,57.9,22163,Danger,Orange,12323.0,1.17,0.08
88,Ward 88,2026-08-02,35.6,74.76,33.4,48.16,68.6,55.6,2.8,58.0,23672,Danger,Orange,13162.0,1.17,0.08
16,Ward 16,2026-08-02,35.66,74.05,33.29,47.49,67.3,55.4,3.06,60.7,20904,Danger,Orange,11581.0,1.17,0.07
56,Ward 56,2026-08-02,35.75,74.29,33.33,48.21,67.8,55.4,2.95,59.2,43622,Danger,Orange,24167.0,1.17,0.15
84,Ward 84,2026-08-02,35.42,75.54,33.32,47.95,67.6,55.0,2.62,58.6,19230,Danger,Orange,10576.0,1.17,0.06
9,Ward 9,2026-08-02,35.32,75.15,33.48,48.0,69.5,54.9,2.82,53.2,16420,Danger,Orange,9015.0,1.18,0.06
11,Ward 11,2026-08-02,35.66,74.05,33.29,47.49,67.3,54.9,3.06,59.0,22152,Danger,Orange,12161.0,1.17,0.07
22,Ward 22,2026-08-02,35.01,76.47,33.33,47.56,67.8,54.6,2.51,56.7,15730,Danger,Orange,8589.0,1.17,0.05
76,Ward 76,2026-08-02,35.55,75.0,33.38,48.11,68.3,54.6,2.75,55.5,21946,Danger,Orange,11983.0,1.17,0.07
38,Ward 38,2026-08-02,35.52,74.65,33.23,47.31,66.6,54.5,2.92,59.7,28791,Danger,Orange,15691.0,1.17,0.1
73,Ward 73,2026-08-02,35.47,75.32,33.35,48.01,68.0,54.5,2.67,55.8,23512,Danger,Orange,12814.0,1.17,0.08
82,Ward 82,2026-08-02,35.44,75.46,33.33,47.96,67.8,54.3,2.64,55.7,38838,Danger,Orange,21089.0,1.17,0.13
85,Ward 85,2026-08-02,35.41,75.58,33.32,47.92,67.6,54.2,2.61,56.0,29566,Danger,Orange,16025.0,1.17,0.1
47,Ward 47,2026-08-02,35.04,76.35,33.34,47.61,67.9,54.1,2.54,54.7,14684,Danger,Orange,7944.0,1.17,0.05
10,Ward 10,2026-08-02,35.57,74.43,33.25,47.36,66.8,53.8,2.97,56.8,27700,Danger,Orange,14903.0,1.17,0.09
40,Ward 40,2026-08-02,35.43,75.03,33.18,47.18,66.1,53.6,2.83,58.1,20549,Danger,Orange,11014.0,1.17,0.07
50,Ward 50,2026-08-02,35.43,75.49,33.32,47.93,67.6,53.3,2.63,53.0,17251,Danger,Orange,9195.0,1.17,0.06
81,Ward 81,2026-08-02,35.24,76.32,33.23,47.68,66.6,53.1,2.44,55.1,41501,Danger,Orange,22037.0,1.17,0.14
36,Ward 36,2026-08-02,34.7,78.22,32.82,46.14,62.0,52.8,2.1,66.9,27238,Danger,Orange,14382.0,1.16,0.08
133,Ward 133,2026-08-02,35.17,76.63,33.19,47.56,66.2,52.8,2.37,55.1,25588,Danger,Orange,13510.0,1.17,0.08
30,Ward 30,2026-08-02,35.4,75.16,33.17,47.14,65.9,52.6,2.8,55.1,30050,Danger,Orange,15806.0,1.17,0.1
59,Ward 59,2026-08-02,35.26,76.39,33.08,47.48,64.9,52.6,2.46,57.8,70261,Danger,Orange,36957.0,1.16,0.23
132,Ward 132,2026-08-02,35.18,76.57,33.2,47.59,66.3,52.5,2.38,53.9,26274,Danger,Orange,13794.0,1.17,0.09
51,Ward 51,2026-08-02,35.36,75.79,33.29,47.86,67.3,52.2,2.56,50.0,13556,Danger,Orange,7076.0,1.17,0.05
72,Ward 72,2026-08-02,35.2,76.48,33.21,47.6,66.4,52.2,2.4,52.6,19167,Danger,Orange,10005.0,1.17,0.06
117,Ward 117,2026-08-02,35.14,76.74,33.18,47.51,66.1,52.1,2.34,53.1,21824,Danger,Orange,11370.0,1.17,0.07
14,Ward 14,2026-08-02,35.31,75.55,33.12,47.01,65.4,51.9,2.71,54.2,53343,Danger,Orange,27685.0,1.16,0.17
118,Ward 118,2026-08-02,35.1,76.93,33.16,47.49,65.8,51.7,2.3,52.3,21810,Danger,Orange,11276.0,1.17,0.07
17,Ward 17,2026-08-02,35.44,74.99,33.18,47.16,66.1,51.5,2.84,51.0,21023,Danger,Orange,10827.0,1.17,0.07
89,Ward 89,2026-08-02,35.23,76.36,33.22,47.65,66.5,51.5,2.43,50.0,22304,Danger,Orange,11487.0,1.17,0.07
13,Ward 13,2026-08-02,35.12,76.35,33.02,46.72,64.3,51.4,2.52,55.4,33066,Danger,Orange,16996.0,1.16,0.11
91,Ward 91,2026-08-02,35.33,76.08,33.12,47.6,65.4,51.4,2.53,52.5,38450,Danger,Orange,19763.0,1.16,0.13
3,Ward 3,2026-08-02,35.18,76.11,33.05,46.81,64.6,51.3,2.58,54.4,53855,Danger,Orange,27628.0,1.16,0.17
27,Ward 27,2026-08-02,35.23,75.87,33.07,46.86,64.8,51.3,2.63,53.7,19350,Danger,Orange,9927.0,1.16,0.06
120,Ward 120,2026-08-02,35.17,76.63,33.19,47.56,66.2,51.3,2.37,49.9,19710,Danger,Orange,10111.0,1.17,0.07
8,Ward 8,2026-08-02,35.38,75.24,33.15,47.08,65.7,51.2,2.78,50.9,18760,Danger,Orange,9605.0,1.17,0.06
67,Ward 67,2026-08-02,35.21,76.6,33.06,47.43,64.7,51.1,2.41,53.4,56284,Danger,Orange,28761.0,1.16,0.18
1,Ward 1,2026-08-02,35.13,76.32,33.03,46.75,64.4,51.0,2.53,53.6,53125,Danger,Orange,27094.0,1.16,0.17
7,Ward 7,2026-08-02,35.21,75.97,33.07,46.85,64.8,51.0,2.61,52.6,19180,Danger,Orange,9782.0,1.16,0.06
138,Ward 138,2026-08-02,34.3,81.27,32.81,46.74,61.9,51.0,1.8,60.7,28858,Danger,Orange,14718.0,1.16,0.09
15,Ward 15,2026-08-02,35.21,75.97,33.07,46.85,64.8,50.9,2.61,52.4,23922,Danger,Orange,12176.0,1.16,0.08
64,Ward 64,2026-08-02,35.05,77.29,32.98,47.22,63.8,50.6,2.25,54.1,31280,Danger,Orange,15828.0,1.16,0.1
34,Ward 34,2026-08-02,35.36,75.95,33.13,47.65,65.5,50.5,2.56,49.0,29773,Danger,Orange,15035.0,1.17,0.1
55,Ward 55,2026-08-02,35.12,76.99,33.01,47.29,64.1,50.5,2.32,52.9,32254,Danger,Orange,16288.0,1.16,0.1
130,Ward 130,2026-08-02,35.0,77.37,33.11,47.32,65.3,50.5,2.2,49.8,23227,Danger,Orange,11730.0,1.16,0.08
71,Ward 71,2026-08-02,35.08,77.02,33.15,47.42,65.7,50.4,2.28,48.2,29922,Danger,Orange,15081.0,1.17,0.1
4,Ward 4,2026-08-02,35.11,76.41,33.02,46.74,64.3,50.3,2.51,51.5,34476,Danger,Orange,17341.0,1.16,0.11
35,Ward 35,2026-08-02,35.24,75.84,33.08,46.89,64.9,50.3,2.64,49.9,35024,Danger,Orange,17617.0,1.16,0.11
131,Ward 131,2026-08-02,34.95,77.58,33.09,47.26,65.0,50.1,2.15,48.9,30911,Danger,Orange,15486.0,1.16,0.1
137,Ward 137,2026-08-02,34.41,80.02,32.83,46.5,62.1,50.0,1.61,56.7,19385,Danger,Orange,9692.0,1.16,0.06
136,Ward 136,2026-08-02,34.77,78.38,33.0,47.03,64.0,49.9,1.97,51.0,21482,Caution,Yellow,10720.0,1.16,0.07
69,Ward 69,2026-08-02,34.78,78.34,33.0,47.01,64.0,49.8,1.98,50.6,44111,Caution,Yellow,21967.0,1.16,0.14
119,Ward 119,2026-08-02,34.96,77.55,33.1,47.29,65.2,49.6,2.16,46.9,16491,Caution,Yellow,8180.0,1.16,0.05
93,Ward 93,2026-08-02,34.92,77.71,33.07,47.21,64.8,49.5,2.12,47.7,44364,Caution,Yellow,21960.0,1.16,0.14
129,Ward 129,2026-08-02,34.78,78.34,33.0,47.01,64.0,49.0,1.98,47.9,39654,Caution,Yellow,19430.0,1.16,0.13
12,Ward 12,2026-08-02,34.81,77.73,32.87,46.29,62.6,48.8,2.21,51.1,21493,Caution,Yellow,10489.0,1.16,0.07
32,Ward 32,2026-08-02,34.6,78.65,32.77,46.02,61.5,48.8,2.0,54.1,45636,Caution,Yellow,22270.0,1.16,0.14
70,Ward 70,2026-08-02,34.86,77.99,33.04,47.12,64.5,48.8,2.06,46.0,18618,Caution,Yellow,9086.0,1.16,0.06
105,Ward 105,2026-08-02,35.18,76.73,33.04,47.38,64.5,48.8,2.38,45.8,21267,Caution,Yellow,10378.0,1.16,0.07
68,Ward 68,2026-08-02,34.93,77.82,32.92,47.04,63.1,48.7,2.13,49.4,20724,Caution,Yellow,10093.0,1.16,0.07
86,Ward 86,2026-08-02,34.73,78.57,32.98,46.95,63.8,48.6,1.93,47.1,19195,Caution,Yellow,9329.0,1.16,0.06
139,Ward 139,2026-08-02,33.9,83.16,32.61,46.14,59.7,48.6,1.4,58.5,42014,Caution,Yellow,20419.0,1.15,0.12
6,Ward 6,2026-08-02,34.63,78.52,32.78,46.02,61.6,48.5,2.03,52.9,42346,Caution,Yellow,20538.0,1.16,0.13
31,Ward 31,2026-08-02,34.8,77.76,32.86,46.26,62.5,48.5,2.2,50.1,39025,Caution,Yellow,18927.0,1.16,0.12
2,Ward 2,2026-08-02,34.91,77.28,32.92,46.46,63.1,47.9,2.31,46.3,48190,Caution,Yellow,23083.0,1.16,0.15
104,Ward 104,2026-08-02,35.11,77.05,33.01,47.31,64.1,47.9,2.31,43.9,33185,Caution,Yellow,15896.0,1.16,0.11
92,Ward 92,2026-08-02,34.94,77.79,32.93,47.07,63.2,47.5,2.14,44.8,36450,Caution,Yellow,17314.0,1.16,0.11
57,Ward 57,2026-08-02,34.52,79.67,32.72,46.46,60.9,47.4,1.72,50.6,49856,Caution,Yellow,23632.0,1.15,0.15
106,Ward 106,2026-08-02,34.8,78.4,32.86,46.87,62.5,47.3,2.0,46.1,40618,Caution,Yellow,19212.0,1.16,0.13
107,Ward 107,2026-08-02,34.7,78.86,32.8,46.7,61.8,47.3,1.9,47.8,54260,Caution,Yellow,25665.0,1.16,0.17
79,Ward 79,2026-08-02,34.25,80.75,32.75,46.28,61.2,47.2,1.45,49.2,44303,Caution,Yellow,20911.0,1.16,0.14
141,Ward 141,2026-08-02,33.68,84.22,32.51,45.84,58.6,47.0,1.18,55.9,41152,Caution,Yellow,19341.0,1.15,0.12
140,Ward 140,2026-08-02,33.57,84.75,32.45,45.66,58.0,46.7,1.07,56.8,30504,Caution,Yellow,14245.0,1.15,0.09
99,Ward 99,2026-08-02,34.81,76.7,32.62,46.59,59.8,45.9,2.41,48.4,26739,Caution,Yellow,12273.0,1.15,0.08
46,Ward 46,2026-08-02,33.83,82.72,32.54,45.67,58.9,45.3,1.03,48.6,12823,Caution,Yellow,5809.0,1.15,0.04
103,Ward 103,2026-08-02,34.71,77.13,32.56,46.45,59.2,45.2,2.31,47.3,25428,Caution,Yellow,11493.0,1.15,0.07
74,Ward 74,2026-08-02,34.01,81.87,32.63,45.92,59.9,45.1,1.21,45.1,42176,Caution,Yellow,19021.0,1.15,0.13
33,Ward 33,2026-08-02,34.49,79.81,32.7,46.42,60.7,45.0,1.69,42.5,45919,Caution,Yellow,20664.0,1.15,0.14
95,Ward 95,2026-08-02,34.29,77.52,32.52,46.91,58.7,44.9,2.29,47.6,26737,Caution,Yellow,12005.0,1.15,0.08
96,Ward 96,2026-08-02,34.33,77.35,32.54,47.0,58.9,44.9,2.33,47.3,31033,Caution,Yellow,13934.0,1.15,0.09
98,Ward 98,2026-08-02,34.33,77.35,32.54,47.0,58.9,44.7,2.33,46.3,31708,Caution,Yellow,14173.0,1.15,0.09
101,Ward 101,2026-08-02,34.6,77.62,32.51,46.28,58.6,44.7,2.2,47.2,40208,Caution,Yellow,17973.0,1.15,0.12
116,Ward 116,2026-08-02,34.09,78.42,32.43,46.64,57.7,44.6,2.09,49.7,28338,Caution,Yellow,12639.0,1.14,0.08
58,Ward 58,2026-08-02,33.75,83.26,32.34,45.35,56.8,44.5,0.95,51.8,88465,Caution,Yellow,39367.0,1.14,0.25
5,Ward 5,2026-08-02,34.3,80.01,32.61,45.55,59.7,44.1,1.7,42.1,23707,Caution,Yellow,10455.0,1.15,0.07
102,Ward 102,2026-08-02,34.5,78.07,32.46,46.14,58.1,43.9,2.1,45.5,21503,Caution,Yellow,9440.0,1.15,0.06
112,Ward 112,2026-08-02,34.04,78.63,32.4,46.57,57.4,43.8,2.04,47.5,32404,Caution,Yellow,14193.0,1.14,0.09
113,Ward 113,2026-08-02,34.01,78.78,32.39,46.51,57.3,43.8,2.01,47.7,33475,Caution,Yellow,14662.0,1.14,0.1
123,Ward 123,2026-08-02,34.0,78.81,32.38,46.48,57.2,43.7,2.0,47.5,35386,Caution,Yellow,15464.0,1.14,0.1
115,Ward 115,2026-08-02,34.1,78.37,32.42,46.62,57.6,43.6,2.1,46.0,31919,Caution,Yellow,13917.0,1.14,0.09
114,Ward 114,2026-08-02,33.94,79.09,32.35,46.43,56.9,43.4,1.94,47.4,41913,Caution,Yellow,18190.0,1.14,0.12
121,Ward 121,2026-08-02,33.92,79.18,32.34,46.36,56.8,43.4,1.92,47.5,29921,Caution,Yellow,12986.0,1.14,0.08
124,Ward 124,2026-08-02,33.83,79.59,32.3,46.25,56.3,43.1,1.83,47.9,39179,Caution,Yellow,16886.0,1.14,0.11
128,Ward 128,2026-08-02,33.92,79.18,32.34,46.36,56.8,43.0,1.92,46.1,32179,Caution,Yellow,13837.0,1.14,0.09
100,Ward 100,2026-08-02,34.35,78.73,32.38,45.93,57.2,42.7,1.95,43.6,25507,Caution,Yellow,10891.0,1.14,0.07
125,Ward 125,2026-08-02,33.81,79.68,32.29,46.23,56.2,42.7,1.81,46.6,44850,Caution,Yellow,19151.0,1.14,0.13
87,Ward 87,2026-08-02,33.85,82.62,32.55,45.68,59.0,42.6,1.05,38.2,12675,Caution,Yellow,5400.0,1.15,0.04
111,Ward 111,2026-08-02,34.22,79.33,32.32,45.73,56.5,42.6,1.82,45.5,38647,Caution,Yellow,16464.0,1.14,0.11
110,Ward 110,2026-08-02,34.13,79.73,32.27,45.62,56.0,42.1,1.73,44.7,27470,Caution,Yellow,11565.0,1.14,0.08
80,Ward 80,2026-08-02,32.84,87.58,32.06,44.17,53.7,41.9,0.04,51.2,31094,Caution,Yellow,13028.0,1.14,0.08
45,Ward 45,2026-08-02,32.5,88.32,32.1,43.81,54.2,41.8,0.0,49.3,8394,Caution,Yellow,3509.0,1.14,0.02
127,Ward 127,2026-08-02,33.57,80.77,32.17,45.85,54.9,41.1,1.57,44.0,43782,Caution,Yellow,17994.0,1.14,0.12
122,Ward 122,2026-08-02,33.55,80.87,32.16,45.83,54.8,41.0,1.55,43.9,39198,Caution,Yellow,16071.0,1.14,0.11
108,Ward 108,2026-08-02,33.16,86.15,32.05,44.47,53.6,40.2,0.36,44.3,64777,Caution,Yellow,26040.0,1.14,0.17
109,Ward 109,2026-08-02,33.54,82.48,31.99,44.68,53.0,40.2,1.14,46.2,64567,Caution,Yellow,25956.0,1.13,0.17
126,Ward 126,2026-08-02,33.42,81.48,32.1,45.62,54.2,39.9,1.42,41.4,31631,Caution,Yellow,12621.0,1.14,0.08
90,Ward 90,2026-08-02,33.25,85.51,32.25,44.77,55.8,39.8,0.45,36.3,18857,Caution,Yellow,7505.0,1.14,0.05
63,Ward 63,2026-08-02,32.88,87.38,32.07,44.21,53.9,39.6,0.08,41.1,24387,Caution,Yellow,9657.0,1.14,0.07
97,Ward 97,2026-08-02,33.35,81.8,32.06,45.53,53.7,38.6,1.35,37.4,37199,Caution,Yellow,14359.0,1.14,0.1
94,Ward 94,2026-08-02,32.57,85.55,31.68,44.31,49.7,35.0,0.57,34.3,27469,Caution,Yellow,9614.0,1.12,0.07
24,Ward 24,2026-08-03,36.47,72.15,34.43,50.19,80.6,73.5,3.47,80.5,19824,Danger,Orange,14571.0,1.2,0.08
49,Ward 49,2026-08-03,36.22,72.72,34.29,49.65,78.9,72.8,3.22,82.7,19416,Danger,Orange,14135.0,1.2,0.08
23,Ward 23,2026-08-03,36.5,72.02,34.45,50.24,80.8,72.4,3.5,77.0,18256,Danger,Orange,13217.0,1.2,0.07
29,Ward 29,2026-08-03,36.29,72.43,34.33,49.77,79.4,71.6,3.29,78.3,53782,Danger,Orange,38508.0,1.2,0.21
39,Ward 39,2026-08-03,36.24,73.1,34.32,49.89,79.3,71.3,3.24,77.7,21296,Danger,Orange,15184.0,1.2,0.08
18,Ward 18,2026-08-03,36.43,72.32,34.42,50.18,80.5,70.0,3.43,71.1,22267,Danger,Orange,15587.0,1.2,0.09
28,Ward 28,2026-08-03,36.32,72.31,34.34,49.81,79.5,69.7,3.32,72.7,38110,Danger,Orange,26563.0,1.2,0.15
42,Ward 42,2026-08-03,36.06,73.84,34.25,49.63,78.5,69.6,3.06,74.9,21746,Danger,Orange,15135.0,1.2,0.09
48,Ward 48,2026-08-03,36.32,72.75,34.37,49.99,79.9,69.4,3.32,70.7,20437,Danger,Orange,14183.0,1.2,0.08
77,Ward 77,2026-08-03,36.5,72.16,34.31,50.24,79.2,69.3,3.4,72.2,45984,Danger,Orange,31867.0,1.2,0.18
43,Ward 43,2026-08-03,36.17,73.39,34.3,49.77,79.1,69.1,3.17,71.9,17677,Danger,Orange,12215.0,1.2,0.07
37,Ward 37,2026-08-03,36.16,72.97,34.26,49.56,78.6,68.1,3.16,70.2,24020,Danger,Orange,16358.0,1.2,0.09
41,Ward 41,2026-08-03,36.06,73.84,34.25,49.63,78.5,67.4,3.06,68.6,19946,Danger,Orange,13444.0,1.2,0.08
62,Ward 62,2026-08-03,36.4,72.56,34.26,50.14,78.6,67.4,3.3,68.4,34832,Danger,Orange,23477.0,1.2,0.14
19,Ward 19,2026-08-03,36.31,72.82,34.36,50.01,79.8,67.0,3.31,64.3,21158,Danger,Orange,14176.0,1.2,0.08
26,Ward 26,2026-08-03,36.08,73.76,34.25,49.64,78.5,66.5,3.08,65.9,25371,Danger,Orange,16872.0,1.2,0.1
54,Ward 54,2026-08-03,36.39,72.16,34.03,49.87,75.9,66.5,3.39,72.5,36235,Danger,Orange,24096.0,1.19,0.14
78,Ward 78,2026-08-03,36.28,73.06,34.2,49.97,77.9,66.2,3.18,66.7,54090,Danger,Orange,35808.0,1.2,0.21
25,Ward 25,2026-08-03,36.13,73.55,34.27,49.75,78.7,65.9,3.13,63.8,27484,Danger,Orange,18112.0,1.2,0.11
21,Ward 21,2026-08-03,35.96,74.27,34.19,49.53,77.7,65.7,2.96,65.8,21187,Danger,Orange,13920.0,1.2,0.08
135,Ward 135,2026-08-03,35.78,75.16,33.95,49.26,74.9,65.4,2.68,71.9,33258,Danger,Orange,21751.0,1.19,0.12
44,Ward 44,2026-08-03,35.87,74.64,34.14,49.4,77.2,65.1,2.87,65.2,29600,Danger,Orange,19270.0,1.2,0.11
20,Ward 20,2026-08-03,36.06,73.84,34.25,49.63,78.5,65.0,3.06,61.7,21576,Danger,Orange,14024.0,1.2,0.08
134,Ward 134,2026-08-03,35.55,76.13,33.84,48.94,73.6,64.4,2.45,72.2,35780,Danger,Orange,23042.0,1.19,0.13
16,Ward 16,2026-08-03,36.06,73.38,34.22,49.46,78.1,64.3,3.06,60.7,20904,Danger,Orange,13441.0,1.2,0.08
52,Ward 52,2026-08-03,36.17,73.52,34.15,49.77,77.3,64.2,3.07,62.4,16869,Danger,Orange,10830.0,1.2,0.07
11,Ward 11,2026-08-03,36.06,73.38,34.22,49.46,78.1,63.7,3.06,59.0,22152,Danger,Orange,14111.0,1.2,0.09
53,Ward 53,2026-08-03,36.19,73.44,34.15,49.84,77.3,63.3,3.09,59.7,25598,Danger,Orange,16204.0,1.2,0.1
38,Ward 38,2026-08-03,35.92,73.96,34.14,49.22,77.2,63.2,2.92,59.7,28791,Danger,Orange,18196.0,1.2,0.11
10,Ward 10,2026-08-03,35.97,73.76,34.17,49.33,77.5,62.4,2.97,56.8,27700,Danger,Orange,17285.0,1.2,0.11
40,Ward 40,2026-08-03,35.83,74.33,34.1,49.09,76.7,62.2,2.83,58.1,20549,Danger,Orange,12781.0,1.19,0.08
61,Ward 61,2026-08-03,35.81,75.02,33.97,49.31,75.2,62.2,2.71,61.6,29704,Danger,Orange,18476.0,1.19,0.11
75,Ward 75,2026-08-03,35.81,75.02,33.97,49.31,75.2,62.0,2.71,61.0,26925,Danger,Orange,16694.0,1.19,0.1
36,Ward 36,2026-08-03,35.1,77.47,33.74,48.08,72.5,61.7,2.1,66.9,27238,Danger,Orange,16806.0,1.18,0.1
60,Ward 60,2026-08-03,35.94,74.02,33.8,49.29,73.2,61.5,2.94,64.6,35732,Danger,Orange,21975.0,1.18,0.13
65,Ward 65,2026-08-03,35.9,74.19,33.79,49.21,73.1,61.3,2.9,64.2,72427,Danger,Orange,44398.0,1.18,0.26
88,Ward 88,2026-08-03,35.9,74.65,34.01,49.44,75.6,61.3,2.8,58.0,23672,Danger,Orange,14511.0,1.19,0.09
83,Ward 83,2026-08-03,35.88,74.73,34.0,49.37,75.5,61.2,2.78,57.9,22163,Danger,Orange,13564.0,1.19,0.08
30,Ward 30,2026-08-03,35.8,74.46,34.08,49.05,76.4,61.0,2.8,55.1,30050,Danger,Orange,18330.0,1.19,0.11
66,Ward 66,2026-08-03,35.85,74.4,33.76,49.16,72.7,61.0,2.85,64.3,98024,Danger,Orange,59795.0,1.18,0.36
9,Ward 9,2026-08-03,35.82,74.84,34.12,49.28,76.9,60.7,2.82,53.2,16420,Danger,Orange,9967.0,1.2,0.06
84,Ward 84,2026-08-03,35.72,75.4,33.92,49.17,74.6,60.7,2.62,58.6,19230,Danger,Orange,11673.0,1.19,0.07
22,Ward 22,2026-08-03,35.51,76.18,33.97,48.86,75.2,60.5,2.51,56.7,15730,Danger,Orange,9517.0,1.19,0.06
14,Ward 14,2026-08-03,35.71,74.83,34.05,48.97,76.1,60.4,2.71,54.2,53343,Danger,Orange,32219.0,1.19,0.2
76,Ward 76,2026-08-03,35.85,74.85,33.98,49.33,75.3,60.2,2.75,55.5,21946,Danger,Orange,13211.0,1.19,0.08
47,Ward 47,2026-08-03,35.54,76.04,33.99,48.9,75.4,60.0,2.54,54.7,14684,Danger,Orange,8810.0,1.19,0.06
13,Ward 13,2026-08-03,35.52,75.64,33.95,48.67,74.9,59.9,2.52,55.4,33066,Danger,Orange,19807.0,1.19,0.12
17,Ward 17,2026-08-03,35.84,74.29,34.11,49.12,76.8,59.9,2.84,51.0,21023,Danger,Orange,12593.0,1.2,0.08
73,Ward 73,2026-08-03,35.77,75.2,33.94,49.23,74.8,59.9,2.67,55.8,23512,Danger,Orange,14084.0,1.19,0.09
3,Ward 3,2026-08-03,35.58,75.39,33.98,48.76,75.3,59.8,2.58,54.4,53855,Danger,Orange,32205.0,1.19,0.2
27,Ward 27,2026-08-03,35.63,75.18,34.0,48.81,75.5,59.8,2.63,53.7,19350,Danger,Orange,11571.0,1.19,0.07
56,Ward 56,2026-08-03,35.95,73.96,33.81,49.26,73.3,59.8,2.95,59.2,43622,Danger,Orange,26086.0,1.19,0.16
82,Ward 82,2026-08-03,35.74,75.31,33.93,49.18,74.7,59.8,2.64,55.7,38838,Danger,Orange,23225.0,1.19,0.14
85,Ward 85,2026-08-03,35.71,75.45,33.91,49.14,74.5,59.7,2.61,56.0,29566,Danger,Orange,17651.0,1.19,0.11
8,Ward 8,2026-08-03,35.78,74.53,34.08,49.04,76.4,59.5,2.78,50.9,18760,Danger,Orange,11162.0,1.19,0.07
1,Ward 1,2026-08-03,35.53,75.61,33.96,48.7,75.0,59.3,2.53,53.6,53125,Danger,Orange,31503.0,1.19,0.2
7,Ward 7,2026-08-03,35.61,75.26,33.99,48.8,75.4,59.3,2.61,52.6,19180,Danger,Orange,11374.0,1.19,0.07
15,Ward 15,2026-08-03,35.61,75.26,33.99,48.8,75.4,59.2,2.61,52.4,23922,Danger,Orange,14162.0,1.19,0.09
50,Ward 50,2026-08-03,35.73,75.37,33.93,49.21,74.7,58.9,2.63,53.0,17251,Danger,Orange,10161.0,1.19,0.06
4,Ward 4,2026-08-03,35.51,75.71,33.95,48.69,74.9,58.6,2.51,51.5,34476,Danger,Orange,20203.0,1.19,0.13
35,Ward 35,2026-08-03,35.64,75.13,34.01,48.85,75.6,58.6,2.64,49.9,35024,Danger,Orange,20524.0,1.19,0.13
81,Ward 81,2026-08-03,35.54,76.19,33.83,48.9,73.5,58.6,2.44,55.1,41501,Danger,Orange,24320.0,1.19,0.15
133,Ward 133,2026-08-03,35.47,76.49,33.81,48.83,73.3,58.5,2.37,55.1,25588,Danger,Orange,14969.0,1.19,0.09
138,Ward 138,2026-08-03,34.7,81.77,33.61,48.37,71.0,58.4,1.8,60.7,28858,Danger,Orange,16853.0,1.18,0.1
132,Ward 132,2026-08-03,35.48,76.44,33.8,48.81,73.2,58.0,2.38,53.9,26274,Danger,Orange,15239.0,1.18,0.1
72,Ward 72,2026-08-03,35.5,76.35,33.82,48.88,73.4,57.7,2.4,52.6,19167,Danger,Orange,11059.0,1.19,0.07
117,Ward 117,2026-08-03,35.44,76.62,33.79,48.79,73.1,57.7,2.34,53.1,21824,Danger,Orange,12592.0,1.18,0.08
51,Ward 51,2026-08-03,35.66,75.67,33.89,49.08,74.2,57.5,2.56,50.0,13556,Danger,Orange,7795.0,1.19,0.05
12,Ward 12,2026-08-03,35.21,76.99,33.8,48.23,73.2,57.1,2.21,51.1,21493,Danger,Orange,12273.0,1.18,0.08
32,Ward 32,2026-08-03,35.0,77.91,33.7,47.95,72.0,57.1,2.0,54.1,45636,Danger,Orange,26058.0,1.18,0.16
59,Ward 59,2026-08-03,35.46,76.05,33.57,48.58,70.5,57.1,2.46,57.8,70261,Danger,Orange,40119.0,1.18,0.25
118,Ward 118,2026-08-03,35.4,76.79,33.76,48.71,72.7,57.1,2.3,52.3,21810,Danger,Orange,12454.0,1.18,0.08
89,Ward 89,2026-08-03,35.53,76.23,33.84,48.92,73.6,57.0,2.43,50.0,22304,Danger,Orange,12713.0,1.19,0.08
6,Ward 6,2026-08-03,35.03,77.79,33.72,48.0,72.2,56.9,2.03,52.9,42346,Danger,Orange,24095.0,1.18,0.15
31,Ward 31,2026-08-03,35.2,77.04,33.8,48.25,73.2,56.8,2.2,50.1,39025,Danger,Orange,22166.0,1.18,0.14
120,Ward 120,2026-08-03,35.47,76.49,33.81,48.83,73.3,56.8,2.37,49.9,19710,Danger,Orange,11195.0,1.19,0.07
2,Ward 2,2026-08-03,35.31,76.56,33.85,48.4,73.8,56.0,2.31,46.3,48190,Danger,Orange,26986.0,1.19,0.18
139,Ward 139,2026-08-03,34.3,83.66,33.42,47.77,68.8,56.0,1.4,58.5,42014,Danger,Orange,23528.0,1.17,0.14
130,Ward 130,2026-08-03,35.3,77.23,33.72,48.59,72.2,55.9,2.2,49.8,23227,Danger,Orange,12984.0,1.18,0.08
71,Ward 71,2026-08-03,35.38,76.88,33.76,48.69,72.7,55.8,2.28,48.2,29922,Danger,Orange,16696.0,1.18,0.11
91,Ward 91,2026-08-03,35.53,75.76,33.61,48.7,71.0,55.8,2.53,52.5,38450,Danger,Orange,21455.0,1.18,0.14
67,Ward 67,2026-08-03,35.41,76.27,33.55,48.52,70.3,55.6,2.41,53.4,56284,Danger,Orange,31294.0,1.18,0.2
137,Ward 137,2026-08-03,34.71,79.86,33.43,47.72,68.9,55.5,1.61,56.7,19385,Danger,Orange,10759.0,1.17,0.07
131,Ward 131,2026-08-03,35.25,77.44,33.7,48.53,72.0,55.4,2.15,48.9,30911,Danger,Orange,17125.0,1.18,0.11
69,Ward 69,2026-08-03,35.08,78.2,33.62,48.28,71.1,55.3,1.98,50.6,44111,Danger,Orange,24393.0,1.18,0.16
136,Ward 136,2026-08-03,35.07,78.24,33.61,48.24,71.0,55.3,1.97,51.0,21482,Danger,Orange,11880.0,1.18,0.08
64,Ward 64,2026-08-03,35.25,76.96,33.47,48.31,69.4,55.1,2.25,54.1,31280,Danger,Orange,17235.0,1.18,0.11
55,Ward 55,2026-08-03,35.32,76.66,33.51,48.38,69.8,55.0,2.32,52.9,32254,Danger,Orange,17740.0,1.18,0.11
93,Ward 93,2026-08-03,35.22,77.6,33.68,48.48,71.8,54.9,2.12,47.7,44364,Danger,Orange,24356.0,1.18,0.16
34,Ward 34,2026-08-03,35.56,75.63,33.62,48.75,71.1,54.8,2.56,49.0,29773,Danger,Orange,16316.0,1.18,0.11
119,Ward 119,2026-08-03,35.26,77.4,33.7,48.51,72.0,54.8,2.16,46.9,16491,Danger,Orange,9037.0,1.18,0.06
129,Ward 129,2026-08-03,35.08,78.2,33.62,48.28,71.1,54.4,1.98,47.9,39654,Danger,Orange,21572.0,1.18,0.14
96,Ward 96,2026-08-03,35.53,77.23,33.63,48.92,71.2,54.3,2.33,47.3,31033,Danger,Orange,16851.0,1.18,0.11
95,Ward 95,2026-08-03,35.49,77.4,33.6,48.84,70.9,54.2,2.29,47.6,26737,Danger,Orange,14491.0,1.18,0.09
141,Ward 141,2026-08-03,34.08,84.71,33.31,47.41,67.5,54.1,1.18,55.9,41152,Danger,Orange,22263.0,1.17,0.14
70,Ward 70,2026-08-03,35.16,77.85,33.65,48.39,71.4,54.0,2.06,46.0,18618,Danger,Orange,10054.0,1.18,0.07
98,Ward 98,2026-08-03,35.53,77.23,33.63,48.92,71.2,54.0,2.33,46.3,31708,Danger,Orange,17122.0,1.18,0.11
140,Ward 140,2026-08-03,33.97,85.25,33.26,47.28,67.0,54.0,1.07,56.8,30504,Danger,Orange,16472.0,1.17,0.1
116,Ward 116,2026-08-03,35.29,78.29,33.5,48.55,69.7,53.9,2.09,49.7,28338,Danger,Orange,15274.0,1.18,0.1
86,Ward 86,2026-08-03,35.03,78.42,33.58,48.22,70.6,53.8,1.93,47.1,19195,Danger,Orange,10327.0,1.18,0.07
68,Ward 68,2026-08-03,35.13,77.5,33.42,48.12,68.8,53.1,2.13,49.4,20724,Danger,Orange,11004.0,1.17,0.07
112,Ward 112,2026-08-03,35.24,78.51,33.48,48.49,69.5,53.1,2.04,47.5,32404,Danger,Orange,17207.0,1.18,0.11
105,Ward 105,2026-08-03,35.38,76.4,33.53,48.47,70.0,52.9,2.38,45.8,21267,Danger,Orange,11250.0,1.18,0.07
113,Ward 113,2026-08-03,35.21,78.64,33.46,48.45,69.2,52.9,2.01,47.7,33475,Danger,Orange,17708.0,1.18,0.12
123,Ward 123,2026-08-03,35.2,78.68,33.46,48.41,69.2,52.9,2.0,47.5,35386,Danger,Orange,18719.0,1.18,0.12
115,Ward 115,2026-08-03,35.3,78.24,33.51,48.59,69.8,52.8,2.1,46.0,31919,Danger,Orange,16853.0,1.18,0.11
114,Ward 114,2026-08-03,35.14,78.95,33.44,48.37,69.0,52.7,1.94,47.4,41913,Danger,Orange,22088.0,1.18,0.14
79,Ward 79,2026-08-03,34.55,80.59,33.35,47.49,68.0,52.5,1.45,49.2,44303,Danger,Orange,23259.0,1.17,0.15
99,Ward 99,2026-08-03,35.51,76.71,33.39,49.31,68.4,52.5,2.41,48.4,26739,Danger,Orange,14038.0,1.17,0.09
121,Ward 121,2026-08-03,35.12,79.05,33.42,48.31,68.8,52.5,1.92,47.5,29921,Danger,Orange,15709.0,1.17,0.1
124,Ward 124,2026-08-03,35.03,79.46,33.38,48.22,68.3,52.3,1.83,47.9,39179,Danger,Orange,20491.0,1.17,0.13
104,Ward 104,2026-08-03,35.31,76.71,33.5,48.4,69.7,52.1,2.31,43.9,33185,Danger,Orange,17289.0,1.18,0.12
128,Ward 128,2026-08-03,35.12,79.05,33.42,48.31,68.8,52.1,1.92,46.1,32179,Danger,Orange,16765.0,1.17,0.11
5,Ward 5,2026-08-03,34.7,79.26,33.55,47.52,70.3,52.0,1.7,42.1,23707,Danger,Orange,12328.0,1.18,0.08
103,Ward 103,2026-08-03,35.41,77.13,33.34,49.13,67.9,51.8,2.31,47.3,25428,Danger,Orange,13172.0,1.17,0.09
125,Ward 125,2026-08-03,35.01,79.55,33.36,48.15,68.1,51.7,1.81,46.6,44850,Danger,Orange,23187.0,1.17,0.15
57,Ward 57,2026-08-03,34.72,79.32,33.21,47.54,66.4,51.6,1.72,50.6,49856,Danger,Orange,25726.0,1.17,0.17
92,Ward 92,2026-08-03,35.14,77.43,33.41,48.16,68.7,51.6,2.14,44.8,36450,Danger,Orange,18808.0,1.17,0.12
107,Ward 107,2026-08-03,34.9,78.5,33.3,47.78,67.4,51.6,1.9,47.8,54260,Danger,Orange,27998.0,1.17,0.18
106,Ward 106,2026-08-03,35.0,78.07,33.34,47.95,67.9,51.4,2.0,46.1,40618,Danger,Orange,20878.0,1.17,0.14
101,Ward 101,2026-08-03,35.3,77.62,33.28,48.98,67.2,51.2,2.2,47.2,40208,Danger,Orange,20586.0,1.17,0.13
46,Ward 46,2026-08-03,34.13,82.57,33.15,46.87,65.7,50.5,1.03,48.6,12823,Danger,Orange,6476.0,1.17,0.04
102,Ward 102,2026-08-03,35.2,78.07,33.24,48.85,66.7,50.3,2.1,45.5,21503,Danger,Orange,10816.0,1.17,0.07
74,Ward 74,2026-08-03,34.31,81.71,33.23,47.13,66.6,50.1,1.21,45.1,42176,Danger,Orange,21130.0,1.17,0.14
127,Ward 127,2026-08-03,34.77,80.63,33.25,47.81,66.8,50.0,1.57,44.0,43782,Danger,Orange,21891.0,1.17,0.15
122,Ward 122,2026-08-03,34.75,80.73,33.24,47.8,66.7,49.9,1.55,43.9,39198,Caution,Yellow,19560.0,1.17,0.13
100,Ward 100,2026-08-03,35.05,78.73,33.17,48.67,65.9,49.2,1.95,43.6,25507,Caution,Yellow,12549.0,1.17,0.08
111,Ward 111,2026-08-03,34.92,79.31,33.1,48.44,65.2,49.2,1.82,45.5,38647,Caution,Yellow,19014.0,1.16,0.13
33,Ward 33,2026-08-03,34.69,79.45,33.2,47.49,66.3,49.1,1.69,42.5,45919,Caution,Yellow,22546.0,1.17,0.15
58,Ward 58,2026-08-03,33.95,82.89,32.84,46.41,62.2,48.7,0.95,51.8,88465,Caution,Yellow,43082.0,1.16,0.27
126,Ward 126,2026-08-03,34.62,81.35,33.18,47.62,66.1,48.7,1.42,41.4,31631,Caution,Yellow,15404.0,1.17,0.1
110,Ward 110,2026-08-03,34.83,79.72,33.06,48.34,64.7,48.6,1.73,44.7,27470,Caution,Yellow,13350.0,1.16,0.09
87,Ward 87,2026-08-03,34.15,82.47,33.16,46.89,65.8,47.5,1.05,38.2,12675,Caution,Yellow,6021.0,1.17,0.04
45,Ward 45,2026-08-03,33.0,87.94,32.76,45.16,61.4,47.4,0.0,49.3,8394,Caution,Yellow,3979.0,1.16,0.03
80,Ward 80,2026-08-03,33.14,87.4,32.67,45.41,60.4,47.1,0.04,51.2,31094,Caution,Yellow,14645.0,1.15,0.09
97,Ward 97,2026-08-03,34.55,81.66,33.14,47.49,65.6,47.1,1.35,37.4,37199,Caution,Yellow,17521.0,1.17,0.12
109,Ward 109,2026-08-03,34.24,82.46,32.77,47.46,61.5,46.6,1.14,46.2,64567,Caution,Yellow,30088.0,1.16,0.2
90,Ward 90,2026-08-03,33.55,85.36,32.87,46.02,62.6,44.7,0.45,36.3,18857,Caution,Yellow,8429.0,1.16,0.06
63,Ward 63,2026-08-03,33.18,87.19,32.7,45.46,60.7,44.6,0.08,41.1,24387,Caution,Yellow,10877.0,1.15,0.07
108,Ward 108,2026-08-03,33.36,85.75,32.55,45.51,59.0,44.2,0.36,44.3,64777,Caution,Yellow,28631.0,1.15,0.19
94,Ward 94,2026-08-03,33.77,85.4,32.76,46.34,61.4,43.2,0.57,34.3,27469,Caution,Yellow,11867.0,1.16,0.08
24,Ward 24,2026-08-04,35.97,71.6,33.6,48.94,70.9,64.7,3.47,80.5,19824,Danger,Orange,12826.0,1.18,0.07
23,Ward 23,2026-08-04,36.0,71.49,33.62,48.98,71.1,63.7,3.5,77.0,18256,Danger,Orange,11629.0,1.18,0.06
39,Ward 39,2026-08-04,35.74,72.54,33.49,48.62,69.6,62.6,3.24,77.7,21296,Danger,Orange,13331.0,1.18,0.07
49,Ward 49,2026-08-04,35.72,72.45,33.26,48.23,67.0,61.8,3.22,82.7,19416,Danger,Orange,11999.0,1.17,0.06
18,Ward 18,2026-08-04,35.93,71.77,33.58,48.92,70.6,61.4,3.43,71.1,22267,Danger,Orange,13672.0,1.18,0.08
42,Ward 42,2026-08-04,35.56,73.29,33.4,48.41,68.6,60.9,3.06,74.9,21746,Danger,Orange,13243.0,1.17,0.07
48,Ward 48,2026-08-04,35.82,72.22,33.53,48.78,70.0,60.8,3.32,70.7,20437,Danger,Orange,12426.0,1.18,0.07
77,Ward 77,2026-08-04,36.0,71.67,33.48,48.65,69.5,60.8,3.4,72.2,45984,Danger,Orange,27958.0,1.18,0.16
29,Ward 29,2026-08-04,35.79,72.17,33.29,48.29,67.3,60.7,3.29,78.3,53782,Danger,Orange,32646.0,1.17,0.18
43,Ward 43,2026-08-04,35.67,72.82,33.45,48.56,69.1,60.4,3.17,71.9,17677,Danger,Orange,10677.0,1.18,0.06
54,Ward 54,2026-08-04,35.99,71.92,33.38,48.72,68.3,59.8,3.39,72.5,36235,Danger,Orange,21669.0,1.17,0.12
28,Ward 28,2026-08-04,35.82,72.05,33.3,48.33,67.4,59.1,3.32,72.7,38110,Danger,Orange,22523.0,1.17,0.13
62,Ward 62,2026-08-04,35.9,72.08,33.43,48.55,68.9,59.1,3.3,68.4,34832,Danger,Orange,20586.0,1.17,0.12
41,Ward 41,2026-08-04,35.56,73.29,33.4,48.41,68.6,58.9,3.06,68.6,19946,Danger,Orange,11748.0,1.17,0.07
19,Ward 19,2026-08-04,35.81,72.26,33.52,48.75,69.9,58.7,3.31,64.3,21158,Danger,Orange,12420.0,1.18,0.07
26,Ward 26,2026-08-04,35.58,73.2,33.41,48.42,68.7,58.2,3.08,65.9,25371,Danger,Orange,14766.0,1.17,0.09
78,Ward 78,2026-08-04,35.78,72.57,33.37,48.37,68.2,58.0,3.18,66.7,54090,Danger,Orange,31372.0,1.17,0.18
25,Ward 25,2026-08-04,35.63,72.99,33.43,48.48,68.9,57.7,3.13,63.8,27484,Danger,Orange,15858.0,1.17,0.09
37,Ward 37,2026-08-04,35.66,72.69,33.23,48.14,66.6,57.7,3.16,70.2,24020,Danger,Orange,13860.0,1.17,0.08
21,Ward 21,2026-08-04,35.46,73.7,33.35,48.24,68.0,57.5,2.96,65.8,21187,Danger,Orange,12183.0,1.17,0.07
135,Ward 135,2026-08-04,35.28,74.65,33.12,47.63,65.4,57.1,2.68,71.9,33258,Danger,Orange,18990.0,1.16,0.11
20,Ward 20,2026-08-04,35.56,73.29,33.4,48.41,68.6,56.8,3.06,61.7,21576,Danger,Orange,12255.0,1.17,0.07
44,Ward 44,2026-08-04,35.37,74.07,33.3,48.1,67.4,56.8,2.87,65.2,29600,Danger,Orange,16813.0,1.17,0.1
52,Ward 52,2026-08-04,35.67,73.04,33.31,48.23,67.5,56.1,3.07,62.4,16869,Danger,Orange,9464.0,1.17,0.06
134,Ward 134,2026-08-04,35.05,75.62,33.0,47.35,64.0,56.0,2.45,72.2,35780,Danger,Orange,20037.0,1.16,0.11
53,Ward 53,2026-08-04,35.69,72.95,33.32,48.24,67.6,55.3,3.09,59.7,25598,Danger,Orange,14156.0,1.17,0.09
60,Ward 60,2026-08-04,35.54,73.76,33.15,48.07,65.7,55.2,2.94,64.6,35732,Danger,Orange,19724.0,1.17,0.12
65,Ward 65,2026-08-04,35.5,73.92,33.14,48.05,65.6,55.0,2.9,64.2,72427,Danger,Orange,39835.0,1.17,0.24
66,Ward 66,2026-08-04,35.45,74.13,33.12,48.0,65.4,54.9,2.85,64.3,98024,Danger,Orange,53815.0,1.16,0.32
16,Ward 16,2026-08-04,35.56,73.12,33.18,47.97,66.1,54.4,3.06,60.7,20904,Danger,Orange,11372.0,1.17,0.07
61,Ward 61,2026-08-04,35.31,74.52,33.13,47.68,65.5,54.2,2.71,61.6,29704,Danger,Orange,16100.0,1.17,0.1
75,Ward 75,2026-08-04,35.31,74.52,33.13,47.68,65.5,54.0,2.71,61.0,26925,Danger,Orange,14540.0,1.17,0.09
11,Ward 11,2026-08-04,35.56,73.12,33.18,47.97,66.1,53.9,3.06,59.0,22152,Danger,Orange,11940.0,1.17,0.07
56,Ward 56,2026-08-04,35.55,73.7,33.16,48.11,65.8,53.7,2.95,59.2,43622,Danger,Orange,23425.0,1.17,0.14
88,Ward 88,2026-08-04,35.4,74.15,33.18,47.82,66.1,53.6,2.8,58.0,23672,Danger,Orange,12688.0,1.17,0.08
38,Ward 38,2026-08-04,35.42,73.69,33.11,47.78,65.3,53.5,2.92,59.7,28791,Danger,Orange,15403.0,1.16,0.09
83,Ward 83,2026-08-04,35.38,74.22,33.17,47.81,65.9,53.4,2.78,57.9,22163,Danger,Orange,11835.0,1.17,0.07
9,Ward 9,2026-08-04,35.32,74.27,33.28,48.05,67.2,53.0,2.82,53.2,16420,Danger,Orange,8703.0,1.17,0.06
84,Ward 84,2026-08-04,35.22,74.91,33.09,47.54,65.0,52.9,2.62,58.6,19230,Danger,Orange,10173.0,1.16,0.06
10,Ward 10,2026-08-04,35.47,73.48,33.13,47.84,65.5,52.8,2.97,56.8,27700,Danger,Orange,14626.0,1.17,0.09
22,Ward 22,2026-08-04,35.01,75.59,33.13,47.6,65.5,52.7,2.51,56.7,15730,Danger,Orange,8290.0,1.17,0.05
76,Ward 76,2026-08-04,35.35,74.35,33.16,47.76,65.8,52.6,2.75,55.5,21946,Danger,Orange,11544.0,1.17,0.07
40,Ward 40,2026-08-04,35.33,74.06,33.06,47.65,64.7,52.5,2.83,58.1,20549,Danger,Orange,10788.0,1.16,0.07
73,Ward 73,2026-08-04,35.27,74.7,33.12,47.65,65.4,52.4,2.67,55.8,23512,Danger,Orange,12320.0,1.16,0.08
47,Ward 47,2026-08-04,35.04,75.45,33.14,47.65,65.6,52.2,2.54,54.7,14684,Danger,Orange,7665.0,1.17,0.05
82,Ward 82,2026-08-04,35.24,74.82,33.1,47.61,65.2,52.2,2.64,55.7,38838,Danger,Orange,20273.0,1.16,0.13
85,Ward 85,2026-08-04,35.21,74.94,33.09,47.56,65.0,52.1,2.61,56.0,29566,Danger,Orange,15404.0,1.16,0.1
36,Ward 36,2026-08-04,34.6,77.19,32.71,46.6,60.8,51.7,2.1,66.9,27238,Danger,Orange,14082.0,1.15,0.08
30,Ward 30,2026-08-04,35.3,74.19,33.05,47.6,64.6,51.5,2.8,55.1,30050,Danger,Orange,15476.0,1.16,0.1
50,Ward 50,2026-08-04,35.23,74.84,33.09,47.57,65.0,51.3,2.63,53.0,17251,Danger,Orange,8850.0,1.16,0.06
59,Ward 59,2026-08-04,35.06,75.77,32.92,47.41,63.1,51.1,2.46,57.8,70261,Danger,Orange,35903.0,1.16,0.22
81,Ward 81,2026-08-04,35.04,75.68,33.0,47.31,64.0,51.1,2.44,55.1,41501,Danger,Orange,21207.0,1.16,0.13
14,Ward 14,2026-08-04,35.21,74.56,33.0,47.47,64.0,50.8,2.71,54.2,53343,Danger,Orange,27098.0,1.16,0.17
133,Ward 133,2026-08-04,34.97,75.98,32.96,47.18,63.6,50.7,2.37,55.1,25588,Danger,Orange,12973.0,1.16,0.08
17,Ward 17,2026-08-04,35.34,74.02,33.07,47.68,64.8,50.5,2.84,51.0,21023,Danger,Orange,10617.0,1.16,0.07
132,Ward 132,2026-08-04,34.98,75.92,32.97,47.22,63.7,50.5,2.38,53.9,26274,Danger,Orange,13268.0,1.16,0.08
3,Ward 3,2026-08-04,35.08,75.11,32.94,47.3,63.4,50.4,2.58,54.4,53855,Danger,Orange,27143.0,1.16,0.17
13,Ward 13,2026-08-04,35.02,75.38,32.91,47.21,63.0,50.4,2.52,55.4,33066,Danger,Orange,16665.0,1.16,0.1
27,Ward 27,2026-08-04,35.13,74.9,32.97,47.36,63.7,50.4,2.63,53.7,19350,Danger,Orange,9752.0,1.16,0.06
8,Ward 8,2026-08-04,35.28,74.27,33.04,47.59,64.5,50.2,2.78,50.9,18760,Danger,Orange,9418.0,1.16,0.06
72,Ward 72,2026-08-04,35.0,75.83,32.98,47.23,63.8,50.2,2.4,52.6,19167,Danger,Orange,9622.0,1.16,0.06
51,Ward 51,2026-08-04,35.16,75.15,33.05,47.5,64.6,50.1,2.56,50.0,13556,Danger,Orange,6792.0,1.16,0.04
117,Ward 117,2026-08-04,34.94,76.1,32.95,47.19,63.5,50.1,2.34,53.1,21824,Danger,Orange,10934.0,1.16,0.07
7,Ward 7,2026-08-04,35.11,75.0,32.96,47.35,63.6,50.0,2.61,52.6,19180,Danger,Orange,9590.0,1.16,0.06
15,Ward 15,2026-08-04,35.11,75.0,32.96,47.35,63.6,50.0,2.61,52.4,23922,Danger,Orange,11961.0,1.16,0.08
91,Ward 91,2026-08-04,35.13,75.49,32.96,47.53,63.6,50.0,2.53,52.5,38450,Danger,Orange,19225.0,1.16,0.12
1,Ward 1,2026-08-04,35.03,75.33,32.92,47.24,63.1,49.9,2.53,53.6,53125,Caution,Yellow,26509.0,1.16,0.17
118,Ward 118,2026-08-04,34.9,76.27,32.94,47.11,63.4,49.8,2.3,52.3,21810,Caution,Yellow,10861.0,1.16,0.07
138,Ward 138,2026-08-04,34.1,80.89,32.68,47.24,60.5,49.8,1.8,60.7,28858,Caution,Yellow,14371.0,1.15,0.09
67,Ward 67,2026-08-04,35.01,76.0,32.9,47.35,62.9,49.7,2.41,53.4,56284,Caution,Yellow,27973.0,1.16,0.18
89,Ward 89,2026-08-04,35.03,75.71,33.0,47.28,64.0,49.6,2.43,50.0,22304,Caution,Yellow,11063.0,1.16,0.07
35,Ward 35,2026-08-04,35.14,74.87,32.98,47.4,63.8,49.4,2.64,49.9,35024,Caution,Yellow,17302.0,1.16,0.11
120,Ward 120,2026-08-04,34.97,75.98,32.96,47.18,63.6,49.3,2.37,49.9,19710,Caution,Yellow,9717.0,1.16,0.06
4,Ward 4,2026-08-04,35.01,75.41,32.9,47.23,62.9,49.2,2.51,51.5,34476,Caution,Yellow,16962.0,1.16,0.11
34,Ward 34,2026-08-04,35.16,75.37,32.98,47.58,63.8,49.2,2.56,49.0,29773,Caution,Yellow,14648.0,1.16,0.09
55,Ward 55,2026-08-04,34.92,76.38,32.85,47.21,62.4,49.2,2.32,52.9,32254,Caution,Yellow,15869.0,1.16,0.1
64,Ward 64,2026-08-04,34.85,76.69,32.82,47.14,62.0,49.2,2.25,54.1,31280,Caution,Yellow,15390.0,1.16,0.1
130,Ward 130,2026-08-04,34.8,76.7,32.88,46.98,62.7,48.5,2.2,49.8,23227,Caution,Yellow,11265.0,1.16,0.07
71,Ward 71,2026-08-04,34.88,76.35,32.92,47.09,63.1,48.4,2.28,48.2,29922,Caution,Yellow,14482.0,1.16,0.09
96,Ward 96,2026-08-04,35.13,76.7,32.94,47.7,63.4,48.4,2.33,47.3,31033,Caution,Yellow,15020.0,1.16,0.1
95,Ward 95,2026-08-04,35.09,76.88,32.92,47.62,63.1,48.2,2.29,47.6,26737,Caution,Yellow,12887.0,1.16,0.08
98,Ward 98,2026-08-04,35.13,76.7,32.94,47.7,63.4,48.1,2.33,46.3,31708,Caution,Yellow,15252.0,1.16,0.1
131,Ward 131,2026-08-04,34.75,76.92,32.86,46.92,62.5,48.1,2.15,48.9,30911,Caution,Yellow,14868.0,1.16,0.1
99,Ward 99,2026-08-04,35.01,76.44,32.86,47.6,62.5,48.0,2.41,48.4,26739,Caution,Yellow,12835.0,1.16,0.08
116,Ward 116,2026-08-04,34.89,77.75,32.82,47.36,62.0,48.0,2.09,49.7,28338,Caution,Yellow,13602.0,1.16,0.09
12,Ward 12,2026-08-04,34.71,76.72,32.76,46.76,61.4,47.9,2.21,51.1,21493,Caution,Yellow,10295.0,1.16,0.07
136,Ward 136,2026-08-04,34.57,77.72,32.77,46.62,61.5,47.9,1.97,51.0,21482,Caution,Yellow,10290.0,1.16,0.07
137,Ward 137,2026-08-04,34.21,79.32,32.59,46.12,59.5,47.9,1.61,56.7,19385,Caution,Yellow,9285.0,1.15,0.06
32,Ward 32,2026-08-04,34.5,77.63,32.66,46.47,60.3,47.8,2.0,54.1,45636,Caution,Yellow,21814.0,1.15,0.14
69,Ward 69,2026-08-04,34.58,77.67,32.77,46.66,61.5,47.8,1.98,50.6,44111,Caution,Yellow,21085.0,1.16,0.14
93,Ward 93,2026-08-04,34.72,77.06,32.84,46.87,62.2,47.6,2.12,47.7,44364,Caution,Yellow,21117.0,1.16,0.14
119,Ward 119,2026-08-04,34.76,76.88,32.87,46.9,62.6,47.6,2.16,46.9,16491,Caution,Yellow,7850.0,1.16,0.05
6,Ward 6,2026-08-04,34.53,77.5,32.66,46.52,60.3,47.5,2.03,52.9,42346,Caution,Yellow,20114.0,1.15,0.13
31,Ward 31,2026-08-04,34.7,76.76,32.75,46.78,61.2,47.5,2.2,50.1,39025,Caution,Yellow,18537.0,1.16,0.12
68,Ward 68,2026-08-04,34.73,77.22,32.76,46.95,61.4,47.4,2.13,49.4,20724,Caution,Yellow,9823.0,1.16,0.06
105,Ward 105,2026-08-04,34.98,76.12,32.88,47.3,62.7,47.4,2.38,45.8,21267,Caution,Yellow,10081.0,1.16,0.07
139,Ward 139,2026-08-04,33.7,82.75,32.48,46.61,58.3,47.4,1.4,58.5,42014,Caution,Yellow,19915.0,1.15,0.12
103,Ward 103,2026-08-04,34.91,76.88,32.82,47.47,62.0,47.3,2.31,47.3,25428,Caution,Yellow,12027.0,1.16,0.08
112,Ward 112,2026-08-04,34.84,77.97,32.79,47.3,61.7,47.1,2.04,47.5,32404,Caution,Yellow,15262.0,1.16,0.1
113,Ward 113,2026-08-04,34.81,78.1,32.78,47.25,61.6,47.1,2.01,47.7,33475,Caution,Yellow,15767.0,1.16,0.1
129,Ward 129,2026-08-04,34.58,77.67,32.77,46.66,61.5,47.1,1.98,47.9,39654,Caution,Yellow,18677.0,1.16,0.12
123,Ward 123,2026-08-04,34.8,78.15,32.77,47.21,61.5,47.0,2.0,47.5,35386,Caution,Yellow,16631.0,1.16,0.11
2,Ward 2,2026-08-04,34.81,76.27,32.8,46.93,61.8,46.9,2.31,46.3,48190,Caution,Yellow,22601.0,1.16,0.15
70,Ward 70,2026-08-04,34.66,77.32,32.81,46.77,61.9,46.9,2.06,46.0,18618,Caution,Yellow,8732.0,1.16,0.06
115,Ward 115,2026-08-04,34.9,77.7,32.82,47.34,62.0,46.9,2.1,46.0,31919,Caution,Yellow,14970.0,1.16,0.1
101,Ward 101,2026-08-04,34.8,77.35,32.76,47.31,61.4,46.8,2.2,47.2,40208,Caution,Yellow,18817.0,1.16,0.12
86,Ward 86,2026-08-04,34.53,77.89,32.75,46.59,61.2,46.6,1.93,47.1,19195,Caution,Yellow,8945.0,1.16,0.06
104,Ward 104,2026-08-04,34.91,76.43,32.85,47.23,62.4,46.6,2.31,43.9,33185,Caution,Yellow,15464.0,1.16,0.1
114,Ward 114,2026-08-04,34.74,78.41,32.74,47.11,61.1,46.6,1.94,47.4,41913,Caution,Yellow,19531.0,1.15,0.13
121,Ward 121,2026-08-04,34.72,78.51,32.73,47.1,61.0,46.6,1.92,47.5,29921,Caution,Yellow,13943.0,1.15,0.09
124,Ward 124,2026-08-04,34.63,78.9,32.68,47.0,60.5,46.3,1.83,47.9,39179,Caution,Yellow,18140.0,1.15,0.12
92,Ward 92,2026-08-04,34.74,77.17,32.77,46.98,61.5,46.2,2.14,44.8,36450,Caution,Yellow,16840.0,1.16,0.11
128,Ward 128,2026-08-04,34.72,78.51,32.73,47.1,61.0,46.2,1.92,46.1,32179,Caution,Yellow,14867.0,1.15,0.1
57,Ward 57,2026-08-04,34.32,79.04,32.56,46.36,59.2,46.0,1.72,50.6,49856,Caution,Yellow,22934.0,1.15,0.15
102,Ward 102,2026-08-04,34.7,77.8,32.72,47.19,60.9,46.0,2.1,45.5,21503,Caution,Yellow,9891.0,1.15,0.07
106,Ward 106,2026-08-04,34.6,77.79,32.7,46.78,60.7,46.0,2.0,46.1,40618,Caution,Yellow,18684.0,1.15,0.12
125,Ward 125,2026-08-04,34.61,78.99,32.68,46.93,60.5,46.0,1.81,46.6,44850,Caution,Yellow,20631.0,1.15,0.13
107,Ward 107,2026-08-04,34.5,78.24,32.64,46.6,60.0,45.9,1.9,47.8,54260,Caution,Yellow,24905.0,1.15,0.16
141,Ward 141,2026-08-04,33.48,83.81,32.37,46.26,57.1,45.8,1.18,55.9,41152,Caution,Yellow,18848.0,1.14,0.12
140,Ward 140,2026-08-04,33.37,84.33,32.33,46.11,56.6,45.6,1.07,56.8,30504,Caution,Yellow,13910.0,1.14,0.09
79,Ward 79,2026-08-04,34.05,80.05,32.51,45.88,58.6,45.2,1.45,49.2,44303,Caution,Yellow,20025.0,1.15,0.13
100,Ward 100,2026-08-04,34.55,78.48,32.64,46.94,60.0,44.8,1.95,43.6,25507,Caution,Yellow,11427.0,1.15,0.08
111,Ward 111,2026-08-04,34.42,79.05,32.57,46.76,59.3,44.8,1.82,45.5,38647,Caution,Yellow,17314.0,1.15,0.11
127,Ward 127,2026-08-04,34.37,80.08,32.56,46.62,59.2,44.3,1.57,44.0,43782,Caution,Yellow,19395.0,1.15,0.13
110,Ward 110,2026-08-04,34.33,79.45,32.53,46.61,58.8,44.2,1.73,44.7,27470,Caution,Yellow,12142.0,1.15,0.08
122,Ward 122,2026-08-04,34.35,80.17,32.55,46.55,59.0,44.1,1.55,43.9,39198,Caution,Yellow,17286.0,1.15,0.12
33,Ward 33,2026-08-04,34.29,79.18,32.54,46.31,58.9,43.7,1.69,42.5,45919,Caution,Yellow,20067.0,1.15,0.13
46,Ward 46,2026-08-04,33.63,81.99,32.31,45.23,56.4,43.4,1.03,48.6,12823,Caution,Yellow,5565.0,1.14,0.04
5,Ward 5,2026-08-04,34.2,78.97,32.51,46.03,58.6,43.3,1.7,42.1,23707,Caution,Yellow,10265.0,1.15,0.07
74,Ward 74,2026-08-04,33.81,81.15,32.4,45.51,57.4,43.2,1.21,45.1,42176,Caution,Yellow,18220.0,1.14,0.12
58,Ward 58,2026-08-04,33.55,82.58,32.17,45.21,54.9,43.0,0.95,51.8,88465,Caution,Yellow,38040.0,1.14,0.24
126,Ward 126,2026-08-04,34.22,80.78,32.49,46.36,58.4,43.0,1.42,41.4,31631,Caution,Yellow,13601.0,1.15,0.09
109,Ward 109,2026-08-04,33.74,82.18,32.24,45.75,55.7,42.2,1.14,46.2,64567,Caution,Yellow,27247.0,1.14,0.18
97,Ward 97,2026-08-04,34.15,81.09,32.45,46.27,58.0,41.7,1.35,37.4,37199,Caution,Yellow,15512.0,1.15,0.11
87,Ward 87,2026-08-04,33.65,81.9,32.32,45.3,56.5,40.8,1.05,38.2,12675,Caution,Yellow,5171.0,1.14,0.04
45,Ward 45,2026-08-04,32.5,87.25,31.91,43.85,52.2,40.3,0.0,49.3,8394,Caution,Yellow,3383.0,1.13,0.02
80,Ward 80,2026-08-04,32.64,86.8,31.83,43.73,51.3,40.0,0.04,51.2,31094,Caution,Yellow,12438.0,1.13,0.08
108,Ward 108,2026-08-04,32.96,85.44,31.89,44.35,51.9,38.9,0.36,44.3,64777,Caution,Yellow,25198.0,1.13,0.17
90,Ward 90,2026-08-04,33.05,84.77,32.03,44.38,53.4,38.1,0.45,36.3,18857,Caution,Yellow,7185.0,1.13,0.05
94,Ward 94,2026-08-04,33.37,84.8,32.07,45.08,53.9,38.0,0.57,34.3,27469,Caution,Yellow,10438.0,1.14,0.07
63,Ward 63,2026-08-04,32.68,86.59,31.84,43.78,51.4,37.8,0.08,41.1,24387,Caution,Yellow,9218.0,1.13,0.06
24,Ward 24,2026-08-05,34.67,72.77,33.05,47.06,64.6,58.9,3.47,80.5,19824,Danger,Orange,11676.0,1.16,0.06
23,Ward 23,2026-08-05,34.7,72.64,33.06,47.11,64.7,58.0,3.5,77.0,18256,Danger,Orange,10588.0,1.16,0.06
39,Ward 39,2026-08-05,34.44,73.72,32.94,46.75,63.4,57.0,3.24,77.7,21296,Danger,Orange,12139.0,1.16,0.07
18,Ward 18,2026-08-05,34.63,72.92,33.04,47.03,64.5,56.1,3.43,71.1,22267,Danger,Orange,12492.0,1.16,0.07
42,Ward 42,2026-08-05,34.26,74.46,32.85,46.46,62.4,55.4,3.06,74.9,21746,Danger,Orange,12047.0,1.16,0.07
48,Ward 48,2026-08-05,34.52,73.38,32.98,46.87,63.8,55.4,3.32,70.7,20437,Danger,Orange,11322.0,1.16,0.07
43,Ward 43,2026-08-05,34.37,74.02,32.9,46.62,62.9,54.9,3.17,71.9,17677,Danger,Orange,9705.0,1.16,0.06
49,Ward 49,2026-08-05,34.42,73.98,32.55,45.94,59.0,54.4,3.22,82.7,19416,Danger,Orange,10562.0,1.15,0.06
77,Ward 77,2026-08-05,34.6,73.56,32.83,46.57,62.1,54.3,3.4,72.2,45984,Danger,Orange,24969.0,1.16,0.14
29,Ward 29,2026-08-05,34.49,73.68,32.58,46.02,59.4,53.6,3.29,78.3,53782,Danger,Orange,28827.0,1.15,0.16
41,Ward 41,2026-08-05,34.26,74.46,32.85,46.46,62.4,53.6,3.06,68.6,19946,Danger,Orange,10691.0,1.16,0.06
19,Ward 19,2026-08-05,34.51,73.42,32.97,46.84,63.7,53.5,3.31,64.3,21158,Danger,Orange,11320.0,1.16,0.07
54,Ward 54,2026-08-05,34.79,73.85,32.68,46.63,60.5,53.0,3.39,72.5,36235,Danger,Orange,19205.0,1.15,0.11
26,Ward 26,2026-08-05,34.28,74.39,32.86,46.52,62.5,52.9,3.08,65.9,25371,Danger,Orange,13421.0,1.16,0.08
62,Ward 62,2026-08-05,34.5,73.98,32.78,46.45,61.6,52.8,3.3,68.4,34832,Danger,Orange,18391.0,1.16,0.11
25,Ward 25,2026-08-05,34.33,74.18,32.89,46.59,62.8,52.6,3.13,63.8,27484,Danger,Orange,14457.0,1.16,0.09
21,Ward 21,2026-08-05,34.16,74.9,32.8,46.32,61.8,52.3,2.96,65.8,21187,Danger,Orange,11081.0,1.16,0.07
28,Ward 28,2026-08-05,34.52,73.56,32.59,46.06,59.5,52.2,3.32,72.7,38110,Danger,Orange,19893.0,1.15,0.11
78,Ward 78,2026-08-05,34.38,74.49,32.72,46.26,60.9,51.8,3.18,66.7,54090,Danger,Orange,28019.0,1.15,0.16
20,Ward 20,2026-08-05,34.26,74.46,32.85,46.46,62.4,51.6,3.06,61.7,21576,Danger,Orange,11133.0,1.16,0.07
44,Ward 44,2026-08-05,34.07,75.28,32.75,46.17,61.2,51.6,2.87,65.2,29600,Danger,Orange,15274.0,1.16,0.09
135,Ward 135,2026-08-05,33.88,76.63,32.48,45.54,58.3,50.9,2.68,71.9,33258,Danger,Orange,16928.0,1.15,0.1
37,Ward 37,2026-08-05,34.36,74.23,32.51,45.84,58.6,50.7,3.16,70.2,24020,Danger,Orange,12178.0,1.15,0.07
52,Ward 52,2026-08-05,34.27,74.95,32.66,46.09,60.3,50.1,3.07,62.4,16869,Danger,Orange,8451.0,1.15,0.05
134,Ward 134,2026-08-05,33.65,77.64,32.37,45.21,57.1,50.0,2.45,72.2,35780,Danger,Orange,17890.0,1.14,0.1
53,Ward 53,2026-08-05,34.29,74.86,32.67,46.11,60.4,49.4,3.09,59.7,25598,Caution,Yellow,12645.0,1.15,0.08
60,Ward 60,2026-08-05,34.34,75.75,32.47,46.03,58.2,48.9,2.94,64.6,35732,Caution,Yellow,17473.0,1.15,0.1
65,Ward 65,2026-08-05,34.3,75.93,32.44,45.94,57.8,48.5,2.9,64.2,72427,Caution,Yellow,35127.0,1.15,0.21
61,Ward 61,2026-08-05,33.91,76.5,32.49,45.59,58.4,48.3,2.71,61.6,29704,Caution,Yellow,14347.0,1.15,0.09
66,Ward 66,2026-08-05,34.25,76.13,32.42,45.88,57.6,48.3,2.85,64.3,98024,Caution,Yellow,47346.0,1.14,0.28
9,Ward 9,2026-08-05,34.02,75.48,32.73,46.1,61.0,48.2,2.82,53.2,16420,Caution,Yellow,7914.0,1.15,0.05
75,Ward 75,2026-08-05,33.91,76.5,32.49,45.59,58.4,48.2,2.71,61.0,26925,Caution,Yellow,12978.0,1.15,0.08
16,Ward 16,2026-08-05,34.26,74.65,32.47,45.72,58.2,47.9,3.06,60.7,20904,Caution,Yellow,10013.0,1.15,0.06
22,Ward 22,2026-08-05,33.71,76.83,32.58,45.65,59.4,47.8,2.51,56.7,15730,Caution,Yellow,7519.0,1.15,0.05
88,Ward 88,2026-08-05,34.0,76.11,32.53,45.7,58.8,47.7,2.8,58.0,23672,Caution,Yellow,11292.0,1.15,0.07
83,Ward 83,2026-08-05,33.98,76.2,32.52,45.68,58.7,47.6,2.78,57.9,22163,Caution,Yellow,10550.0,1.15,0.06
11,Ward 11,2026-08-05,34.26,74.65,32.47,45.72,58.2,47.5,3.06,59.0,22152,Caution,Yellow,10522.0,1.15,0.06
47,Ward 47,2026-08-05,33.74,76.7,32.6,45.7,59.6,47.5,2.54,54.7,14684,Caution,Yellow,6975.0,1.15,0.04
56,Ward 56,2026-08-05,34.35,75.72,32.46,46.01,58.1,47.4,2.95,59.2,43622,Caution,Yellow,20677.0,1.15,0.13
38,Ward 38,2026-08-05,34.12,75.24,32.4,45.51,57.4,47.0,2.92,59.7,28791,Caution,Yellow,13532.0,1.14,0.08
84,Ward 84,2026-08-05,33.82,76.89,32.44,45.44,57.8,47.0,2.62,58.6,19230,Caution,Yellow,9038.0,1.15,0.06
76,Ward 76,2026-08-05,33.95,76.32,32.51,45.63,58.6,46.9,2.75,55.5,21946,Caution,Yellow,10293.0,1.15,0.06
73,Ward 73,2026-08-05,33.87,76.68,32.47,45.51,58.2,46.6,2.67,55.8,23512,Caution,Yellow,10957.0,1.15,0.07
10,Ward 10,2026-08-05,34.17,75.03,32.42,45.57,57.6,46.4,2.97,56.8,27700,Caution,Yellow,12853.0,1.14,0.08
82,Ward 82,2026-08-05,33.84,76.8,32.45,45.46,58.0,46.4,2.64,55.7,38838,Caution,Yellow,18021.0,1.15,0.11
85,Ward 85,2026-08-05,33.81,76.94,32.44,45.41,57.8,46.4,2.61,56.0,29566,Caution,Yellow,13719.0,1.15,0.08
40,Ward 40,2026-08-05,34.03,75.63,32.35,45.36,56.9,46.2,2.83,58.1,20549,Caution,Yellow,9494.0,1.14,0.06
50,Ward 50,2026-08-05,33.83,76.85,32.45,45.48,58.0,45.7,2.63,53.0,17251,Caution,Yellow,7884.0,1.15,0.05
81,Ward 81,2026-08-05,33.64,77.68,32.36,45.18,57.0,45.5,2.44,55.1,41501,Caution,Yellow,18883.0,1.14,0.12
30,Ward 30,2026-08-05,34.0,75.76,32.33,45.31,56.6,45.2,2.8,55.1,30050,Caution,Yellow,13583.0,1.14,0.08
36,Ward 36,2026-08-05,33.3,78.86,32.0,44.3,53.1,45.2,2.1,66.9,27238,Caution,Yellow,12312.0,1.13,0.07
133,Ward 133,2026-08-05,33.57,78.0,32.33,45.09,56.6,45.2,2.37,55.1,25588,Caution,Yellow,11566.0,1.14,0.07
59,Ward 59,2026-08-05,33.86,77.85,32.22,45.29,55.5,45.0,2.46,57.8,70261,Caution,Yellow,31617.0,1.14,0.19
132,Ward 132,2026-08-05,33.58,77.94,32.33,45.08,56.6,44.9,2.38,53.9,26274,Caution,Yellow,11797.0,1.14,0.07
14,Ward 14,2026-08-05,33.91,76.15,32.3,45.21,56.3,44.7,2.71,54.2,53343,Caution,Yellow,23844.0,1.14,0.15
51,Ward 51,2026-08-05,33.76,77.16,32.41,45.34,57.5,44.6,2.56,50.0,13556,Caution,Yellow,6046.0,1.14,0.04
72,Ward 72,2026-08-05,33.6,77.85,32.33,45.1,56.6,44.5,2.4,52.6,19167,Caution,Yellow,8529.0,1.14,0.05
117,Ward 117,2026-08-05,33.54,78.13,32.31,45.04,56.4,44.5,2.34,53.1,21824,Caution,Yellow,9712.0,1.14,0.06
17,Ward 17,2026-08-05,34.04,75.59,32.36,45.39,57.0,44.4,2.84,51.0,21023,Caution,Yellow,9334.0,1.14,0.06
3,Ward 3,2026-08-05,33.78,76.72,32.24,45.03,55.7,44.3,2.58,54.4,53855,Caution,Yellow,23858.0,1.14,0.15
27,Ward 27,2026-08-05,33.83,76.5,32.26,45.1,55.9,44.3,2.63,53.7,19350,Caution,Yellow,8572.0,1.14,0.05
8,Ward 8,2026-08-05,33.98,75.85,32.33,45.3,56.6,44.1,2.78,50.9,18760,Caution,Yellow,8273.0,1.14,0.05
13,Ward 13,2026-08-05,33.72,76.98,32.2,44.93,55.2,44.1,2.52,55.4,33066,Caution,Yellow,14582.0,1.14,0.09
89,Ward 89,2026-08-05,33.63,77.73,32.35,45.15,56.9,44.1,2.43,50.0,22304,Caution,Yellow,9836.0,1.14,0.06
118,Ward 118,2026-08-05,33.5,78.31,32.29,44.95,56.2,44.1,2.3,52.3,21810,Caution,Yellow,9618.0,1.14,0.06
91,Ward 91,2026-08-05,33.93,77.54,32.26,45.42,55.9,44.0,2.53,52.5,38450,Caution,Yellow,16918.0,1.14,0.11
7,Ward 7,2026-08-05,33.81,76.59,32.24,45.03,55.7,43.8,2.61,52.6,19180,Caution,Yellow,8401.0,1.14,0.05
15,Ward 15,2026-08-05,33.81,76.59,32.24,45.03,55.7,43.8,2.61,52.4,23922,Caution,Yellow,10478.0,1.14,0.07
120,Ward 120,2026-08-05,33.57,78.0,32.33,45.09,56.6,43.8,2.37,49.9,19710,Caution,Yellow,8633.0,1.14,0.06
1,Ward 1,2026-08-05,33.73,76.94,32.2,44.91,55.2,43.7,2.53,53.6,53125,Caution,Yellow,23216.0,1.14,0.15
67,Ward 67,2026-08-05,33.81,78.06,32.2,45.22,55.2,43.6,2.41,53.4,56284,Caution,Yellow,24540.0,1.14,0.15
35,Ward 35,2026-08-05,33.84,76.46,32.26,45.08,55.9,43.3,2.64,49.9,35024,Caution,Yellow,15165.0,1.14,0.1
34,Ward 34,2026-08-05,33.96,77.41,32.28,45.47,56.1,43.2,2.56,49.0,29773,Caution,Yellow,12862.0,1.14,0.08
55,Ward 55,2026-08-05,33.72,78.48,32.16,45.11,54.8,43.2,2.32,52.9,32254,Caution,Yellow,13934.0,1.14,0.09
64,Ward 64,2026-08-05,33.65,78.79,32.12,44.98,54.4,43.2,2.25,54.1,31280,Caution,Yellow,13513.0,1.14,0.08
4,Ward 4,2026-08-05,33.71,77.02,32.19,44.9,55.1,43.1,2.51,51.5,34476,Caution,Yellow,14859.0,1.14,0.09
130,Ward 130,2026-08-05,33.4,78.76,32.24,44.81,55.7,43.1,2.2,49.8,23227,Caution,Yellow,10011.0,1.14,0.06
71,Ward 71,2026-08-05,33.48,78.4,32.28,44.93,56.1,43.0,2.28,48.2,29922,Caution,Yellow,12866.0,1.14,0.08
131,Ward 131,2026-08-05,33.35,78.98,32.21,44.74,55.4,42.7,2.15,48.9,30911,Caution,Yellow,13199.0,1.14,0.08
138,Ward 138,2026-08-05,32.9,81.94,31.87,44.82,51.7,42.6,1.8,60.7,28858,Caution,Yellow,12294.0,1.13,0.07
136,Ward 136,2026-08-05,33.17,79.8,32.13,44.46,54.5,42.5,1.97,51.0,21482,Caution,Yellow,9130.0,1.14,0.06
69,Ward 69,2026-08-05,33.18,79.75,32.13,44.49,54.5,42.4,1.98,50.6,44111,Caution,Yellow,18703.0,1.14,0.12
137,Ward 137,2026-08-05,32.81,81.45,31.96,43.94,52.7,42.4,1.61,56.7,19385,Caution,Yellow,8219.0,1.13,0.05
93,Ward 93,2026-08-05,33.32,79.11,32.2,44.68,55.2,42.2,2.12,47.7,44364,Caution,Yellow,18722.0,1.14,0.12
119,Ward 119,2026-08-05,33.36,78.94,32.22,44.77,55.5,42.2,2.16,46.9,16491,Caution,Yellow,6959.0,1.14,0.05
12,Ward 12,2026-08-05,33.41,78.36,32.05,44.48,53.6,41.8,2.21,51.1,21493,Caution,Yellow,8984.0,1.14,0.06
32,Ward 32,2026-08-05,33.2,79.3,31.95,44.16,52.6,41.7,2.0,54.1,45636,Caution,Yellow,19030.0,1.13,0.12
105,Ward 105,2026-08-05,33.78,78.22,32.19,45.22,55.1,41.7,2.38,45.8,21267,Caution,Yellow,8868.0,1.14,0.06
129,Ward 129,2026-08-05,33.18,79.75,32.13,44.49,54.5,41.7,1.98,47.9,39654,Caution,Yellow,16536.0,1.14,0.11
70,Ward 70,2026-08-05,33.26,79.4,32.18,44.62,55.0,41.6,2.06,46.0,18618,Caution,Yellow,7745.0,1.14,0.05
6,Ward 6,2026-08-05,33.23,79.16,31.96,44.21,52.7,41.5,2.03,52.9,42346,Caution,Yellow,17574.0,1.13,0.11
31,Ward 31,2026-08-05,33.4,78.4,32.04,44.44,53.5,41.5,2.2,50.1,39025,Caution,Yellow,16195.0,1.13,0.1
68,Ward 68,2026-08-05,33.53,79.34,32.06,44.82,53.7,41.5,2.13,49.4,20724,Caution,Yellow,8600.0,1.14,0.06
86,Ward 86,2026-08-05,33.13,79.99,32.11,44.42,54.3,41.4,1.93,47.1,19195,Caution,Yellow,7947.0,1.14,0.05
2,Ward 2,2026-08-05,33.51,77.9,32.1,44.62,54.2,41.1,2.31,46.3,48190,Caution,Yellow,19806.0,1.14,0.13
104,Ward 104,2026-08-05,33.71,78.52,32.15,45.08,54.7,40.9,2.31,43.9,33185,Caution,Yellow,13573.0,1.14,0.09
92,Ward 92,2026-08-05,33.54,79.29,32.07,44.85,53.9,40.5,2.14,44.8,36450,Caution,Yellow,14762.0,1.14,0.1
139,Ward 139,2026-08-05,32.5,83.83,31.68,44.2,49.7,40.4,1.4,58.5,42014,Caution,Yellow,16974.0,1.12,0.1
106,Ward 106,2026-08-05,33.4,79.92,32.0,44.63,53.1,40.2,2.0,46.1,40618,Caution,Yellow,16328.0,1.13,0.11
107,Ward 107,2026-08-05,33.3,80.38,31.95,44.48,52.6,40.2,1.9,47.8,54260,Caution,Yellow,21813.0,1.13,0.14
57,Ward 57,2026-08-05,33.12,81.21,31.86,44.21,51.6,40.1,1.72,50.6,49856,Caution,Yellow,19992.0,1.13,0.13
79,Ward 79,2026-08-05,32.65,82.21,31.87,43.67,51.7,39.9,1.45,49.2,44303,Caution,Yellow,17677.0,1.13,0.11
141,Ward 141,2026-08-05,32.28,84.89,31.57,43.83,48.6,39.0,1.18,55.9,41152,Caution,Yellow,16049.0,1.12,0.1
96,Ward 96,2026-08-05,33.13,79.5,31.78,45.38,50.8,38.8,2.33,47.3,31033,Caution,Yellow,12041.0,1.13,0.08
95,Ward 95,2026-08-05,33.09,79.7,31.77,45.33,50.7,38.7,2.29,47.6,26737,Caution,Yellow,10347.0,1.13,0.07
140,Ward 140,2026-08-05,32.17,85.43,31.52,43.66,48.1,38.7,1.07,56.8,30504,Caution,Yellow,11805.0,1.12,0.07
98,Ward 98,2026-08-05,33.13,79.5,31.78,45.38,50.8,38.5,2.33,46.3,31708,Caution,Yellow,12208.0,1.13,0.08
116,Ward 116,2026-08-05,32.89,80.6,31.67,45.01,49.6,38.4,2.09,49.7,28338,Caution,Yellow,10882.0,1.12,0.07
46,Ward 46,2026-08-05,32.23,84.22,31.68,43.03,49.7,38.2,1.03,48.6,12823,Caution,Yellow,4898.0,1.12,0.03
33,Ward 33,2026-08-05,33.09,81.35,31.84,44.15,51.4,38.1,1.69,42.5,45919,Caution,Yellow,17495.0,1.13,0.12
74,Ward 74,2026-08-05,32.41,83.35,31.76,43.3,50.6,38.1,1.21,45.1,42176,Caution,Yellow,16069.0,1.13,0.11
5,Ward 5,2026-08-05,32.9,80.67,31.8,43.71,51.0,37.7,1.7,42.1,23707,Caution,Yellow,8938.0,1.13,0.06
112,Ward 112,2026-08-05,32.84,80.84,31.64,44.93,49.3,37.7,2.04,47.5,32404,Caution,Yellow,12216.0,1.12,0.08
113,Ward 113,2026-08-05,32.81,80.97,31.63,44.87,49.2,37.6,2.01,47.7,33475,Caution,Yellow,12587.0,1.12,0.08
115,Ward 115,2026-08-05,32.9,80.57,31.68,45.04,49.7,37.6,2.1,46.0,31919,Caution,Yellow,12002.0,1.12,0.08
123,Ward 123,2026-08-05,32.8,81.02,31.63,44.88,49.2,37.6,2.0,47.5,35386,Caution,Yellow,13305.0,1.12,0.09
58,Ward 58,2026-08-05,32.35,84.9,31.5,43.06,47.9,37.5,0.95,51.8,88465,Caution,Yellow,33174.0,1.12,0.21
121,Ward 121,2026-08-05,32.72,81.4,31.59,44.74,48.8,37.3,1.92,47.5,29921,Caution,Yellow,11161.0,1.12,0.07
114,Ward 114,2026-08-05,32.74,81.3,31.59,44.76,48.8,37.2,1.94,47.4,41913,Caution,Yellow,15592.0,1.12,0.1
124,Ward 124,2026-08-05,32.63,81.81,31.54,44.6,48.3,37.0,1.83,47.9,39179,Caution,Yellow,14496.0,1.12,0.09
128,Ward 128,2026-08-05,32.72,81.4,31.59,44.74,48.8,37.0,1.92,46.1,32179,Caution,Yellow,11906.0,1.12,0.08
99,Ward 99,2026-08-05,33.11,79.11,31.49,44.4,47.8,36.7,2.41,48.4,26739,Caution,Yellow,9813.0,1.12,0.06
125,Ward 125,2026-08-05,32.61,81.91,31.54,44.58,48.3,36.7,1.81,46.6,44850,Caution,Yellow,16460.0,1.12,0.11
103,Ward 103,2026-08-05,33.01,79.57,31.44,44.25,47.3,36.1,2.31,47.3,25428,Caution,Yellow,9180.0,1.12,0.06
45,Ward 45,2026-08-05,31.2,88.76,31.38,41.66,46.6,36.0,0.0,49.3,8394,Caution,Yellow,3022.0,1.12,0.02
87,Ward 87,2026-08-05,32.25,84.12,31.68,43.05,49.7,35.9,1.05,38.2,12675,Caution,Yellow,4550.0,1.12,0.03
101,Ward 101,2026-08-05,32.9,80.05,31.38,44.06,46.6,35.5,2.2,47.2,40208,Caution,Yellow,14274.0,1.12,0.09
127,Ward 127,2026-08-05,32.37,83.04,31.42,44.18,47.1,35.2,1.57,44.0,43782,Caution,Yellow,15411.0,1.12,0.1
122,Ward 122,2026-08-05,32.35,83.14,31.41,44.15,47.0,35.1,1.55,43.9,39198,Caution,Yellow,13758.0,1.12,0.09
80,Ward 80,2026-08-05,31.24,89.2,31.2,41.39,44.8,35.0,0.04,51.2,31094,Caution,Yellow,10883.0,1.11,0.07
102,Ward 102,2026-08-05,32.8,80.53,31.34,43.9,46.2,34.9,2.1,45.5,21503,Caution,Yellow,7505.0,1.12,0.05
126,Ward 126,2026-08-05,32.22,83.76,31.35,43.96,46.3,34.1,1.42,41.4,31631,Caution,Yellow,10786.0,1.12,0.07
100,Ward 100,2026-08-05,32.65,81.21,31.26,43.67,45.4,33.9,1.95,43.6,25507,Caution,Yellow,8647.0,1.11,0.06
111,Ward 111,2026-08-05,32.52,81.84,31.2,43.49,44.8,33.8,1.82,45.5,38647,Caution,Yellow,13063.0,1.11,0.08
108,Ward 108,2026-08-05,31.76,87.83,31.21,42.11,44.9,33.6,0.36,44.3,64777,Caution,Yellow,21765.0,1.11,0.14
90,Ward 90,2026-08-05,31.65,87.1,31.4,42.09,46.8,33.4,0.45,36.3,18857,Caution,Yellow,6298.0,1.12,0.04
110,Ward 110,2026-08-05,32.43,82.25,31.16,43.36,44.4,33.4,1.73,44.7,27470,Caution,Yellow,9175.0,1.11,0.06
63,Ward 63,2026-08-05,31.28,88.97,31.22,41.45,45.0,33.1,0.08,41.1,24387,Caution,Yellow,8072.0,1.11,0.05
97,Ward 97,2026-08-05,32.15,84.1,31.32,43.84,46.0,33.0,1.35,37.4,37199,Caution,Yellow,12276.0,1.11,0.08
109,Ward 109,2026-08-05,31.84,85.08,30.88,42.41,41.6,31.5,1.14,46.2,64567,Caution,Yellow,20339.0,1.1,0.13
94,Ward 94,2026-08-05,31.37,87.97,30.95,42.52,42.3,29.8,0.57,34.3,27469,Caution,Yellow,8186.0,1.1,0.06
49,Ward 49,2026-08-06,32.62,72.02,29.62,39.78,29.7,27.4,3.22,82.7,19416,Caution,Yellow,5320.0,1.07,0.03
54,Ward 54,2026-08-06,32.69,72.62,29.79,40.33,31.2,27.3,3.39,72.5,36235,Caution,Yellow,9892.0,1.07,0.05
29,Ward 29,2026-08-06,32.69,71.74,29.66,39.88,30.0,27.1,3.29,78.3,53782,Caution,Yellow,14575.0,1.07,0.07
28,Ward 28,2026-08-06,32.72,71.62,29.68,39.93,30.2,26.5,3.32,72.7,38110,Caution,Yellow,10099.0,1.07,0.05
37,Ward 37,2026-08-06,32.56,72.28,29.6,39.7,29.5,25.5,3.16,70.2,24020,Caution,Yellow,6125.0,1.07,0.03
24,Ward 24,2026-08-06,32.67,71.62,29.37,40.17,27.5,25.1,3.47,80.5,19824,Caution,Yellow,4976.0,1.06,0.02
23,Ward 23,2026-08-06,32.7,71.52,29.38,40.22,27.5,24.7,3.5,77.0,18256,Normal,Green,4509.0,1.06,0.02
77,Ward 77,2026-08-06,32.6,72.56,29.45,40.53,28.2,24.7,3.4,72.2,45984,Normal,Green,11358.0,1.06,0.06
60,Ward 60,2026-08-06,32.24,74.51,29.56,39.62,29.1,24.5,2.94,64.6,35732,Normal,Green,8754.0,1.07,0.05
65,Ward 65,2026-08-06,32.2,74.68,29.53,39.53,28.9,24.2,2.9,64.2,72427,Normal,Green,17527.0,1.06,0.09
66,Ward 66,2026-08-06,32.15,74.89,29.51,39.47,28.7,24.1,2.85,64.3,98024,Normal,Green,23624.0,1.06,0.13
16,Ward 16,2026-08-06,32.46,72.67,29.54,39.54,29.0,23.9,3.06,60.7,20904,Normal,Green,4996.0,1.07,0.03
39,Ward 39,2026-08-06,32.44,72.57,29.25,39.82,26.4,23.8,3.24,77.7,21296,Normal,Green,5068.0,1.06,0.02
56,Ward 56,2026-08-06,32.25,74.45,29.55,39.61,29.1,23.8,2.95,59.2,43622,Normal,Green,10382.0,1.07,0.06
18,Ward 18,2026-08-06,32.63,71.8,29.34,40.09,27.2,23.7,3.43,71.1,22267,Normal,Green,5277.0,1.06,0.03
62,Ward 62,2026-08-06,32.5,72.97,29.39,40.36,27.6,23.7,3.3,68.4,34832,Normal,Green,8255.0,1.06,0.04
11,Ward 11,2026-08-06,32.46,72.67,29.54,39.54,29.0,23.6,3.06,59.0,22152,Normal,Green,5228.0,1.07,0.03
48,Ward 48,2026-08-06,32.52,72.25,29.29,39.95,26.8,23.3,3.32,70.7,20437,Normal,Green,4762.0,1.06,0.02
38,Ward 38,2026-08-06,32.32,73.26,29.47,39.33,28.3,23.2,2.92,59.7,28791,Normal,Green,6680.0,1.06,0.04
78,Ward 78,2026-08-06,32.38,73.48,29.34,40.16,27.2,23.1,3.18,66.7,54090,Normal,Green,12495.0,1.06,0.06
10,Ward 10,2026-08-06,32.37,73.05,29.5,39.38,28.6,23.0,2.97,56.8,27700,Normal,Green,6371.0,1.06,0.04
43,Ward 43,2026-08-06,32.37,72.87,29.21,39.72,26.1,22.8,3.17,71.9,17677,Normal,Green,4030.0,1.06,0.02
40,Ward 40,2026-08-06,32.23,73.63,29.43,39.17,28.0,22.7,2.83,58.1,20549,Normal,Green,4665.0,1.06,0.03
42,Ward 42,2026-08-06,32.26,73.33,29.15,39.53,25.5,22.6,3.06,74.9,21746,Normal,Green,4915.0,1.06,0.02
19,Ward 19,2026-08-06,32.51,72.29,29.28,39.92,26.7,22.4,3.31,64.3,21158,Normal,Green,4739.0,1.06,0.02
30,Ward 30,2026-08-06,32.2,73.77,29.42,39.14,27.9,22.3,2.8,55.1,30050,Normal,Green,6701.0,1.06,0.04
52,Ward 52,2026-08-06,32.27,73.95,29.28,39.99,26.7,22.2,3.07,62.4,16869,Normal,Green,3745.0,1.06,0.02
41,Ward 41,2026-08-06,32.26,73.33,29.15,39.53,25.5,21.9,3.06,68.6,19946,Normal,Green,4368.0,1.06,0.02
53,Ward 53,2026-08-06,32.29,73.85,29.29,40.02,26.8,21.9,3.09,59.7,25598,Normal,Green,5606.0,1.06,0.03
59,Ward 59,2026-08-06,31.76,76.58,29.32,38.79,27.0,21.9,2.46,57.8,70261,Normal,Green,15387.0,1.06,0.08
14,Ward 14,2026-08-06,32.11,74.15,29.37,38.97,27.5,21.8,2.71,54.2,53343,Normal,Green,11629.0,1.06,0.06
17,Ward 17,2026-08-06,32.24,73.6,29.43,39.19,28.0,21.8,2.84,51.0,21023,Normal,Green,4583.0,1.06,0.03
26,Ward 26,2026-08-06,32.28,73.24,29.17,39.59,25.7,21.8,3.08,65.9,25371,Normal,Green,5531.0,1.06,0.03
135,Ward 135,2026-08-06,31.88,75.6,29.08,39.35,24.9,21.8,2.68,71.9,33258,Normal,Green,7250.0,1.05,0.04
8,Ward 8,2026-08-06,32.18,73.86,29.41,39.08,27.8,21.7,2.78,50.9,18760,Normal,Green,4071.0,1.06,0.02
25,Ward 25,2026-08-06,32.33,73.02,29.19,39.63,25.9,21.7,3.13,63.8,27484,Normal,Green,5964.0,1.06,0.03
99,Ward 99,2026-08-06,31.41,78.37,29.45,38.65,28.2,21.7,2.41,48.4,26739,Normal,Green,5802.0,1.06,0.03
27,Ward 27,2026-08-06,32.03,74.48,29.33,38.87,27.1,21.5,2.63,53.7,19350,Normal,Green,4160.0,1.06,0.02
91,Ward 91,2026-08-06,31.83,76.27,29.35,38.92,27.3,21.5,2.53,52.5,38450,Normal,Green,8267.0,1.06,0.05
3,Ward 3,2026-08-06,31.98,74.7,29.3,38.78,26.8,21.3,2.58,54.4,53855,Normal,Green,11471.0,1.06,0.06
13,Ward 13,2026-08-06,31.92,74.96,29.27,38.67,26.6,21.3,2.52,55.4,33066,Normal,Green,7043.0,1.06,0.04
21,Ward 21,2026-08-06,32.16,73.75,29.11,39.38,25.2,21.3,2.96,65.8,21187,Normal,Green,4513.0,1.05,0.02
7,Ward 7,2026-08-06,32.01,74.58,29.32,38.84,27.0,21.2,2.61,52.6,19180,Normal,Green,4066.0,1.06,0.02
15,Ward 15,2026-08-06,32.01,74.58,29.32,38.84,27.0,21.2,2.61,52.4,23922,Normal,Green,5071.0,1.06,0.03
1,Ward 1,2026-08-06,31.93,74.9,29.28,38.7,26.7,21.1,2.53,53.6,53125,Normal,Green,11209.0,1.06,0.06
20,Ward 20,2026-08-06,32.26,73.33,29.15,39.53,25.5,21.1,3.06,61.7,21576,Normal,Green,4553.0,1.06,0.02
34,Ward 34,2026-08-06,31.86,76.15,29.36,38.98,27.4,21.1,2.56,49.0,29773,Normal,Green,6282.0,1.06,0.04
36,Ward 36,2026-08-06,31.5,76.78,29.06,38.0,24.8,21.1,2.1,66.9,27238,Normal,Green,5747.0,1.05,0.03
67,Ward 67,2026-08-06,31.71,76.79,29.28,38.7,26.7,21.1,2.41,53.4,56284,Normal,Green,11876.0,1.06,0.07
103,Ward 103,2026-08-06,31.31,78.82,29.4,38.48,27.7,21.1,2.31,47.3,25428,Normal,Green,5365.0,1.06,0.03
35,Ward 35,2026-08-06,32.04,74.44,29.33,38.86,27.1,21.0,2.64,49.9,35024,Normal,Green,7355.0,1.06,0.04
44,Ward 44,2026-08-06,32.07,74.12,29.06,39.25,24.8,20.9,2.87,65.2,29600,Normal,Green,6186.0,1.05,0.03
134,Ward 134,2026-08-06,31.65,76.6,28.96,38.95,23.9,20.9,2.45,72.2,35780,Normal,Green,7478.0,1.05,0.04
4,Ward 4,2026-08-06,31.91,75.0,29.27,38.67,26.6,20.8,2.51,51.5,34476,Normal,Green,7171.0,1.06,0.04
55,Ward 55,2026-08-06,31.62,77.18,29.24,38.54,26.3,20.7,2.32,52.9,32254,Normal,Green,6677.0,1.06,0.04
61,Ward 61,2026-08-06,31.91,75.47,29.09,39.38,25.0,20.7,2.71,61.6,29704,Normal,Green,6149.0,1.05,0.03
101,Ward 101,2026-08-06,31.2,79.32,29.34,38.27,27.2,20.7,2.2,47.2,40208,Normal,Green,8323.0,1.06,0.05
64,Ward 64,2026-08-06,31.55,77.5,29.2,38.44,26.0,20.6,2.25,54.1,31280,Normal,Green,6444.0,1.06,0.03
75,Ward 75,2026-08-06,31.91,75.47,29.09,39.38,25.0,20.6,2.71,61.0,26925,Normal,Green,5547.0,1.05,0.03
88,Ward 88,2026-08-06,32.0,75.09,29.13,39.53,25.4,20.6,2.8,58.0,23672,Normal,Green,4876.0,1.06,0.03
83,Ward 83,2026-08-06,31.98,75.16,29.12,39.5,25.3,20.5,2.78,57.9,22163,Normal,Green,4543.0,1.05,0.02
76,Ward 76,2026-08-06,31.95,75.31,29.11,39.47,25.2,20.2,2.75,55.5,21946,Normal,Green,4433.0,1.05,0.02
102,Ward 102,2026-08-06,31.1,79.77,29.29,38.07,26.8,20.2,2.1,45.5,21503,Normal,Green,4344.0,1.06,0.02
105,Ward 105,2026-08-06,31.68,76.91,29.27,38.67,26.6,20.1,2.38,45.8,21267,Normal,Green,4275.0,1.06,0.02
84,Ward 84,2026-08-06,31.82,75.86,29.04,39.23,24.6,20.0,2.62,58.6,19230,Normal,Green,3846.0,1.05,0.02
73,Ward 73,2026-08-06,31.87,75.64,29.07,39.32,24.9,19.9,2.67,55.8,23512,Normal,Green,4679.0,1.05,0.02
82,Ward 82,2026-08-06,31.84,75.78,29.05,39.29,24.7,19.8,2.64,55.7,38838,Normal,Green,7690.0,1.05,0.04
95,Ward 95,2026-08-06,31.29,78.67,29.19,38.32,25.9,19.8,2.29,47.6,26737,Normal,Green,5294.0,1.06,0.03
96,Ward 96,2026-08-06,31.33,78.48,29.2,38.41,26.0,19.8,2.33,47.3,31033,Normal,Green,6145.0,1.06,0.03
12,Ward 12,2026-08-06,31.61,76.3,29.11,38.18,25.2,19.7,2.21,51.1,21493,Normal,Green,4234.0,1.05,0.02
68,Ward 68,2026-08-06,31.43,78.03,29.14,38.22,25.5,19.7,2.13,49.4,20724,Normal,Green,4083.0,1.06,0.02
98,Ward 98,2026-08-06,31.33,78.48,29.2,38.41,26.0,19.7,2.33,46.3,31708,Normal,Green,6246.0,1.06,0.04
85,Ward 85,2026-08-06,31.81,75.91,29.03,39.23,24.5,19.6,2.61,56.0,29566,Normal,Green,5795.0,1.05,0.03
100,Ward 100,2026-08-06,30.95,80.47,29.22,37.81,26.2,19.6,1.95,43.6,25507,Normal,Green,4999.0,1.06,0.03
104,Ward 104,2026-08-06,31.61,77.25,29.23,38.54,26.2,19.6,2.31,43.9,33185,Normal,Green,6504.0,1.06,0.04
31,Ward 31,2026-08-06,31.6,76.34,29.1,38.15,25.1,19.5,2.2,50.1,39025,Normal,Green,7610.0,1.05,0.04
50,Ward 50,2026-08-06,31.83,75.82,29.05,39.26,24.7,19.5,2.63,53.0,17251,Normal,Green,3364.0,1.05,0.02
138,Ward 138,2026-08-06,30.6,80.76,28.93,38.3,23.7,19.5,1.8,60.7,28858,Normal,Green,5627.0,1.05,0.03
2,Ward 2,2026-08-06,31.71,75.87,29.16,38.36,25.6,19.4,2.31,46.3,48190,Normal,Green,9349.0,1.06,0.05
9,Ward 9,2026-08-06,32.02,74.34,29.03,39.17,24.5,19.3,2.82,53.2,16420,Normal,Green,3169.0,1.05,0.02
32,Ward 32,2026-08-06,31.4,77.22,29.01,37.82,24.3,19.3,2.0,54.1,45636,Normal,Green,8808.0,1.05,0.05
116,Ward 116,2026-08-06,31.09,79.58,29.08,38.03,24.9,19.3,2.09,49.7,28338,Normal,Green,5469.0,1.05,0.03
6,Ward 6,2026-08-06,31.43,77.09,29.02,37.88,24.4,19.2,2.03,52.9,42346,Normal,Green,8130.0,1.05,0.04
92,Ward 92,2026-08-06,31.44,78.0,29.15,38.25,25.5,19.2,2.14,44.8,36450,Normal,Green,6998.0,1.06,0.04
111,Ward 111,2026-08-06,30.82,81.07,29.15,37.58,25.5,19.2,1.82,45.5,38647,Normal,Green,7420.0,1.06,0.04
81,Ward 81,2026-08-06,31.64,76.64,28.95,38.92,23.8,19.0,2.44,55.1,41501,Normal,Green,7885.0,1.05,0.04
106,Ward 106,2026-08-06,31.3,78.61,29.08,37.98,24.9,18.9,2.0,46.1,40618,Normal,Green,7677.0,1.05,0.04
110,Ward 110,2026-08-06,30.73,81.51,29.11,37.45,25.2,18.9,1.73,44.7,27470,Normal,Green,5192.0,1.05,0.03
112,Ward 112,2026-08-06,31.04,79.8,29.05,37.95,24.7,18.9,2.04,47.5,32404,Normal,Green,6124.0,1.05,0.03
113,Ward 113,2026-08-06,31.01,79.95,29.05,37.9,24.7,18.9,2.01,47.7,33475,Normal,Green,6327.0,1.05,0.03
115,Ward 115,2026-08-06,31.1,79.52,29.09,38.02,25.0,18.9,2.1,46.0,31919,Normal,Green,6033.0,1.05,0.03
51,Ward 51,2026-08-06,31.76,76.12,29.01,39.14,24.3,18.8,2.56,50.0,13556,Normal,Green,2549.0,1.05,0.01
123,Ward 123,2026-08-06,31.0,79.98,29.04,37.87,24.6,18.8,2.0,47.5,35386,Normal,Green,6653.0,1.05,0.04
133,Ward 133,2026-08-06,31.57,76.96,28.92,38.83,23.6,18.8,2.37,55.1,25588,Normal,Green,4811.0,1.05,0.02
22,Ward 22,2026-08-06,31.71,75.67,28.87,38.68,23.2,18.7,2.51,56.7,15730,Normal,Green,2942.0,1.05,0.01
107,Ward 107,2026-08-06,31.2,79.07,29.03,37.81,24.5,18.7,1.9,47.8,54260,Normal,Green,10147.0,1.05,0.06
132,Ward 132,2026-08-06,31.58,76.91,28.92,38.83,23.6,18.7,2.38,53.9,26274,Normal,Green,4913.0,1.05,0.03
47,Ward 47,2026-08-06,31.74,75.54,28.89,38.73,23.3,18.6,2.54,54.7,14684,Normal,Green,2731.0,1.05,0.01
72,Ward 72,2026-08-06,31.6,76.82,28.93,38.86,23.7,18.6,2.4,52.6,19167,Normal,Green,3565.0,1.05,0.02
57,Ward 57,2026-08-06,31.02,79.89,28.94,37.47,23.8,18.5,1.72,50.6,49856,Normal,Green,9223.0,1.05,0.05
114,Ward 114,2026-08-06,30.94,80.26,29.0,37.8,24.3,18.5,1.94,47.4,41913,Normal,Green,7754.0,1.05,0.04
117,Ward 117,2026-08-06,31.54,77.09,28.91,38.76,23.5,18.5,2.34,53.1,21824,Normal,Green,4037.0,1.05,0.02
121,Ward 121,2026-08-06,30.92,80.35,28.99,37.77,24.2,18.5,1.92,47.5,29921,Normal,Green,5535.0,1.05,0.03
89,Ward 89,2026-08-06,31.63,76.69,28.95,38.92,23.8,18.4,2.43,50.0,22304,Normal,Green,4104.0,1.05,0.02
120,Ward 120,2026-08-06,31.57,76.96,28.92,38.83,23.6,18.3,2.37,49.9,19710,Normal,Green,3607.0,1.05,0.02
128,Ward 128,2026-08-06,30.92,80.35,28.99,37.77,24.2,18.3,1.92,46.1,32179,Normal,Green,5889.0,1.05,0.03
118,Ward 118,2026-08-06,31.5,77.26,28.88,38.7,23.2,18.2,2.3,52.3,21810,Normal,Green,3969.0,1.05,0.02
124,Ward 124,2026-08-06,30.83,80.79,28.95,37.62,23.8,18.2,1.83,47.9,39179,Normal,Green,7131.0,1.05,0.04
125,Ward 125,2026-08-06,30.81,80.88,28.95,37.59,23.8,18.1,1.81,46.6,44850,Normal,Green,8118.0,1.05,0.04
139,Ward 139,2026-08-06,30.2,82.65,28.73,37.57,22.0,17.9,1.4,58.5,42014,Normal,Green,7521.0,1.04,0.04
71,Ward 71,2026-08-06,31.48,77.34,28.87,38.67,23.2,17.8,2.28,48.2,29922,Normal,Green,5326.0,1.05,0.03
130,Ward 130,2026-08-06,31.4,77.7,28.83,38.51,22.8,17.6,2.2,49.8,23227,Normal,Green,4088.0,1.05,0.02
33,Ward 33,2026-08-06,30.99,80.05,28.92,37.43,23.6,17.5,1.69,42.5,45919,Normal,Green,8036.0,1.05,0.04
131,Ward 131,2026-08-06,31.35,77.94,28.81,38.44,22.7,17.5,2.15,48.9,30911,Normal,Green,5409.0,1.05,0.03
119,Ward 119,2026-08-06,31.36,77.88,28.82,38.44,22.7,17.3,2.16,46.9,16491,Normal,Green,2853.0,1.05,0.02
93,Ward 93,2026-08-06,31.32,78.07,28.79,38.38,22.5,17.2,2.12,47.7,44364,Normal,Green,7631.0,1.05,0.04
109,Ward 109,2026-08-06,30.14,84.32,28.81,36.52,22.7,17.2,1.14,46.2,64567,Normal,Green,11106.0,1.05,0.06
5,Ward 5,2026-08-06,31.1,78.58,28.86,37.33,23.1,17.1,1.7,42.1,23707,Normal,Green,4054.0,1.05,0.02
136,Ward 136,2026-08-06,31.17,78.75,28.72,38.11,21.9,17.1,1.97,51.0,21482,Normal,Green,3673.0,1.04,0.02
69,Ward 69,2026-08-06,31.18,78.7,28.72,38.12,21.9,17.0,1.98,50.6,44111,Normal,Green,7499.0,1.04,0.04
122,Ward 122,2026-08-06,30.55,82.1,28.81,37.2,22.7,17.0,1.55,43.9,39198,Normal,Green,6664.0,1.05,0.04
127,Ward 127,2026-08-06,30.57,82.0,28.82,37.23,22.7,17.0,1.57,44.0,43782,Normal,Green,7443.0,1.05,0.04
141,Ward 141,2026-08-06,29.98,83.7,28.62,37.16,21.1,16.9,1.18,55.9,41152,Normal,Green,6955.0,1.04,0.03
70,Ward 70,2026-08-06,31.26,78.35,28.76,38.28,22.2,16.8,2.06,46.0,18618,Normal,Green,3128.0,1.04,0.02
129,Ward 129,2026-08-06,31.18,78.7,28.72,38.12,21.9,16.8,1.98,47.9,39654,Normal,Green,6662.0,1.04,0.03
86,Ward 86,2026-08-06,31.13,78.93,28.7,38.05,21.8,16.6,1.93,47.1,19195,Normal,Green,3186.0,1.04,0.02
140,Ward 140,2026-08-06,29.87,84.23,28.56,36.94,20.6,16.6,1.07,56.8,30504,Normal,Green,5064.0,1.04,0.02
137,Ward 137,2026-08-06,30.81,80.4,28.53,37.46,20.4,16.4,1.61,56.7,19385,Normal,Green,3179.0,1.04,0.01
126,Ward 126,2026-08-06,30.42,82.71,28.74,36.99,22.1,16.3,1.42,41.4,31631,Normal,Green,5156.0,1.04,0.03
58,Ward 58,2026-08-06,30.25,83.53,28.55,36.26,20.5,16.1,0.95,51.8,88465,Normal,Green,14243.0,1.04,0.07
97,Ward 97,2026-08-06,30.35,83.04,28.71,36.88,21.8,15.7,1.35,37.4,37199,Normal,Green,5840.0,1.04,0.03
79,Ward 79,2026-08-06,30.65,81.15,28.46,37.15,19.8,15.3,1.45,49.2,44303,Normal,Green,6778.0,1.04,0.03
74,Ward 74,2026-08-06,30.41,82.28,28.33,36.7,18.8,14.2,1.21,45.1,42176,Normal,Green,5989.0,1.03,0.03
46,Ward 46,2026-08-06,30.23,83.14,28.24,36.36,18.1,13.9,1.03,48.6,12823,Normal,Green,1782.0,1.03,0.01
108,Ward 108,2026-08-06,29.66,86.46,28.26,35.34,18.2,13.6,0.36,44.3,64777,Normal,Green,8810.0,1.03,0.04
94,Ward 94,2026-08-06,29.57,86.9,28.33,35.63,18.8,13.2,0.57,34.3,27469,Normal,Green,3626.0,1.03,0.02
87,Ward 87,2026-08-06,30.25,83.04,28.25,36.39,18.1,13.1,1.05,38.2,12675,Normal,Green,1660.0,1.03,0.01
90,Ward 90,2026-08-06,29.65,85.98,27.95,35.31,15.8,11.3,0.45,36.3,18857,Normal,Green,2131.0,1.02,0.01
80,Ward 80,2026-08-06,29.24,88.06,27.74,34.65,14.3,11.2,0.04,51.2,31094,Normal,Green,3483.0,1.02,0.01
63,Ward 63,2026-08-06,29.28,87.85,27.76,34.71,14.4,10.6,0.08,41.1,24387,Normal,Green,2585.0,1.02,0.01
45,Ward 45,2026-08-06,29.2,87.49,27.61,34.44,13.3,10.3,0.0,49.3,8394,Normal,Green,865.0,1.01,0.0
49,Ward 49,2026-08-07,32.32,75.46,30.25,41.28,35.5,32.7,3.22,82.7,19416,Caution,Yellow,6349.0,1.08,0.03
24,Ward 24,2026-08-07,32.47,73.9,30.26,41.35,35.6,32.5,3.47,80.5,19824,Caution,Yellow,6443.0,1.08,0.03
29,Ward 29,2026-08-07,32.39,75.16,30.29,41.42,35.9,32.4,3.29,78.3,53782,Caution,Yellow,17425.0,1.09,0.09
23,Ward 23,2026-08-07,32.5,73.79,30.27,41.4,35.7,32.0,3.5,77.0,18256,Caution,Yellow,5842.0,1.08,0.03
28,Ward 28,2026-08-07,32.42,75.04,30.3,41.43,36.0,31.6,3.32,72.7,38110,Caution,Yellow,12043.0,1.09,0.06
54,Ward 54,2026-08-07,32.19,74.94,30.28,41.58,35.8,31.4,3.39,72.5,36235,Caution,Yellow,11378.0,1.08,0.06
77,Ward 77,2026-08-07,32.2,74.53,30.26,41.27,35.6,31.1,3.4,72.2,45984,Caution,Yellow,14301.0,1.08,0.08
39,Ward 39,2026-08-07,32.24,74.88,30.14,41.01,34.5,31.0,3.24,77.7,21296,Caution,Yellow,6602.0,1.08,0.03
18,Ward 18,2026-08-07,32.43,74.08,30.24,41.31,35.4,30.8,3.43,71.1,22267,Caution,Yellow,6858.0,1.08,0.04
37,Ward 37,2026-08-07,32.26,75.72,30.23,41.22,35.3,30.6,3.16,70.2,24020,Caution,Yellow,7350.0,1.08,0.04
48,Ward 48,2026-08-07,32.32,74.54,30.19,41.13,34.9,30.3,3.32,70.7,20437,Caution,Yellow,6192.0,1.08,0.03
62,Ward 62,2026-08-07,32.1,74.96,30.21,41.12,35.1,30.1,3.3,68.4,34832,Caution,Yellow,10484.0,1.08,0.06
42,Ward 42,2026-08-07,32.06,75.66,30.06,40.77,33.7,29.9,3.06,74.9,21746,Caution,Yellow,6502.0,1.08,0.03
43,Ward 43,2026-08-07,32.17,75.18,30.11,40.91,34.2,29.9,3.17,71.9,17677,Caution,Yellow,5285.0,1.08,0.03
78,Ward 78,2026-08-07,31.98,75.46,30.15,40.94,34.6,29.4,3.18,66.7,54090,Caution,Yellow,15902.0,1.08,0.09
19,Ward 19,2026-08-07,32.31,74.58,30.19,41.14,34.9,29.3,3.31,64.3,21158,Caution,Yellow,6199.0,1.08,0.03
41,Ward 41,2026-08-07,32.06,75.66,30.06,40.77,33.7,28.9,3.06,68.6,19946,Caution,Yellow,5764.0,1.08,0.03
16,Ward 16,2026-08-07,32.16,76.17,30.18,41.07,34.8,28.6,3.06,60.7,20904,Caution,Yellow,5979.0,1.08,0.03
26,Ward 26,2026-08-07,32.08,75.57,30.07,40.79,33.8,28.6,3.08,65.9,25371,Caution,Yellow,7256.0,1.08,0.04
25,Ward 25,2026-08-07,32.13,75.35,30.1,40.87,34.1,28.5,3.13,63.8,27484,Caution,Yellow,7833.0,1.08,0.04
11,Ward 11,2026-08-07,32.16,76.17,30.18,41.07,34.8,28.4,3.06,59.0,22152,Caution,Yellow,6291.0,1.08,0.04
52,Ward 52,2026-08-07,31.87,75.95,30.1,40.79,34.1,28.3,3.07,62.4,16869,Caution,Yellow,4774.0,1.08,0.03
60,Ward 60,2026-08-07,31.74,76.9,30.06,40.91,33.7,28.3,2.94,64.6,35732,Caution,Yellow,10112.0,1.08,0.06
21,Ward 21,2026-08-07,31.96,76.1,30.01,40.62,33.3,28.2,2.96,65.8,21187,Caution,Yellow,5975.0,1.08,0.03
135,Ward 135,2026-08-07,31.48,77.67,29.91,40.18,32.3,28.2,2.68,71.9,33258,Caution,Yellow,9379.0,1.08,0.05
65,Ward 65,2026-08-07,31.7,77.06,30.04,40.82,33.5,28.1,2.9,64.2,72427,Caution,Yellow,20352.0,1.08,0.11
53,Ward 53,2026-08-07,31.89,75.87,30.11,40.82,34.2,28.0,3.09,59.7,25598,Caution,Yellow,7167.0,1.08,0.04
66,Ward 66,2026-08-07,31.65,77.29,30.01,40.74,33.3,28.0,2.85,64.3,98024,Caution,Yellow,27447.0,1.08,0.15
20,Ward 20,2026-08-07,32.06,75.66,30.06,40.77,33.7,27.9,3.06,61.7,21576,Caution,Yellow,6020.0,1.08,0.03
38,Ward 38,2026-08-07,32.02,76.78,30.1,40.84,34.1,27.9,2.92,59.7,28791,Caution,Yellow,8033.0,1.08,0.05
10,Ward 10,2026-08-07,32.07,76.55,30.13,40.91,34.4,27.7,2.97,56.8,27700,Caution,Yellow,7673.0,1.08,0.04
44,Ward 44,2026-08-07,31.87,76.48,29.96,40.46,32.8,27.7,2.87,65.2,29600,Caution,Yellow,8199.0,1.08,0.04
56,Ward 56,2026-08-07,31.75,76.85,30.06,40.9,33.7,27.5,2.95,59.2,43622,Caution,Yellow,11996.0,1.08,0.07
40,Ward 40,2026-08-07,31.93,77.17,30.06,40.71,33.7,27.3,2.83,58.1,20549,Caution,Yellow,5610.0,1.08,0.03
134,Ward 134,2026-08-07,31.25,78.69,29.79,39.79,31.2,27.3,2.45,72.2,35780,Caution,Yellow,9768.0,1.07,0.05
30,Ward 30,2026-08-07,31.9,77.31,30.04,40.66,33.5,26.7,2.8,55.1,30050,Caution,Yellow,8023.0,1.08,0.05
61,Ward 61,2026-08-07,31.51,77.55,29.91,40.2,32.3,26.7,2.71,61.6,29704,Caution,Yellow,7931.0,1.08,0.04
88,Ward 88,2026-08-07,31.6,77.15,29.97,40.37,32.9,26.7,2.8,58.0,23672,Caution,Yellow,6320.0,1.08,0.04
75,Ward 75,2026-08-07,31.51,77.55,29.91,40.2,32.3,26.6,2.71,61.0,26925,Caution,Yellow,7162.0,1.08,0.04
83,Ward 83,2026-08-07,31.58,77.24,29.96,40.34,32.8,26.6,2.78,57.9,22163,Caution,Yellow,5895.0,1.08,0.03
14,Ward 14,2026-08-07,31.81,77.72,30.0,40.54,33.2,26.4,2.71,54.2,53343,Caution,Yellow,14083.0,1.08,0.08
17,Ward 17,2026-08-07,31.94,77.14,30.07,40.74,33.8,26.3,2.84,51.0,21023,Caution,Yellow,5529.0,1.08,0.03
8,Ward 8,2026-08-07,31.88,77.41,30.04,40.64,33.5,26.1,2.78,50.9,18760,Caution,Yellow,4896.0,1.08,0.03
76,Ward 76,2026-08-07,31.55,77.36,29.94,40.29,32.6,26.1,2.75,55.5,21946,Caution,Yellow,5728.0,1.08,0.03
27,Ward 27,2026-08-07,31.73,78.06,29.96,40.4,32.8,26.0,2.63,53.7,19350,Caution,Yellow,5031.0,1.08,0.03
84,Ward 84,2026-08-07,31.42,77.93,29.87,40.07,32.0,26.0,2.62,58.6,19230,Caution,Yellow,5000.0,1.07,0.03
3,Ward 3,2026-08-07,31.68,78.29,29.94,40.33,32.6,25.9,2.58,54.4,53855,Caution,Yellow,13948.0,1.08,0.08
36,Ward 36,2026-08-07,31.2,80.47,29.7,39.57,30.4,25.9,2.1,66.9,27238,Caution,Yellow,7055.0,1.07,0.04
13,Ward 13,2026-08-07,31.62,78.56,29.91,40.25,32.3,25.8,2.52,55.4,33066,Caution,Yellow,8531.0,1.08,0.05
73,Ward 73,2026-08-07,31.47,77.72,29.9,40.15,32.2,25.8,2.67,55.8,23512,Caution,Yellow,6066.0,1.08,0.03
7,Ward 7,2026-08-07,31.71,78.16,29.95,40.38,32.7,25.7,2.61,52.6,19180,Caution,Yellow,4929.0,1.08,0.03
9,Ward 9,2026-08-07,31.82,76.71,29.94,40.39,32.6,25.7,2.82,53.2,16420,Caution,Yellow,4220.0,1.08,0.02
15,Ward 15,2026-08-07,31.71,78.16,29.95,40.38,32.7,25.7,2.61,52.4,23922,Caution,Yellow,6148.0,1.08,0.04
82,Ward 82,2026-08-07,31.44,77.85,29.88,40.1,32.1,25.7,2.64,55.7,38838,Caution,Yellow,9981.0,1.08,0.06
85,Ward 85,2026-08-07,31.41,77.99,29.87,40.07,32.0,25.7,2.61,56.0,29566,Caution,Yellow,7598.0,1.07,0.04
1,Ward 1,2026-08-07,31.63,78.51,29.91,40.25,32.3,25.6,2.53,53.6,53125,Caution,Yellow,13600.0,1.08,0.08
59,Ward 59,2026-08-07,31.26,79.04,29.83,40.14,31.6,25.6,2.46,57.8,70261,Caution,Yellow,17987.0,1.07,0.1
35,Ward 35,2026-08-07,31.74,78.02,29.97,40.43,32.9,25.5,2.64,49.9,35024,Caution,Yellow,8931.0,1.08,0.05
50,Ward 50,2026-08-07,31.43,77.91,29.88,40.1,32.1,25.3,2.63,53.0,17251,Caution,Yellow,4365.0,1.08,0.03
4,Ward 4,2026-08-07,31.61,78.6,29.9,40.22,32.2,25.2,2.51,51.5,34476,Caution,Yellow,8688.0,1.08,0.05
22,Ward 22,2026-08-07,31.51,78.08,29.79,39.92,31.2,25.1,2.51,56.7,15730,Caution,Yellow,3948.0,1.07,0.02
91,Ward 91,2026-08-07,31.33,78.72,29.86,40.25,31.9,25.1,2.53,52.5,38450,Caution,Yellow,9651.0,1.07,0.06
47,Ward 47,2026-08-07,31.54,77.95,29.81,39.98,31.4,25.0,2.54,54.7,14684,Caution,Yellow,3671.0,1.07,0.02
81,Ward 81,2026-08-07,31.24,78.76,29.79,39.8,31.2,24.9,2.44,55.1,41501,Normal,Green,10334.0,1.07,0.06
34,Ward 34,2026-08-07,31.36,78.58,29.88,40.31,32.1,24.7,2.56,49.0,29773,Normal,Green,7354.0,1.08,0.04
67,Ward 67,2026-08-07,31.21,79.27,29.8,40.05,31.3,24.7,2.41,53.4,56284,Normal,Green,13902.0,1.07,0.08
133,Ward 133,2026-08-07,31.17,79.07,29.75,39.69,30.9,24.7,2.37,55.1,25588,Normal,Green,6320.0,1.07,0.04
51,Ward 51,2026-08-07,31.36,78.2,29.85,39.99,31.8,24.6,2.56,50.0,13556,Normal,Green,3335.0,1.07,0.02
132,Ward 132,2026-08-07,31.18,79.02,29.75,39.68,30.9,24.5,2.38,53.9,26274,Normal,Green,6437.0,1.07,0.04
55,Ward 55,2026-08-07,31.12,79.69,29.76,39.91,31.0,24.4,2.32,52.9,32254,Normal,Green,7870.0,1.07,0.05
72,Ward 72,2026-08-07,31.2,78.94,29.77,39.74,31.0,24.4,2.4,52.6,19167,Normal,Green,4677.0,1.07,0.03
64,Ward 64,2026-08-07,31.05,80.0,29.72,39.79,30.6,24.3,2.25,54.1,31280,Normal,Green,7601.0,1.07,0.04
117,Ward 117,2026-08-07,31.14,79.2,29.74,39.63,30.8,24.3,2.34,53.1,21824,Normal,Green,5303.0,1.07,0.03
12,Ward 12,2026-08-07,31.31,79.97,29.76,39.77,31.0,24.2,2.21,51.1,21493,Normal,Green,5201.0,1.07,0.03
96,Ward 96,2026-08-07,31.13,81.05,29.84,39.88,31.7,24.2,2.33,47.3,31033,Normal,Green,7510.0,1.07,0.05
89,Ward 89,2026-08-07,31.23,78.79,29.78,39.77,31.1,24.1,2.43,50.0,22304,Normal,Green,5375.0,1.07,0.03
31,Ward 31,2026-08-07,31.3,80.03,29.75,39.74,30.9,24.0,2.2,50.1,39025,Normal,Green,9366.0,1.07,0.05
95,Ward 95,2026-08-07,31.09,81.23,29.81,39.78,31.4,24.0,2.29,47.6,26737,Normal,Green,6417.0,1.07,0.04
98,Ward 98,2026-08-07,31.13,81.05,29.84,39.88,31.7,24.0,2.33,46.3,31708,Normal,Green,7610.0,1.07,0.05
118,Ward 118,2026-08-07,31.1,79.38,29.72,39.57,30.6,24.0,2.3,52.3,21810,Normal,Green,5234.0,1.07,0.03
120,Ward 120,2026-08-07,31.17,79.07,29.75,39.69,30.9,23.9,2.37,49.9,19710,Normal,Green,4711.0,1.07,0.03
32,Ward 32,2026-08-07,31.1,80.96,29.65,39.41,30.0,23.8,2.0,54.1,45636,Normal,Green,10861.0,1.07,0.06
2,Ward 2,2026-08-07,31.41,79.5,29.8,39.9,31.3,23.7,2.31,46.3,48190,Normal,Green,11421.0,1.07,0.07
6,Ward 6,2026-08-07,31.13,80.81,29.66,39.46,30.0,23.6,2.03,52.9,42346,Normal,Green,9994.0,1.07,0.06
116,Ward 116,2026-08-07,30.89,82.18,29.71,39.43,30.5,23.6,2.09,49.7,28338,Normal,Green,6688.0,1.07,0.04
105,Ward 105,2026-08-07,31.18,79.4,29.78,39.99,31.1,23.5,2.38,45.8,21267,Normal,Green,4998.0,1.07,0.03
71,Ward 71,2026-08-07,31.08,79.48,29.71,39.55,30.5,23.4,2.28,48.2,29922,Normal,Green,7002.0,1.07,0.04
130,Ward 130,2026-08-07,31.0,79.85,29.67,39.4,30.1,23.3,2.2,49.8,23227,Normal,Green,5412.0,1.07,0.03
68,Ward 68,2026-08-07,30.93,80.54,29.66,39.59,30.0,23.2,2.13,49.4,20724,Normal,Green,4808.0,1.07,0.03
115,Ward 115,2026-08-07,30.9,82.13,29.72,39.46,30.6,23.2,2.1,46.0,31919,Normal,Green,7405.0,1.07,0.04
104,Ward 104,2026-08-07,31.11,79.72,29.75,39.88,30.9,23.1,2.31,43.9,33185,Normal,Green,7666.0,1.07,0.05
112,Ward 112,2026-08-07,30.84,82.42,29.69,39.36,30.3,23.1,2.04,47.5,32404,Normal,Green,7485.0,1.07,0.04
123,Ward 123,2026-08-07,30.8,82.62,29.68,39.29,30.2,23.1,2.0,47.5,35386,Normal,Green,8174.0,1.07,0.05
99,Ward 99,2026-08-07,31.31,80.41,29.65,39.6,30.0,23.0,2.41,48.4,26739,Normal,Green,6150.0,1.07,0.04
113,Ward 113,2026-08-07,30.81,82.56,29.67,39.29,30.1,23.0,2.01,47.7,33475,Normal,Green,7699.0,1.07,0.05
131,Ward 131,2026-08-07,30.95,80.09,29.64,39.32,29.9,23.0,2.15,48.9,30911,Normal,Green,7110.0,1.07,0.04
93,Ward 93,2026-08-07,30.92,80.23,29.63,39.29,29.8,22.8,2.12,47.7,44364,Normal,Green,10115.0,1.07,0.06
114,Ward 114,2026-08-07,30.74,82.9,29.64,39.16,29.9,22.8,1.94,47.4,41913,Normal,Green,9556.0,1.07,0.06
119,Ward 119,2026-08-07,30.96,80.02,29.65,39.35,30.0,22.8,2.16,46.9,16491,Normal,Green,3760.0,1.07,0.02
121,Ward 121,2026-08-07,30.72,83.0,29.63,39.13,29.8,22.8,1.92,47.5,29921,Normal,Green,6822.0,1.07,0.04
136,Ward 136,2026-08-07,30.77,80.91,29.55,39.03,29.1,22.7,1.97,51.0,21482,Normal,Green,4876.0,1.07,0.03
69,Ward 69,2026-08-07,30.78,80.88,29.56,39.06,29.1,22.6,1.98,50.6,44111,Normal,Green,9969.0,1.07,0.06
92,Ward 92,2026-08-07,30.94,80.52,29.67,39.62,30.1,22.6,2.14,44.8,36450,Normal,Green,8238.0,1.07,0.05
124,Ward 124,2026-08-07,30.63,83.43,29.6,38.99,29.5,22.6,1.83,47.9,39179,Normal,Green,8854.0,1.07,0.05
128,Ward 128,2026-08-07,30.72,83.0,29.63,39.13,29.8,22.6,1.92,46.1,32179,Normal,Green,7272.0,1.07,0.04
138,Ward 138,2026-08-07,30.3,82.96,29.36,38.05,27.4,22.6,1.8,60.7,28858,Normal,Green,6522.0,1.06,0.03
103,Ward 103,2026-08-07,31.21,80.88,29.6,39.44,29.5,22.5,2.31,47.3,25428,Normal,Green,5721.0,1.07,0.03
70,Ward 70,2026-08-07,30.86,80.5,29.6,39.17,29.5,22.3,2.06,46.0,18618,Normal,Green,4152.0,1.07,0.02
106,Ward 106,2026-08-07,30.8,81.17,29.6,39.38,29.5,22.3,2.0,46.1,40618,Normal,Green,9058.0,1.07,0.05
107,Ward 107,2026-08-07,30.7,81.63,29.55,39.2,29.1,22.3,1.9,47.8,54260,Normal,Green,12100.0,1.07,0.07
125,Ward 125,2026-08-07,30.61,83.53,29.59,38.95,29.4,22.3,1.81,46.6,44850,Normal,Green,10002.0,1.07,0.06
129,Ward 129,2026-08-07,30.78,80.88,29.56,39.06,29.1,22.3,1.98,47.9,39654,Normal,Green,8843.0,1.07,0.05
101,Ward 101,2026-08-07,31.1,81.41,29.55,39.27,29.1,22.2,2.2,47.2,40208,Normal,Green,8926.0,1.07,0.05
86,Ward 86,2026-08-07,30.73,81.1,29.54,38.97,29.0,22.1,1.93,47.1,19195,Normal,Green,4242.0,1.07,0.02
137,Ward 137,2026-08-07,30.41,82.62,29.38,38.42,27.5,22.1,1.61,56.7,19385,Normal,Green,4284.0,1.06,0.02
57,Ward 57,2026-08-07,30.52,82.49,29.46,38.89,28.3,22.0,1.72,50.6,49856,Normal,Green,10968.0,1.06,0.06
102,Ward 102,2026-08-07,31.0,81.86,29.5,39.11,28.6,21.6,2.1,45.5,21503,Normal,Green,4645.0,1.06,0.03
122,Ward 122,2026-08-07,30.35,84.79,29.46,38.46,28.3,21.2,1.55,43.9,39198,Normal,Green,8310.0,1.06,0.05
127,Ward 127,2026-08-07,30.37,84.7,29.47,38.5,28.3,21.2,1.57,44.0,43782,Normal,Green,9282.0,1.06,0.06
5,Ward 5,2026-08-07,30.8,82.37,29.5,38.93,28.6,21.1,1.7,42.1,23707,Normal,Green,5002.0,1.06,0.03
33,Ward 33,2026-08-07,30.49,82.63,29.45,38.86,28.2,20.9,1.69,42.5,45919,Normal,Green,9597.0,1.06,0.06
100,Ward 100,2026-08-07,30.85,82.58,29.43,38.88,28.0,20.9,1.95,43.6,25507,Normal,Green,5331.0,1.06,0.03
139,Ward 139,2026-08-07,29.9,84.91,29.17,37.36,25.7,20.9,1.4,58.5,42014,Normal,Green,8781.0,1.06,0.05
79,Ward 79,2026-08-07,30.25,83.39,29.3,38.14,26.8,20.7,1.45,49.2,44303,Normal,Green,9171.0,1.06,0.05
111,Ward 111,2026-08-07,30.72,83.2,29.36,38.65,27.4,20.7,1.82,45.5,38647,Normal,Green,8000.0,1.06,0.05
126,Ward 126,2026-08-07,30.22,85.44,29.4,38.21,27.7,20.4,1.42,41.4,31631,Normal,Green,6453.0,1.06,0.04
110,Ward 110,2026-08-07,30.63,83.63,29.32,38.51,27.0,20.3,1.73,44.7,27470,Normal,Green,5576.0,1.06,0.03
141,Ward 141,2026-08-07,29.68,86.0,29.06,36.95,24.8,19.9,1.18,55.9,41152,Normal,Green,8189.0,1.05,0.04
97,Ward 97,2026-08-07,30.15,85.79,29.36,38.07,27.4,19.7,1.35,37.4,37199,Normal,Green,7328.0,1.06,0.04
140,Ward 140,2026-08-07,29.57,86.55,29.02,36.74,24.4,19.7,1.07,56.8,30504,Normal,Green,6009.0,1.05,0.03
58,Ward 58,2026-08-07,29.75,86.28,29.09,37.53,25.0,19.6,0.95,51.8,88465,Normal,Green,17339.0,1.05,0.09
74,Ward 74,2026-08-07,30.01,84.55,29.18,37.73,25.8,19.4,1.21,45.1,42176,Normal,Green,8182.0,1.06,0.05
46,Ward 46,2026-08-07,29.83,85.46,29.09,37.4,25.0,19.2,1.03,48.6,12823,Normal,Green,2462.0,1.05,0.01
109,Ward 109,2026-08-07,30.04,86.55,29.03,37.51,24.5,18.6,1.14,46.2,64567,Normal,Green,12009.0,1.05,0.07
87,Ward 87,2026-08-07,29.85,85.36,29.11,37.46,25.2,18.2,1.05,38.2,12675,Normal,Green,2307.0,1.05,0.01
94,Ward 94,2026-08-07,29.37,89.78,29.0,36.61,24.3,17.1,0.57,34.3,27469,Normal,Green,4697.0,1.05,0.03
108,Ward 108,2026-08-07,29.16,89.29,28.81,36.4,22.7,17.0,0.36,44.3,64777,Normal,Green,11012.0,1.05,0.06
80,Ward 80,2026-08-07,28.84,90.53,28.63,35.55,21.2,16.5,0.04,51.2,31094,Normal,Green,5131.0,1.04,0.03
90,Ward 90,2026-08-07,29.25,88.39,28.82,36.33,22.7,16.2,0.45,36.3,18857,Normal,Green,3055.0,1.05,0.02
45,Ward 45,2026-08-07,29.0,90.32,28.56,35.61,20.6,15.9,0.0,49.3,8394,Normal,Green,1335.0,1.04,0.01
63,Ward 63,2026-08-07,28.88,90.32,28.64,35.63,21.3,15.7,0.08,41.1,24387,Normal,Green,3829.0,1.04,0.02
24,Ward 24,2026-08-08,34.07,71.1,31.19,43.32,44.7,40.8,3.47,80.5,19824,Caution,Yellow,8088.0,1.11,0.04
23,Ward 23,2026-08-08,34.1,70.99,31.21,43.37,44.9,40.3,3.5,77.0,18256,Caution,Yellow,7357.0,1.11,0.04
39,Ward 39,2026-08-08,33.84,72.04,31.08,43.0,43.6,39.2,3.24,77.7,21296,Caution,Yellow,8348.0,1.11,0.05
49,Ward 49,2026-08-08,33.82,71.91,30.93,42.81,42.1,38.8,3.22,82.7,19416,Caution,Yellow,7533.0,1.1,0.04
18,Ward 18,2026-08-08,34.03,71.27,31.17,43.25,44.5,38.7,3.43,71.1,22267,Caution,Yellow,8617.0,1.11,0.05
54,Ward 54,2026-08-08,34.09,71.52,31.1,43.34,43.8,38.4,3.39,72.5,36235,Caution,Yellow,13914.0,1.11,0.08
29,Ward 29,2026-08-08,33.89,71.61,30.97,42.93,42.5,38.3,3.29,78.3,53782,Caution,Yellow,20599.0,1.1,0.11
48,Ward 48,2026-08-08,33.92,71.71,31.11,43.1,43.9,38.1,3.32,70.7,20437,Caution,Yellow,7786.0,1.11,0.04
42,Ward 42,2026-08-08,33.66,72.79,30.98,42.73,42.6,37.8,3.06,74.9,21746,Caution,Yellow,8220.0,1.1,0.04
43,Ward 43,2026-08-08,33.77,72.34,31.05,42.93,43.3,37.8,3.17,71.9,17677,Caution,Yellow,6682.0,1.11,0.04
28,Ward 28,2026-08-08,33.92,71.5,30.98,42.97,42.6,37.4,3.32,72.7,38110,Caution,Yellow,14253.0,1.1,0.08
19,Ward 19,2026-08-08,33.91,71.76,31.12,43.12,44.0,36.9,3.31,64.3,21158,Caution,Yellow,7807.0,1.11,0.05
41,Ward 41,2026-08-08,33.66,72.79,30.98,42.73,42.6,36.6,3.06,68.6,19946,Caution,Yellow,7300.0,1.1,0.04
77,Ward 77,2026-08-08,33.7,71.51,30.87,42.64,41.5,36.3,3.4,72.2,45984,Caution,Yellow,16692.0,1.1,0.09
26,Ward 26,2026-08-08,33.68,72.71,31.0,42.79,42.8,36.2,3.08,65.9,25371,Caution,Yellow,9184.0,1.1,0.05
37,Ward 37,2026-08-08,33.76,72.14,30.9,42.73,41.8,36.2,3.16,70.2,24020,Caution,Yellow,8695.0,1.1,0.05
25,Ward 25,2026-08-08,33.73,72.49,31.02,42.85,43.0,36.0,3.13,63.8,27484,Caution,Yellow,9894.0,1.11,0.06
21,Ward 21,2026-08-08,33.56,73.2,30.94,42.61,42.2,35.7,2.96,65.8,21187,Caution,Yellow,7564.0,1.1,0.04
20,Ward 20,2026-08-08,33.66,72.79,30.98,42.73,42.6,35.3,3.06,61.7,21576,Caution,Yellow,7616.0,1.1,0.04
44,Ward 44,2026-08-08,33.47,73.58,30.89,42.48,41.7,35.2,2.87,65.2,29600,Caution,Yellow,10419.0,1.1,0.06
62,Ward 62,2026-08-08,33.6,71.92,30.82,42.52,41.0,35.2,3.3,68.4,34832,Caution,Yellow,12261.0,1.1,0.07
60,Ward 60,2026-08-08,33.64,73.38,30.87,42.72,41.5,34.9,2.94,64.6,35732,Caution,Yellow,12470.0,1.1,0.07
65,Ward 65,2026-08-08,33.6,73.55,30.86,42.69,41.4,34.7,2.9,64.2,72427,Caution,Yellow,25132.0,1.1,0.14
66,Ward 66,2026-08-08,33.55,73.75,30.83,42.58,41.1,34.5,2.85,64.3,98024,Caution,Yellow,33818.0,1.1,0.19
78,Ward 78,2026-08-08,33.48,72.4,30.76,42.34,40.4,34.3,3.18,66.7,54090,Caution,Yellow,18553.0,1.1,0.11
16,Ward 16,2026-08-08,33.66,72.57,30.85,42.61,41.3,34.0,3.06,60.7,20904,Caution,Yellow,7107.0,1.1,0.04
56,Ward 56,2026-08-08,33.65,73.34,30.88,42.75,41.6,34.0,2.95,59.2,43622,Caution,Yellow,14831.0,1.1,0.09
11,Ward 11,2026-08-08,33.66,72.57,30.85,42.61,41.3,33.7,3.06,59.0,22152,Caution,Yellow,7465.0,1.1,0.04
38,Ward 38,2026-08-08,33.52,73.13,30.78,42.41,40.6,33.2,2.92,59.7,28791,Caution,Yellow,9559.0,1.1,0.06
135,Ward 135,2026-08-08,32.98,74.52,30.51,41.62,38.0,33.2,2.68,71.9,33258,Caution,Yellow,11042.0,1.09,0.06
52,Ward 52,2026-08-08,33.37,72.88,30.7,42.18,39.8,33.1,3.07,62.4,16869,Caution,Yellow,5584.0,1.1,0.03
10,Ward 10,2026-08-08,33.57,72.92,30.8,42.47,40.8,32.9,2.97,56.8,27700,Caution,Yellow,9113.0,1.1,0.05
9,Ward 9,2026-08-08,33.42,73.8,30.86,42.41,41.4,32.7,2.82,53.2,16420,Caution,Yellow,5369.0,1.1,0.03
53,Ward 53,2026-08-08,33.39,72.79,30.71,42.2,39.9,32.7,3.09,59.7,25598,Caution,Yellow,8371.0,1.1,0.05
40,Ward 40,2026-08-08,33.43,73.53,30.73,42.28,40.1,32.5,2.83,58.1,20549,Caution,Yellow,6678.0,1.1,0.04
134,Ward 134,2026-08-08,32.75,75.51,30.4,41.31,36.9,32.3,2.45,72.2,35780,Caution,Yellow,11557.0,1.09,0.06
22,Ward 22,2026-08-08,33.11,75.11,30.71,41.96,39.9,32.1,2.51,56.7,15730,Caution,Yellow,5049.0,1.1,0.03
30,Ward 30,2026-08-08,33.4,73.65,30.72,42.23,40.0,31.9,2.8,55.1,30050,Caution,Yellow,9586.0,1.1,0.06
47,Ward 47,2026-08-08,33.14,74.98,30.72,42.01,40.0,31.8,2.54,54.7,14684,Caution,Yellow,4670.0,1.1,0.03
59,Ward 59,2026-08-08,33.16,75.41,30.64,42.07,39.3,31.8,2.46,57.8,70261,Caution,Yellow,22343.0,1.1,0.13
61,Ward 61,2026-08-08,33.01,74.38,30.52,41.67,38.1,31.5,2.71,61.6,29704,Caution,Yellow,9357.0,1.09,0.05
14,Ward 14,2026-08-08,33.31,74.02,30.67,42.09,39.5,31.4,2.71,54.2,53343,Caution,Yellow,16750.0,1.1,0.1
75,Ward 75,2026-08-08,33.01,74.38,30.52,41.67,38.1,31.4,2.71,61.0,26925,Caution,Yellow,8454.0,1.09,0.05
17,Ward 17,2026-08-08,33.44,73.48,30.74,42.3,40.2,31.3,2.84,51.0,21023,Caution,Yellow,6580.0,1.1,0.04
88,Ward 88,2026-08-08,33.1,74.0,30.57,41.81,38.6,31.3,2.8,58.0,23672,Caution,Yellow,7409.0,1.09,0.04
83,Ward 83,2026-08-08,33.08,74.09,30.56,41.79,38.5,31.2,2.78,57.9,22163,Caution,Yellow,6915.0,1.09,0.04
8,Ward 8,2026-08-08,33.38,73.73,30.71,42.21,39.9,31.1,2.78,50.9,18760,Caution,Yellow,5834.0,1.1,0.04
36,Ward 36,2026-08-08,32.7,76.67,30.37,41.25,36.6,31.1,2.1,66.9,27238,Caution,Yellow,8471.0,1.09,0.05
91,Ward 91,2026-08-08,33.23,75.12,30.67,42.15,39.5,31.1,2.53,52.5,38450,Caution,Yellow,11958.0,1.1,0.07
3,Ward 3,2026-08-08,33.18,74.58,30.61,41.92,39.0,31.0,2.58,54.4,53855,Caution,Yellow,16695.0,1.09,0.1
27,Ward 27,2026-08-08,33.23,74.38,30.63,41.98,39.2,31.0,2.63,53.7,19350,Caution,Yellow,5998.0,1.1,0.04
13,Ward 13,2026-08-08,33.12,74.83,30.57,41.83,38.6,30.9,2.52,55.4,33066,Caution,Yellow,10217.0,1.09,0.06
7,Ward 7,2026-08-08,33.21,74.45,30.62,41.97,39.1,30.8,2.61,52.6,19180,Caution,Yellow,5907.0,1.1,0.04
67,Ward 67,2026-08-08,33.11,75.62,30.61,41.96,39.0,30.8,2.41,53.4,56284,Caution,Yellow,17335.0,1.09,0.1
15,Ward 15,2026-08-08,33.21,74.45,30.62,41.97,39.1,30.7,2.61,52.4,23922,Caution,Yellow,7344.0,1.1,0.04
76,Ward 76,2026-08-08,33.05,74.21,30.55,41.75,38.4,30.7,2.75,55.5,21946,Caution,Yellow,6737.0,1.09,0.04
1,Ward 1,2026-08-08,33.13,74.8,30.58,41.86,38.7,30.6,2.53,53.6,53125,Caution,Yellow,16256.0,1.09,0.1
34,Ward 34,2026-08-08,33.26,74.98,30.69,42.2,39.7,30.6,2.56,49.0,29773,Caution,Yellow,9111.0,1.1,0.06
84,Ward 84,2026-08-08,32.92,74.77,30.47,41.53,37.6,30.6,2.62,58.6,19230,Caution,Yellow,5884.0,1.09,0.03
99,Ward 99,2026-08-08,33.21,75.67,30.69,42.3,39.7,30.5,2.41,48.4,26739,Caution,Yellow,8155.0,1.1,0.05
35,Ward 35,2026-08-08,33.24,74.33,30.64,42.01,39.3,30.4,2.64,49.9,35024,Caution,Yellow,10647.0,1.1,0.07
55,Ward 55,2026-08-08,33.02,76.02,30.57,41.86,38.6,30.4,2.32,52.9,32254,Caution,Yellow,9805.0,1.09,0.06
73,Ward 73,2026-08-08,32.97,74.55,30.51,41.63,38.0,30.4,2.67,55.8,23512,Caution,Yellow,7148.0,1.09,0.04
64,Ward 64,2026-08-08,32.95,76.33,30.53,41.74,38.2,30.3,2.25,54.1,31280,Caution,Yellow,9478.0,1.09,0.06
82,Ward 82,2026-08-08,32.94,74.69,30.49,41.59,37.8,30.3,2.64,55.7,38838,Caution,Yellow,11768.0,1.09,0.07
4,Ward 4,2026-08-08,33.11,74.88,30.57,41.8,38.6,30.2,2.51,51.5,34476,Caution,Yellow,10412.0,1.09,0.06
85,Ward 85,2026-08-08,32.91,74.8,30.48,41.54,37.7,30.2,2.61,56.0,29566,Caution,Yellow,8929.0,1.09,0.05
103,Ward 103,2026-08-08,33.11,76.08,30.63,42.12,39.2,29.9,2.31,47.3,25428,Caution,Yellow,7603.0,1.1,0.05
50,Ward 50,2026-08-08,32.93,74.73,30.48,41.56,37.7,29.7,2.63,53.0,17251,Caution,Yellow,5124.0,1.09,0.03
81,Ward 81,2026-08-08,32.74,75.54,30.39,41.28,36.8,29.4,2.44,55.1,41501,Caution,Yellow,12201.0,1.09,0.07
101,Ward 101,2026-08-08,33.0,76.57,30.57,41.96,38.6,29.4,2.2,47.2,40208,Caution,Yellow,11821.0,1.09,0.07
105,Ward 105,2026-08-08,33.08,75.76,30.59,41.91,38.8,29.3,2.38,45.8,21267,Caution,Yellow,6231.0,1.09,0.04
133,Ward 133,2026-08-08,32.67,75.85,30.36,41.2,36.5,29.1,2.37,55.1,25588,Caution,Yellow,7446.0,1.09,0.04
12,Ward 12,2026-08-08,32.81,76.18,30.43,41.41,37.2,29.0,2.21,51.1,21493,Caution,Yellow,6233.0,1.09,0.04
51,Ward 51,2026-08-08,32.86,75.02,30.45,41.47,37.4,29.0,2.56,50.0,13556,Caution,Yellow,3931.0,1.09,0.02
68,Ward 68,2026-08-08,32.83,76.86,30.47,41.59,37.6,29.0,2.13,49.4,20724,Caution,Yellow,6010.0,1.09,0.04
132,Ward 132,2026-08-08,32.68,75.8,30.35,41.19,36.5,28.9,2.38,53.9,26274,Caution,Yellow,7593.0,1.09,0.05
31,Ward 31,2026-08-08,32.8,76.23,30.42,41.38,37.1,28.8,2.2,50.1,39025,Caution,Yellow,11239.0,1.09,0.07
72,Ward 72,2026-08-08,32.7,75.71,30.37,41.25,36.6,28.8,2.4,52.6,19167,Caution,Yellow,5520.0,1.09,0.03
102,Ward 102,2026-08-08,32.9,77.01,30.53,41.83,38.2,28.8,2.1,45.5,21503,Caution,Yellow,6193.0,1.09,0.04
104,Ward 104,2026-08-08,33.01,76.06,30.56,41.83,38.5,28.8,2.31,43.9,33185,Caution,Yellow,9557.0,1.09,0.06
117,Ward 117,2026-08-08,32.64,75.97,30.34,41.15,36.4,28.7,2.34,53.1,21824,Caution,Yellow,6263.0,1.09,0.04
6,Ward 6,2026-08-08,32.63,76.96,30.33,41.12,36.3,28.6,2.03,52.9,42346,Caution,Yellow,12111.0,1.09,0.07
32,Ward 32,2026-08-08,32.6,77.1,30.31,41.07,36.1,28.6,2.0,54.1,45636,Caution,Yellow,13052.0,1.09,0.08
2,Ward 2,2026-08-08,32.91,75.73,30.47,41.54,37.6,28.5,2.31,46.3,48190,Caution,Yellow,13734.0,1.09,0.09
89,Ward 89,2026-08-08,32.73,75.59,30.39,41.29,36.8,28.5,2.43,50.0,22304,Caution,Yellow,6357.0,1.09,0.04
118,Ward 118,2026-08-08,32.6,76.14,30.31,41.07,36.1,28.4,2.3,52.3,21810,Caution,Yellow,6194.0,1.09,0.04
92,Ward 92,2026-08-08,32.84,76.81,30.47,41.57,37.6,28.3,2.14,44.8,36450,Caution,Yellow,10315.0,1.09,0.07
120,Ward 120,2026-08-08,32.67,75.85,30.36,41.2,36.5,28.3,2.37,49.9,19710,Caution,Yellow,5578.0,1.09,0.03
100,Ward 100,2026-08-08,32.75,77.68,30.46,41.63,37.5,28.0,1.95,43.6,25507,Caution,Yellow,7142.0,1.09,0.05
106,Ward 106,2026-08-08,32.7,77.43,30.41,41.4,37.0,28.0,2.0,46.1,40618,Caution,Yellow,11373.0,1.09,0.07
107,Ward 107,2026-08-08,32.6,77.89,30.35,41.23,36.5,27.9,1.9,47.8,54260,Caution,Yellow,15139.0,1.09,0.09
111,Ward 111,2026-08-08,32.62,78.26,30.39,41.44,36.8,27.8,1.82,45.5,38647,Caution,Yellow,10744.0,1.09,0.07
57,Ward 57,2026-08-08,32.42,78.69,30.26,40.97,35.6,27.7,1.72,50.6,49856,Caution,Yellow,13810.0,1.08,0.08
71,Ward 71,2026-08-08,32.58,76.24,30.31,41.05,36.1,27.7,2.28,48.2,29922,Caution,Yellow,8288.0,1.09,0.05
130,Ward 130,2026-08-08,32.5,76.59,30.26,40.94,35.6,27.6,2.2,49.8,23227,Caution,Yellow,6411.0,1.08,0.04
110,Ward 110,2026-08-08,32.53,78.66,30.34,41.29,36.4,27.3,1.73,44.7,27470,Caution,Yellow,7499.0,1.09,0.05
131,Ward 131,2026-08-08,32.45,76.82,30.24,40.87,35.4,27.3,2.15,48.9,30911,Caution,Yellow,8439.0,1.08,0.05
138,Ward 138,2026-08-08,31.8,79.82,30.0,40.36,33.2,27.3,1.8,60.7,28858,Caution,Yellow,7878.0,1.08,0.04
69,Ward 69,2026-08-08,32.28,77.56,30.16,40.64,34.7,27.0,1.98,50.6,44111,Caution,Yellow,11910.0,1.08,0.07
119,Ward 119,2026-08-08,32.46,76.76,30.25,40.9,35.5,27.0,2.16,46.9,16491,Caution,Yellow,4453.0,1.08,0.03
136,Ward 136,2026-08-08,32.27,77.61,30.15,40.61,34.6,27.0,1.97,51.0,21482,Caution,Yellow,5800.0,1.08,0.03
93,Ward 93,2026-08-08,32.42,76.95,30.22,40.82,35.2,26.9,2.12,47.7,44364,Caution,Yellow,11934.0,1.08,0.07
96,Ward 96,2026-08-08,32.63,76.28,30.23,41.29,35.3,26.9,2.33,47.3,31033,Caution,Yellow,8348.0,1.08,0.05
95,Ward 95,2026-08-08,32.59,76.47,30.21,41.25,35.1,26.8,2.29,47.6,26737,Caution,Yellow,7166.0,1.08,0.04
98,Ward 98,2026-08-08,32.63,76.28,30.23,41.29,35.3,26.8,2.33,46.3,31708,Caution,Yellow,8498.0,1.08,0.05
129,Ward 129,2026-08-08,32.28,77.56,30.16,40.64,34.7,26.6,1.98,47.9,39654,Caution,Yellow,10548.0,1.08,0.06
70,Ward 70,2026-08-08,32.36,77.22,30.2,40.76,35.0,26.5,2.06,46.0,18618,Caution,Yellow,4934.0,1.08,0.03
137,Ward 137,2026-08-08,31.91,79.23,29.97,40.07,32.9,26.5,1.61,56.7,19385,Caution,Yellow,5137.0,1.08,0.03
116,Ward 116,2026-08-08,32.39,77.34,30.1,40.93,34.1,26.4,2.09,49.7,28338,Caution,Yellow,7481.0,1.08,0.05
86,Ward 86,2026-08-08,32.23,77.79,30.14,40.57,34.5,26.3,1.93,47.1,19195,Caution,Yellow,5048.0,1.08,0.03
33,Ward 33,2026-08-08,32.39,78.82,30.24,40.92,35.4,26.2,1.69,42.5,45919,Caution,Yellow,12031.0,1.08,0.08
112,Ward 112,2026-08-08,32.34,77.57,30.08,40.86,33.9,25.9,2.04,47.5,32404,Caution,Yellow,8393.0,1.08,0.05
115,Ward 115,2026-08-08,32.4,77.3,30.11,40.96,34.2,25.9,2.1,46.0,31919,Caution,Yellow,8267.0,1.08,0.05
113,Ward 113,2026-08-08,32.31,77.7,30.07,40.84,33.8,25.8,2.01,47.7,33475,Caution,Yellow,8637.0,1.08,0.05
5,Ward 5,2026-08-08,32.3,78.44,30.17,40.66,34.7,25.7,1.7,42.1,23707,Caution,Yellow,6093.0,1.08,0.04
123,Ward 123,2026-08-08,32.3,77.76,30.06,40.81,33.7,25.7,2.0,47.5,35386,Caution,Yellow,9094.0,1.08,0.06
109,Ward 109,2026-08-08,31.94,81.39,30.05,40.41,33.6,25.5,1.14,46.2,64567,Caution,Yellow,16465.0,1.08,0.1
114,Ward 114,2026-08-08,32.24,78.02,30.03,40.71,33.4,25.5,1.94,47.4,41913,Caution,Yellow,10688.0,1.08,0.07
139,Ward 139,2026-08-08,31.4,81.67,29.8,39.73,31.3,25.5,1.4,58.5,42014,Caution,Yellow,10714.0,1.07,0.06
121,Ward 121,2026-08-08,32.22,78.1,30.02,40.69,33.3,25.4,1.92,47.5,29921,Caution,Yellow,7600.0,1.08,0.05
124,Ward 124,2026-08-08,32.13,78.5,29.98,40.57,33.0,25.3,1.83,47.9,39179,Caution,Yellow,9912.0,1.08,0.06
128,Ward 128,2026-08-08,32.22,78.1,30.02,40.69,33.3,25.2,1.92,46.1,32179,Caution,Yellow,8109.0,1.08,0.05
58,Ward 58,2026-08-08,31.65,82.26,29.88,39.85,32.1,25.1,0.95,51.8,88465,Caution,Yellow,22205.0,1.08,0.13
125,Ward 125,2026-08-08,32.11,78.6,29.96,40.51,32.8,24.9,1.81,46.6,44850,Normal,Green,11168.0,1.08,0.07
79,Ward 79,2026-08-08,31.75,79.95,29.89,39.82,32.1,24.8,1.45,49.2,44303,Normal,Green,10987.0,1.08,0.07
141,Ward 141,2026-08-08,31.18,82.73,29.7,39.41,30.4,24.4,1.18,55.9,41152,Normal,Green,10041.0,1.07,0.06
140,Ward 140,2026-08-08,31.07,83.24,29.63,39.22,29.8,24.0,1.07,56.8,30504,Normal,Green,7321.0,1.07,0.04
127,Ward 127,2026-08-08,31.87,79.69,29.85,40.16,31.8,23.8,1.57,44.0,43782,Normal,Green,10420.0,1.07,0.06
122,Ward 122,2026-08-08,31.85,79.78,29.84,40.14,31.7,23.7,1.55,43.9,39198,Normal,Green,9290.0,1.07,0.06
74,Ward 74,2026-08-08,31.51,81.08,29.77,39.47,31.0,23.3,1.21,45.1,42176,Normal,Green,9827.0,1.07,0.06
46,Ward 46,2026-08-08,31.33,81.92,29.68,39.19,30.2,23.2,1.03,48.6,12823,Normal,Green,2975.0,1.07,0.02
126,Ward 126,2026-08-08,31.72,80.39,29.77,39.93,31.0,22.8,1.42,41.4,31631,Normal,Green,7212.0,1.07,0.04
97,Ward 97,2026-08-08,31.65,80.72,29.74,39.83,30.8,22.1,1.35,37.4,37199,Normal,Green,8221.0,1.07,0.05
108,Ward 108,2026-08-08,31.06,85.12,29.59,38.93,29.4,22.0,0.36,44.3,64777,Normal,Green,14251.0,1.07,0.09
87,Ward 87,2026-08-08,31.35,81.84,29.7,39.25,30.4,21.9,1.05,38.2,12675,Normal,Green,2776.0,1.07,0.02
45,Ward 45,2026-08-08,30.6,86.84,29.45,38.17,28.2,21.8,0.0,49.3,8394,Normal,Green,1830.0,1.06,0.01
80,Ward 80,2026-08-08,30.34,86.78,29.19,37.62,25.9,20.2,0.04,51.2,31094,Normal,Green,6281.0,1.06,0.03
90,Ward 90,2026-08-08,30.75,84.74,29.4,38.3,27.7,19.8,0.45,36.3,18857,Normal,Green,3734.0,1.06,0.02
63,Ward 63,2026-08-08,30.38,86.59,29.22,37.71,26.2,19.3,0.08,41.1,24387,Normal,Green,4707.0,1.06,0.03
94,Ward 94,2026-08-08,30.87,84.44,29.36,38.61,27.4,19.3,0.57,34.3,27469,Normal,Green,5302.0,1.06,0.03
24,Ward 24,2026-08-09,34.97,70.47,32.58,46.14,59.4,54.2,3.47,80.5,19824,Danger,Orange,10745.0,1.15,0.06
23,Ward 23,2026-08-09,35.0,70.33,32.6,46.19,59.6,53.4,3.5,77.0,18256,Danger,Orange,9749.0,1.15,0.05
39,Ward 39,2026-08-09,34.74,71.38,32.47,45.82,58.2,52.4,3.24,77.7,21296,Danger,Orange,11159.0,1.15,0.06
49,Ward 49,2026-08-09,34.62,71.54,32.31,45.49,56.4,52.0,3.22,82.7,19416,Danger,Orange,10096.0,1.14,0.05
18,Ward 18,2026-08-09,34.93,70.62,32.56,46.07,59.2,51.5,3.43,71.1,22267,Danger,Orange,11468.0,1.15,0.07
29,Ward 29,2026-08-09,34.69,71.25,32.34,45.57,56.8,51.3,3.29,78.3,53782,Danger,Orange,27590.0,1.14,0.15
48,Ward 48,2026-08-09,34.82,71.06,32.51,45.92,58.6,50.9,3.32,70.7,20437,Danger,Orange,10402.0,1.15,0.06
42,Ward 42,2026-08-09,34.56,72.12,32.37,45.55,57.1,50.7,3.06,74.9,21746,Danger,Orange,11025.0,1.14,0.06
43,Ward 43,2026-08-09,34.67,71.68,32.44,45.75,57.8,50.5,3.17,71.9,17677,Danger,Orange,8927.0,1.15,0.05
28,Ward 28,2026-08-09,34.72,71.15,32.35,45.61,56.9,49.9,3.32,72.7,38110,Caution,Yellow,19017.0,1.14,0.11
19,Ward 19,2026-08-09,34.81,71.11,32.51,45.94,58.6,49.2,3.31,64.3,21158,Caution,Yellow,10410.0,1.15,0.06
41,Ward 41,2026-08-09,34.56,72.12,32.37,45.55,57.1,49.0,3.06,68.6,19946,Caution,Yellow,9774.0,1.14,0.06
37,Ward 37,2026-08-09,34.56,71.78,32.28,45.4,56.1,48.6,3.16,70.2,24020,Caution,Yellow,11674.0,1.14,0.07
54,Ward 54,2026-08-09,34.79,70.86,32.22,45.82,55.5,48.6,3.39,72.5,36235,Caution,Yellow,17610.0,1.14,0.1
26,Ward 26,2026-08-09,34.58,72.04,32.39,45.61,57.3,48.5,3.08,65.9,25371,Caution,Yellow,12305.0,1.14,0.07
25,Ward 25,2026-08-09,34.63,71.83,32.42,45.67,57.6,48.2,3.13,63.8,27484,Caution,Yellow,13247.0,1.14,0.08
21,Ward 21,2026-08-09,34.46,72.52,32.33,45.43,56.6,47.9,2.96,65.8,21187,Caution,Yellow,10149.0,1.14,0.06
77,Ward 77,2026-08-09,34.6,71.3,32.14,45.29,54.6,47.8,3.4,72.2,45984,Caution,Yellow,21980.0,1.14,0.12
20,Ward 20,2026-08-09,34.56,72.12,32.37,45.55,57.1,47.3,3.06,61.7,21576,Caution,Yellow,10205.0,1.14,0.06
44,Ward 44,2026-08-09,34.37,72.89,32.28,45.29,56.1,47.3,2.87,65.2,29600,Caution,Yellow,14001.0,1.14,0.08
62,Ward 62,2026-08-09,34.5,71.7,32.09,45.12,54.1,46.4,3.3,68.4,34832,Caution,Yellow,16162.0,1.14,0.09
16,Ward 16,2026-08-09,34.46,72.19,32.22,45.24,55.5,45.7,3.06,60.7,20904,Caution,Yellow,9553.0,1.14,0.06
11,Ward 11,2026-08-09,34.46,72.19,32.22,45.24,55.5,45.3,3.06,59.0,22152,Caution,Yellow,10035.0,1.14,0.06
78,Ward 78,2026-08-09,34.38,72.18,32.02,44.94,53.3,45.3,3.18,66.7,54090,Caution,Yellow,24503.0,1.13,0.14
38,Ward 38,2026-08-09,34.32,72.77,32.15,45.04,54.7,44.8,2.92,59.7,28791,Caution,Yellow,12898.0,1.14,0.08
60,Ward 60,2026-08-09,34.34,72.69,32.0,45.2,53.1,44.6,2.94,64.6,35732,Caution,Yellow,15936.0,1.13,0.09
135,Ward 135,2026-08-09,33.88,74.26,31.78,44.23,50.8,44.4,2.68,71.9,33258,Caution,Yellow,14767.0,1.13,0.08
65,Ward 65,2026-08-09,34.3,72.85,31.97,45.12,52.8,44.3,2.9,64.2,72427,Caution,Yellow,32085.0,1.13,0.19
10,Ward 10,2026-08-09,34.37,72.56,32.17,45.1,54.9,44.2,2.97,56.8,27700,Caution,Yellow,12243.0,1.14,0.08
9,Ward 9,2026-08-09,34.32,73.1,32.26,45.23,55.9,44.1,2.82,53.2,16420,Caution,Yellow,7241.0,1.14,0.05
66,Ward 66,2026-08-09,34.25,73.07,31.95,45.06,52.6,44.1,2.85,64.3,98024,Caution,Yellow,43229.0,1.13,0.25
40,Ward 40,2026-08-09,34.23,73.13,32.1,44.9,54.2,44.0,2.83,58.1,20549,Caution,Yellow,9042.0,1.14,0.06
52,Ward 52,2026-08-09,34.27,72.65,31.97,44.79,52.8,43.9,3.07,62.4,16869,Caution,Yellow,7405.0,1.13,0.04
22,Ward 22,2026-08-09,34.01,74.4,32.1,44.78,54.2,43.6,2.51,56.7,15730,Caution,Yellow,6858.0,1.14,0.04
56,Ward 56,2026-08-09,34.35,72.66,32.01,45.19,53.2,43.4,2.95,59.2,43622,Caution,Yellow,18932.0,1.13,0.11
134,Ward 134,2026-08-09,33.65,75.24,31.67,43.93,49.6,43.4,2.45,72.2,35780,Caution,Yellow,15529.0,1.12,0.09
47,Ward 47,2026-08-09,34.04,74.27,32.12,44.83,54.4,43.3,2.54,54.7,14684,Caution,Yellow,6358.0,1.14,0.04
53,Ward 53,2026-08-09,34.29,72.55,31.98,44.81,52.9,43.3,3.09,59.7,25598,Caution,Yellow,11084.0,1.13,0.07
30,Ward 30,2026-08-09,34.2,73.26,32.09,44.86,54.1,43.2,2.8,55.1,30050,Caution,Yellow,12982.0,1.14,0.08
36,Ward 36,2026-08-09,33.5,76.25,31.74,43.86,50.4,42.9,2.1,66.9,27238,Caution,Yellow,11685.0,1.13,0.07
14,Ward 14,2026-08-09,34.11,73.64,32.05,44.76,53.6,42.6,2.71,54.2,53343,Caution,Yellow,22724.0,1.14,0.14
17,Ward 17,2026-08-09,34.24,73.1,32.11,44.93,54.3,42.3,2.84,51.0,21023,Caution,Yellow,8893.0,1.14,0.06
8,Ward 8,2026-08-09,34.18,73.35,32.08,44.84,54.0,42.1,2.78,50.9,18760,Caution,Yellow,7898.0,1.14,0.05
13,Ward 13,2026-08-09,33.92,74.44,31.96,44.5,52.7,42.1,2.52,55.4,33066,Caution,Yellow,13921.0,1.13,0.09
27,Ward 27,2026-08-09,34.03,73.97,32.01,44.65,53.2,42.1,2.63,53.7,19350,Caution,Yellow,8146.0,1.13,0.05
61,Ward 61,2026-08-09,33.91,74.13,31.79,44.28,50.9,42.1,2.71,61.6,29704,Caution,Yellow,12505.0,1.13,0.07
3,Ward 3,2026-08-09,33.98,74.18,31.98,44.54,52.9,42.0,2.58,54.4,53855,Caution,Yellow,22619.0,1.13,0.14
75,Ward 75,2026-08-09,33.91,74.13,31.79,44.28,50.9,42.0,2.71,61.0,26925,Caution,Yellow,11308.0,1.13,0.07
1,Ward 1,2026-08-09,33.93,74.4,31.96,44.48,52.7,41.7,2.53,53.6,53125,Caution,Yellow,22153.0,1.13,0.14
7,Ward 7,2026-08-09,34.01,74.05,31.99,44.59,53.0,41.7,2.61,52.6,19180,Caution,Yellow,7998.0,1.13,0.05
88,Ward 88,2026-08-09,34.0,73.76,31.84,44.42,51.4,41.7,2.8,58.0,23672,Caution,Yellow,9871.0,1.13,0.06
15,Ward 15,2026-08-09,34.01,74.05,31.99,44.59,53.0,41.6,2.61,52.4,23922,Caution,Yellow,9952.0,1.13,0.06
83,Ward 83,2026-08-09,33.98,73.85,31.83,44.41,51.3,41.6,2.78,57.9,22163,Caution,Yellow,9220.0,1.13,0.06
35,Ward 35,2026-08-09,34.04,73.93,32.01,44.64,53.2,41.2,2.64,49.9,35024,Caution,Yellow,14430.0,1.13,0.09
4,Ward 4,2026-08-09,33.91,74.48,31.95,44.46,52.6,41.1,2.51,51.5,34476,Caution,Yellow,14170.0,1.13,0.09
59,Ward 59,2026-08-09,33.86,74.69,31.76,44.5,50.6,41.0,2.46,57.8,70261,Caution,Yellow,28807.0,1.13,0.18
84,Ward 84,2026-08-09,33.82,74.52,31.74,44.14,50.4,41.0,2.62,58.6,19230,Caution,Yellow,7884.0,1.13,0.05
76,Ward 76,2026-08-09,33.95,73.98,31.82,44.36,51.2,40.9,2.75,55.5,21946,Caution,Yellow,8976.0,1.13,0.06
73,Ward 73,2026-08-09,33.87,74.3,31.78,44.25,50.8,40.7,2.67,55.8,23512,Caution,Yellow,9569.0,1.13,0.06
82,Ward 82,2026-08-09,33.84,74.45,31.76,44.2,50.6,40.5,2.64,55.7,38838,Caution,Yellow,15729.0,1.13,0.1
85,Ward 85,2026-08-09,33.81,74.55,31.75,44.15,50.5,40.5,2.61,56.0,29566,Caution,Yellow,11974.0,1.13,0.07
91,Ward 91,2026-08-09,33.93,74.4,31.8,44.59,51.0,40.1,2.53,52.5,38450,Caution,Yellow,15418.0,1.13,0.1
12,Ward 12,2026-08-09,33.61,75.78,31.8,44.03,51.0,39.8,2.21,51.1,21493,Caution,Yellow,8554.0,1.13,0.05
50,Ward 50,2026-08-09,33.83,74.47,31.75,44.17,50.5,39.8,2.63,53.0,17251,Caution,Yellow,6866.0,1.13,0.04
67,Ward 67,2026-08-09,33.81,74.92,31.73,44.44,50.3,39.8,2.41,53.4,56284,Caution,Yellow,22401.0,1.13,0.14
32,Ward 32,2026-08-09,33.4,76.68,31.7,43.73,50.0,39.7,2.0,54.1,45636,Caution,Yellow,18117.0,1.12,0.11
6,Ward 6,2026-08-09,33.43,76.55,31.71,43.78,50.1,39.5,2.03,52.9,42346,Caution,Yellow,16727.0,1.12,0.1
31,Ward 31,2026-08-09,33.6,75.81,31.79,44.0,50.9,39.5,2.2,50.1,39025,Caution,Yellow,15415.0,1.13,0.1
81,Ward 81,2026-08-09,33.64,75.29,31.66,43.9,49.5,39.5,2.44,55.1,41501,Caution,Yellow,16393.0,1.12,0.1
34,Ward 34,2026-08-09,33.96,74.28,31.8,44.64,51.0,39.3,2.56,49.0,29773,Caution,Yellow,11701.0,1.13,0.07
133,Ward 133,2026-08-09,33.57,75.59,31.63,43.81,49.2,39.3,2.37,55.1,25588,Caution,Yellow,10056.0,1.12,0.06
55,Ward 55,2026-08-09,33.72,75.3,31.68,44.28,49.7,39.2,2.32,52.9,32254,Caution,Yellow,12644.0,1.12,0.08
64,Ward 64,2026-08-09,33.65,75.59,31.65,44.19,49.4,39.2,2.25,54.1,31280,Caution,Yellow,12262.0,1.12,0.08
2,Ward 2,2026-08-09,33.71,75.33,31.85,44.16,51.5,39.1,2.31,46.3,48190,Caution,Yellow,18842.0,1.13,0.12
132,Ward 132,2026-08-09,33.58,75.54,31.63,43.8,49.2,39.0,2.38,53.9,26274,Caution,Yellow,10247.0,1.12,0.06
51,Ward 51,2026-08-09,33.76,74.77,31.72,44.09,50.2,38.9,2.56,50.0,13556,Caution,Yellow,5273.0,1.12,0.03
72,Ward 72,2026-08-09,33.6,75.46,31.64,43.86,49.3,38.8,2.4,52.6,19167,Caution,Yellow,7437.0,1.12,0.05
117,Ward 117,2026-08-09,33.54,75.71,31.61,43.77,49.0,38.7,2.34,53.1,21824,Caution,Yellow,8446.0,1.12,0.05
89,Ward 89,2026-08-09,33.63,75.32,31.65,43.87,49.4,38.3,2.43,50.0,22304,Caution,Yellow,8542.0,1.12,0.05
118,Ward 118,2026-08-09,33.5,75.9,31.59,43.69,48.8,38.3,2.3,52.3,21810,Caution,Yellow,8353.0,1.12,0.05
120,Ward 120,2026-08-09,33.57,75.59,31.63,43.81,49.2,38.1,2.37,49.9,19710,Caution,Yellow,7510.0,1.12,0.05
105,Ward 105,2026-08-09,33.78,75.03,31.72,44.38,50.2,38.0,2.38,45.8,21267,Caution,Yellow,8081.0,1.12,0.05
68,Ward 68,2026-08-09,33.53,76.12,31.59,44.03,48.8,37.7,2.13,49.4,20724,Caution,Yellow,7813.0,1.12,0.05
130,Ward 130,2026-08-09,33.4,76.31,31.54,43.55,48.3,37.4,2.2,49.8,23227,Caution,Yellow,8687.0,1.12,0.06
71,Ward 71,2026-08-09,33.48,75.97,31.58,43.67,48.7,37.3,2.28,48.2,29922,Caution,Yellow,11161.0,1.12,0.07
104,Ward 104,2026-08-09,33.71,75.35,31.69,44.3,49.8,37.2,2.31,43.9,33185,Caution,Yellow,12345.0,1.12,0.08
131,Ward 131,2026-08-09,33.35,76.54,31.52,43.49,48.1,37.0,2.15,48.9,30911,Caution,Yellow,11437.0,1.12,0.07
99,Ward 99,2026-08-09,33.51,75.93,31.52,43.72,48.1,36.9,2.41,48.4,26739,Caution,Yellow,9867.0,1.12,0.06
92,Ward 92,2026-08-09,33.54,76.07,31.6,44.02,48.9,36.8,2.14,44.8,36450,Caution,Yellow,13414.0,1.12,0.09
136,Ward 136,2026-08-09,33.17,77.32,31.43,43.23,47.2,36.8,1.97,51.0,21482,Caution,Yellow,7905.0,1.12,0.05
69,Ward 69,2026-08-09,33.18,77.3,31.43,43.22,47.2,36.7,1.98,50.6,44111,Caution,Yellow,16189.0,1.12,0.1
119,Ward 119,2026-08-09,33.36,76.5,31.53,43.52,48.2,36.7,2.16,46.9,16491,Caution,Yellow,6052.0,1.12,0.04
93,Ward 93,2026-08-09,33.32,76.67,31.5,43.44,47.9,36.6,2.12,47.7,44364,Caution,Yellow,16237.0,1.12,0.1
106,Ward 106,2026-08-09,33.4,76.69,31.53,43.83,48.2,36.5,2.0,46.1,40618,Caution,Yellow,14826.0,1.12,0.1
107,Ward 107,2026-08-09,33.3,77.12,31.48,43.69,47.7,36.5,1.9,47.8,54260,Caution,Yellow,19805.0,1.12,0.13
137,Ward 137,2026-08-09,32.81,78.94,31.25,42.7,45.3,36.5,1.61,56.7,19385,Caution,Yellow,7076.0,1.11,0.04
103,Ward 103,2026-08-09,33.41,76.37,31.48,43.58,47.7,36.4,2.31,47.3,25428,Caution,Yellow,9256.0,1.12,0.06
57,Ward 57,2026-08-09,33.12,77.92,31.39,43.41,46.7,36.3,1.72,50.6,49856,Caution,Yellow,18098.0,1.12,0.11
129,Ward 129,2026-08-09,33.18,77.3,31.43,43.22,47.2,36.1,1.98,47.9,39654,Caution,Yellow,14315.0,1.12,0.09
70,Ward 70,2026-08-09,33.26,76.92,31.47,43.34,47.6,36.0,2.06,46.0,18618,Caution,Yellow,6702.0,1.12,0.04
96,Ward 96,2026-08-09,33.53,77.3,31.41,44.09,47.0,35.9,2.33,47.3,31033,Caution,Yellow,11141.0,1.12,0.07
101,Ward 101,2026-08-09,33.3,76.85,31.42,43.42,47.1,35.9,2.2,47.2,40208,Caution,Yellow,14435.0,1.12,0.09
95,Ward 95,2026-08-09,33.49,77.49,31.4,44.06,46.8,35.8,2.29,47.6,26737,Caution,Yellow,9572.0,1.12,0.06
5,Ward 5,2026-08-09,33.1,78.0,31.54,43.27,48.3,35.7,1.7,42.1,23707,Caution,Yellow,8463.0,1.12,0.06
86,Ward 86,2026-08-09,33.13,77.51,31.4,43.15,46.8,35.7,1.93,47.1,19195,Caution,Yellow,6853.0,1.12,0.04
98,Ward 98,2026-08-09,33.53,77.3,31.41,44.09,47.0,35.6,2.33,46.3,31708,Caution,Yellow,11288.0,1.12,0.07
116,Ward 116,2026-08-09,33.29,78.36,31.3,43.74,45.8,35.4,2.09,49.7,28338,Caution,Yellow,10032.0,1.11,0.06
102,Ward 102,2026-08-09,33.2,77.3,31.37,43.28,46.5,35.1,2.1,45.5,21503,Caution,Yellow,7548.0,1.12,0.05
112,Ward 112,2026-08-09,33.24,78.59,31.28,43.67,45.6,34.8,2.04,47.5,32404,Caution,Yellow,11277.0,1.11,0.07
113,Ward 113,2026-08-09,33.21,78.73,31.26,43.61,45.4,34.7,2.01,47.7,33475,Caution,Yellow,11616.0,1.11,0.07
115,Ward 115,2026-08-09,33.3,78.33,31.3,43.77,45.8,34.7,2.1,46.0,31919,Caution,Yellow,11076.0,1.11,0.07
123,Ward 123,2026-08-09,33.2,78.77,31.25,43.63,45.3,34.6,2.0,47.5,35386,Caution,Yellow,12244.0,1.11,0.08
33,Ward 33,2026-08-09,33.09,78.05,31.38,43.35,46.6,34.5,1.69,42.5,45919,Caution,Yellow,15842.0,1.12,0.1
114,Ward 114,2026-08-09,33.14,79.04,31.23,43.52,45.1,34.4,1.94,47.4,41913,Caution,Yellow,14418.0,1.11,0.09
79,Ward 79,2026-08-09,32.65,79.68,31.17,42.45,44.5,34.3,1.45,49.2,44303,Caution,Yellow,15196.0,1.11,0.1
121,Ward 121,2026-08-09,33.12,79.12,31.21,43.5,44.9,34.3,1.92,47.5,29921,Caution,Yellow,10263.0,1.11,0.07
100,Ward 100,2026-08-09,33.05,77.96,31.29,43.03,45.7,34.1,1.95,43.6,25507,Caution,Yellow,8698.0,1.11,0.06
124,Ward 124,2026-08-09,33.03,79.54,31.17,43.35,44.5,34.1,1.83,47.9,39179,Caution,Yellow,13360.0,1.11,0.08
111,Ward 111,2026-08-09,32.92,78.53,31.22,42.84,45.0,34.0,1.82,45.5,38647,Caution,Yellow,13140.0,1.11,0.08
128,Ward 128,2026-08-09,33.12,79.12,31.21,43.5,44.9,34.0,1.92,46.1,32179,Caution,Yellow,10941.0,1.11,0.07
125,Ward 125,2026-08-09,33.01,79.63,31.16,43.33,44.4,33.7,1.81,46.6,44850,Caution,Yellow,15114.0,1.11,0.1
58,Ward 58,2026-08-09,32.35,81.43,31.01,42.2,42.9,33.6,0.95,51.8,88465,Caution,Yellow,29724.0,1.1,0.18
110,Ward 110,2026-08-09,32.83,78.95,31.19,42.72,44.7,33.6,1.73,44.7,27470,Caution,Yellow,9230.0,1.11,0.06
138,Ward 138,2026-08-09,32.5,79.8,30.71,42.23,39.9,32.8,1.8,60.7,28858,Caution,Yellow,9465.0,1.1,0.06
46,Ward 46,2026-08-09,32.23,81.61,30.96,41.82,42.4,32.6,1.03,48.6,12823,Caution,Yellow,4180.0,1.1,0.03
74,Ward 74,2026-08-09,32.41,80.77,31.04,42.07,43.2,32.5,1.21,45.1,42176,Caution,Yellow,13707.0,1.11,0.09
127,Ward 127,2026-08-09,32.77,80.74,31.05,42.95,43.3,32.4,1.57,44.0,43782,Caution,Yellow,14185.0,1.11,0.09
122,Ward 122,2026-08-09,32.75,80.84,31.03,42.93,43.1,32.2,1.55,43.9,39198,Caution,Yellow,12622.0,1.11,0.08
45,Ward 45,2026-08-09,31.5,85.94,30.87,41.0,41.5,32.0,0.0,49.3,8394,Caution,Yellow,2686.0,1.1,0.02
109,Ward 109,2026-08-09,32.24,81.66,30.89,41.82,41.7,31.6,1.14,46.2,64567,Caution,Yellow,20403.0,1.1,0.13
126,Ward 126,2026-08-09,32.62,81.43,30.97,42.73,42.5,31.3,1.42,41.4,31631,Caution,Yellow,9901.0,1.1,0.07
139,Ward 139,2026-08-09,32.1,81.66,30.52,41.61,38.1,31.0,1.4,58.5,42014,Caution,Yellow,13024.0,1.09,0.08
87,Ward 87,2026-08-09,32.25,81.52,30.97,41.85,42.5,30.7,1.05,38.2,12675,Caution,Yellow,3891.0,1.1,0.03
97,Ward 97,2026-08-09,32.55,81.77,30.94,42.63,42.2,30.3,1.35,37.4,37199,Caution,Yellow,11271.0,1.1,0.08
108,Ward 108,2026-08-09,31.76,84.25,30.72,41.27,40.0,30.0,0.36,44.3,64777,Caution,Yellow,19433.0,1.1,0.12
141,Ward 141,2026-08-09,31.88,82.69,30.41,41.27,37.0,29.7,1.18,55.9,41152,Caution,Yellow,12222.0,1.09,0.07
140,Ward 140,2026-08-09,31.77,83.2,30.36,41.11,36.5,29.4,1.07,56.8,30504,Caution,Yellow,8968.0,1.09,0.05
80,Ward 80,2026-08-09,31.24,86.41,30.47,40.25,37.6,29.3,0.04,51.2,31094,Caution,Yellow,9111.0,1.09,0.06
90,Ward 90,2026-08-09,31.65,84.38,30.68,40.92,39.6,28.2,0.45,36.3,18857,Caution,Yellow,5318.0,1.1,0.04
63,Ward 63,2026-08-09,31.28,86.21,30.49,40.3,37.8,27.8,0.08,41.1,24387,Caution,Yellow,6780.0,1.09,0.04
94,Ward 94,2026-08-09,31.77,85.51,30.56,41.41,38.5,27.1,0.57,34.3,27469,Caution,Yellow,7444.0,1.09,0.05
49,Ward 49,2026-08-10,35.42,70.76,33.05,45.16,64.6,59.6,3.22,82.7,19416,Danger,Orange,11572.0,1.16,0.06
29,Ward 29,2026-08-10,35.49,70.49,33.08,45.22,64.9,58.6,3.29,78.3,53782,Danger,Orange,31516.0,1.16,0.17
28,Ward 28,2026-08-10,35.52,70.37,33.09,45.26,65.0,57.0,3.32,72.7,38110,Danger,Orange,21723.0,1.16,0.12
37,Ward 37,2026-08-10,35.36,71.0,33.02,45.08,64.3,55.7,3.16,70.2,24020,Danger,Orange,13379.0,1.16,0.08
24,Ward 24,2026-08-10,35.17,69.98,32.59,45.37,59.5,54.3,3.47,80.5,19824,Danger,Orange,10764.0,1.15,0.06
77,Ward 77,2026-08-10,35.0,71.65,32.8,46.03,61.8,54.1,3.4,72.2,45984,Danger,Orange,24877.0,1.16,0.14
23,Ward 23,2026-08-10,35.2,69.88,32.61,45.42,59.7,53.5,3.5,77.0,18256,Danger,Orange,9767.0,1.15,0.05
16,Ward 16,2026-08-10,35.26,71.39,32.97,44.92,63.7,52.4,3.06,60.7,20904,Danger,Orange,10954.0,1.16,0.07
39,Ward 39,2026-08-10,34.94,70.92,32.48,45.04,58.3,52.4,3.24,77.7,21296,Danger,Orange,11159.0,1.15,0.06
62,Ward 62,2026-08-10,34.9,72.05,32.74,45.89,61.1,52.4,3.3,68.4,34832,Danger,Orange,18252.0,1.15,0.11
11,Ward 11,2026-08-10,35.26,71.39,32.97,44.92,63.7,51.9,3.06,59.0,22152,Danger,Orange,11497.0,1.16,0.07
54,Ward 54,2026-08-10,35.29,70.3,32.55,45.03,59.0,51.7,3.39,72.5,36235,Danger,Orange,18733.0,1.15,0.11
18,Ward 18,2026-08-10,35.13,70.15,32.57,45.29,59.3,51.6,3.43,71.1,22267,Danger,Orange,11490.0,1.15,0.07
38,Ward 38,2026-08-10,35.12,71.97,32.9,44.74,62.9,51.5,2.92,59.7,28791,Danger,Orange,14827.0,1.16,0.09
78,Ward 78,2026-08-10,34.78,72.55,32.68,45.74,60.5,51.4,3.18,66.7,54090,Danger,Orange,27802.0,1.15,0.16
48,Ward 48,2026-08-10,35.02,70.6,32.52,45.16,58.7,51.0,3.32,70.7,20437,Danger,Orange,10423.0,1.15,0.06
10,Ward 10,2026-08-10,35.17,71.77,32.93,44.8,63.2,50.9,2.97,56.8,27700,Danger,Orange,14099.0,1.16,0.09
40,Ward 40,2026-08-10,35.03,72.34,32.86,44.61,62.5,50.7,2.83,58.1,20549,Danger,Orange,10418.0,1.16,0.06
42,Ward 42,2026-08-10,34.76,71.64,32.38,44.77,57.2,50.7,3.06,74.9,21746,Danger,Orange,11025.0,1.14,0.06
43,Ward 43,2026-08-10,34.87,71.2,32.44,44.95,57.8,50.5,3.17,71.9,17677,Danger,Orange,8927.0,1.15,0.05
135,Ward 135,2026-08-10,34.28,74.63,32.44,44.97,57.8,50.5,2.68,71.9,33258,Danger,Orange,16795.0,1.15,0.1
36,Ward 36,2026-08-10,34.3,75.4,32.5,43.57,58.5,49.8,2.1,66.9,27238,Caution,Yellow,13565.0,1.15,0.08
52,Ward 52,2026-08-10,34.67,73.0,32.63,45.56,59.9,49.8,3.07,62.4,16869,Caution,Yellow,8401.0,1.15,0.05
30,Ward 30,2026-08-10,35.0,72.45,32.84,44.57,62.2,49.6,2.8,55.1,30050,Caution,Yellow,14905.0,1.16,0.09
134,Ward 134,2026-08-10,34.05,75.61,32.33,44.62,56.6,49.5,2.45,72.2,35780,Caution,Yellow,17711.0,1.14,0.1
19,Ward 19,2026-08-10,35.01,70.62,32.51,45.13,58.6,49.2,3.31,64.3,21158,Caution,Yellow,10410.0,1.15,0.06
14,Ward 14,2026-08-10,34.91,72.83,32.8,44.44,61.8,49.1,2.71,54.2,53343,Caution,Yellow,26191.0,1.16,0.16
41,Ward 41,2026-08-10,34.76,71.64,32.38,44.77,57.2,49.1,3.06,68.6,19946,Caution,Yellow,9793.0,1.14,0.06
53,Ward 53,2026-08-10,34.69,72.91,32.64,45.58,60.0,49.1,3.09,59.7,25598,Caution,Yellow,12569.0,1.15,0.08
17,Ward 17,2026-08-10,35.04,72.3,32.86,44.6,62.5,48.7,2.84,51.0,21023,Caution,Yellow,10238.0,1.16,0.07
26,Ward 26,2026-08-10,34.78,71.56,32.4,44.79,57.4,48.6,3.08,65.9,25371,Caution,Yellow,12330.0,1.14,0.07
27,Ward 27,2026-08-10,34.83,73.17,32.76,44.34,61.4,48.6,2.63,53.7,19350,Caution,Yellow,9404.0,1.16,0.06
3,Ward 3,2026-08-10,34.78,73.37,32.73,44.24,61.0,48.5,2.58,54.4,53855,Caution,Yellow,26120.0,1.15,0.16
8,Ward 8,2026-08-10,34.98,72.54,32.84,44.56,62.2,48.5,2.78,50.9,18760,Caution,Yellow,9099.0,1.16,0.06
13,Ward 13,2026-08-10,34.72,73.61,32.7,44.15,60.7,48.5,2.52,55.4,33066,Caution,Yellow,16037.0,1.15,0.1
25,Ward 25,2026-08-10,34.83,71.36,32.42,44.86,57.6,48.2,3.13,63.8,27484,Caution,Yellow,13247.0,1.14,0.08
1,Ward 1,2026-08-10,34.73,73.58,32.71,44.18,60.8,48.1,2.53,53.6,53125,Caution,Yellow,25553.0,1.15,0.16
7,Ward 7,2026-08-10,34.81,73.25,32.74,44.28,61.1,48.1,2.61,52.6,19180,Caution,Yellow,9226.0,1.15,0.06
21,Ward 21,2026-08-10,34.66,72.05,32.34,44.62,56.8,48.1,2.96,65.8,21187,Caution,Yellow,10191.0,1.14,0.06
61,Ward 61,2026-08-10,34.31,74.5,32.46,45.03,58.1,48.1,2.71,61.6,29704,Caution,Yellow,14288.0,1.15,0.09
15,Ward 15,2026-08-10,34.81,73.25,32.74,44.28,61.1,48.0,2.61,52.4,23922,Caution,Yellow,11483.0,1.15,0.07
75,Ward 75,2026-08-10,34.31,74.5,32.46,45.03,58.1,47.9,2.71,61.0,26925,Caution,Yellow,12897.0,1.15,0.08
35,Ward 35,2026-08-10,34.84,73.12,32.76,44.33,61.4,47.6,2.64,49.9,35024,Caution,Yellow,16671.0,1.16,0.11
60,Ward 60,2026-08-10,34.84,72.11,32.33,44.42,56.6,47.6,2.94,64.6,35732,Caution,Yellow,17008.0,1.14,0.1
138,Ward 138,2026-08-10,33.3,80.53,32.44,45.95,57.8,47.6,1.8,60.7,28858,Caution,Yellow,13736.0,1.15,0.08
4,Ward 4,2026-08-10,34.71,73.67,32.7,44.17,60.7,47.5,2.51,51.5,34476,Caution,Yellow,16376.0,1.15,0.1
44,Ward 44,2026-08-10,34.57,72.41,32.3,44.46,56.3,47.5,2.87,65.2,29600,Caution,Yellow,14060.0,1.14,0.08
88,Ward 88,2026-08-10,34.4,74.13,32.49,45.14,58.4,47.4,2.8,58.0,23672,Caution,Yellow,11221.0,1.15,0.07
20,Ward 20,2026-08-10,34.76,71.64,32.38,44.77,57.2,47.3,3.06,61.7,21576,Caution,Yellow,10205.0,1.14,0.06
83,Ward 83,2026-08-10,34.38,74.2,32.48,45.12,58.3,47.3,2.78,57.9,22163,Caution,Yellow,10483.0,1.15,0.06
65,Ward 65,2026-08-10,34.8,72.28,32.3,44.35,56.3,47.2,2.9,64.2,72427,Caution,Yellow,34186.0,1.14,0.2
66,Ward 66,2026-08-10,34.75,72.48,32.28,44.3,56.1,47.1,2.85,64.3,98024,Caution,Yellow,46169.0,1.14,0.27
99,Ward 99,2026-08-10,34.31,75.9,32.75,45.03,61.2,47.0,2.41,48.4,26739,Caution,Yellow,12567.0,1.16,0.08
84,Ward 84,2026-08-10,34.22,74.89,32.41,44.91,57.5,46.8,2.62,58.6,19230,Caution,Yellow,9000.0,1.14,0.05
76,Ward 76,2026-08-10,34.35,74.34,32.47,45.07,58.2,46.5,2.75,55.5,21946,Caution,Yellow,10205.0,1.15,0.06
56,Ward 56,2026-08-10,34.85,72.07,32.33,44.45,56.6,46.2,2.95,59.2,43622,Caution,Yellow,20153.0,1.14,0.12
73,Ward 73,2026-08-10,34.27,74.68,32.43,44.99,57.7,46.2,2.67,55.8,23512,Caution,Yellow,10863.0,1.14,0.07
103,Ward 103,2026-08-10,34.21,76.33,32.69,44.87,60.6,46.2,2.31,47.3,25428,Caution,Yellow,11748.0,1.15,0.08
82,Ward 82,2026-08-10,34.24,74.8,32.42,44.93,57.6,46.1,2.64,55.7,38838,Caution,Yellow,17904.0,1.14,0.11
12,Ward 12,2026-08-10,34.41,74.93,32.55,43.72,59.0,46.0,2.21,51.1,21493,Caution,Yellow,9887.0,1.15,0.06
32,Ward 32,2026-08-10,34.2,75.83,32.45,43.45,58.0,46.0,2.0,54.1,45636,Caution,Yellow,20993.0,1.15,0.13
85,Ward 85,2026-08-10,34.21,74.93,32.4,44.88,57.4,46.0,2.61,56.0,29566,Caution,Yellow,13600.0,1.14,0.08
6,Ward 6,2026-08-10,34.23,75.71,32.47,43.5,58.2,45.9,2.03,52.9,42346,Caution,Yellow,19437.0,1.15,0.12
31,Ward 31,2026-08-10,34.4,74.97,32.55,43.74,59.0,45.8,2.2,50.1,39025,Caution,Yellow,17873.0,1.15,0.11
101,Ward 101,2026-08-10,34.1,76.82,32.64,44.71,60.0,45.7,2.2,47.2,40208,Caution,Yellow,18375.0,1.15,0.12
139,Ward 139,2026-08-10,32.9,82.4,32.25,45.21,55.8,45.4,1.4,58.5,42014,Caution,Yellow,19074.0,1.14,0.12
50,Ward 50,2026-08-10,34.23,74.85,32.41,44.9,57.5,45.3,2.63,53.0,17251,Caution,Yellow,7815.0,1.14,0.05
2,Ward 2,2026-08-10,34.51,74.5,32.6,43.89,59.6,45.2,2.31,46.3,48190,Caution,Yellow,21782.0,1.15,0.14
81,Ward 81,2026-08-10,34.04,75.67,32.32,44.63,56.5,45.1,2.44,55.1,41501,Caution,Yellow,18717.0,1.14,0.12
102,Ward 102,2026-08-10,34.0,77.25,32.59,44.54,59.5,44.9,2.1,45.5,21503,Caution,Yellow,9655.0,1.15,0.06
133,Ward 133,2026-08-10,33.97,75.96,32.29,44.54,56.2,44.8,2.37,55.1,25588,Caution,Yellow,11463.0,1.14,0.07
132,Ward 132,2026-08-10,33.98,75.92,32.28,44.52,56.1,44.5,2.38,53.9,26274,Caution,Yellow,11692.0,1.14,0.07
51,Ward 51,2026-08-10,34.16,75.14,32.38,44.81,57.2,44.3,2.56,50.0,13556,Caution,Yellow,6005.0,1.14,0.04
72,Ward 72,2026-08-10,34.0,75.83,32.3,44.55,56.3,44.3,2.4,52.6,19167,Caution,Yellow,8491.0,1.14,0.05
117,Ward 117,2026-08-10,33.94,76.1,32.27,44.48,56.0,44.2,2.34,53.1,21824,Caution,Yellow,9646.0,1.14,0.06
9,Ward 9,2026-08-10,34.52,72.62,32.26,44.39,55.9,44.1,2.82,53.2,16420,Caution,Yellow,7241.0,1.14,0.05
95,Ward 95,2026-08-10,33.69,78.1,32.42,44.95,57.6,44.0,2.29,47.6,26737,Caution,Yellow,11764.0,1.14,0.08
96,Ward 96,2026-08-10,33.73,77.92,32.43,45.05,57.7,44.0,2.33,47.3,31033,Caution,Yellow,13655.0,1.14,0.09
89,Ward 89,2026-08-10,34.03,75.7,32.32,44.6,56.5,43.8,2.43,50.0,22304,Caution,Yellow,9769.0,1.14,0.06
98,Ward 98,2026-08-10,33.73,77.92,32.43,45.05,57.7,43.8,2.33,46.3,31708,Caution,Yellow,13888.0,1.14,0.09
100,Ward 100,2026-08-10,33.85,77.92,32.52,44.33,58.7,43.8,1.95,43.6,25507,Caution,Yellow,11172.0,1.15,0.07
111,Ward 111,2026-08-10,33.72,78.5,32.45,44.09,58.0,43.8,1.82,45.5,38647,Caution,Yellow,16927.0,1.15,0.11
118,Ward 118,2026-08-10,33.9,76.26,32.25,44.39,55.8,43.8,2.3,52.3,21810,Caution,Yellow,9553.0,1.14,0.06
141,Ward 141,2026-08-10,32.68,83.46,32.14,44.84,54.6,43.8,1.18,55.9,41152,Caution,Yellow,18025.0,1.14,0.11
22,Ward 22,2026-08-10,34.21,73.91,32.11,43.94,54.3,43.7,2.51,56.7,15730,Caution,Yellow,6874.0,1.14,0.04
59,Ward 59,2026-08-10,34.36,74.11,32.08,43.75,54.0,43.7,2.46,57.8,70261,Caution,Yellow,30704.0,1.14,0.19
116,Ward 116,2026-08-10,33.49,79.0,32.31,44.64,56.4,43.6,2.09,49.7,28338,Caution,Yellow,12355.0,1.14,0.08
140,Ward 140,2026-08-10,32.57,83.99,32.09,44.62,54.1,43.6,1.07,56.8,30504,Caution,Yellow,13300.0,1.14,0.08
120,Ward 120,2026-08-10,33.97,75.96,32.29,44.54,56.2,43.5,2.37,49.9,19710,Caution,Yellow,8574.0,1.14,0.05
47,Ward 47,2026-08-10,34.24,73.79,32.13,43.99,54.5,43.4,2.54,54.7,14684,Caution,Yellow,6373.0,1.14,0.04
110,Ward 110,2026-08-10,33.63,78.9,32.41,43.95,57.5,43.2,1.73,44.7,27470,Caution,Yellow,11867.0,1.14,0.08
112,Ward 112,2026-08-10,33.44,79.22,32.29,44.54,56.2,42.9,2.04,47.5,32404,Caution,Yellow,13901.0,1.14,0.09
91,Ward 91,2026-08-10,34.43,73.81,32.12,43.86,54.4,42.8,2.53,52.5,38450,Caution,Yellow,16457.0,1.14,0.1
113,Ward 113,2026-08-10,33.41,79.36,32.27,44.52,56.0,42.8,2.01,47.7,33475,Caution,Yellow,14327.0,1.14,0.09
115,Ward 115,2026-08-10,33.5,78.94,32.32,44.67,56.5,42.8,2.1,46.0,31919,Caution,Yellow,13661.0,1.14,0.09
123,Ward 123,2026-08-10,33.4,79.4,32.27,44.49,56.0,42.8,2.0,47.5,35386,Caution,Yellow,15145.0,1.14,0.1
71,Ward 71,2026-08-10,33.88,76.35,32.24,44.37,55.7,42.7,2.28,48.2,29922,Caution,Yellow,12777.0,1.14,0.08
130,Ward 130,2026-08-10,33.8,76.71,32.2,44.24,55.2,42.7,2.2,49.8,23227,Caution,Yellow,9918.0,1.14,0.06
114,Ward 114,2026-08-10,33.34,79.66,32.24,44.4,55.7,42.5,1.94,47.4,41913,Caution,Yellow,17813.0,1.14,0.12
121,Ward 121,2026-08-10,33.32,79.76,32.23,44.37,55.6,42.5,1.92,47.5,29921,Caution,Yellow,12716.0,1.14,0.08
67,Ward 67,2026-08-10,34.31,74.31,32.06,43.69,53.7,42.4,2.41,53.4,56284,Caution,Yellow,23864.0,1.14,0.15
131,Ward 131,2026-08-10,33.75,76.92,32.18,44.16,55.0,42.4,2.15,48.9,30911,Caution,Yellow,13106.0,1.14,0.08
124,Ward 124,2026-08-10,33.23,80.18,32.19,44.22,55.1,42.2,1.83,47.9,39179,Caution,Yellow,16534.0,1.14,0.11
34,Ward 34,2026-08-10,34.46,73.7,32.14,43.9,54.6,42.1,2.56,49.0,29773,Caution,Yellow,12534.0,1.14,0.08
69,Ward 69,2026-08-10,33.58,77.67,32.09,43.9,54.1,42.1,1.98,50.6,44111,Caution,Yellow,18571.0,1.14,0.12
128,Ward 128,2026-08-10,33.32,79.76,32.23,44.37,55.6,42.1,1.92,46.1,32179,Caution,Yellow,13547.0,1.14,0.09
136,Ward 136,2026-08-10,33.57,77.71,32.08,43.91,54.0,42.1,1.97,51.0,21482,Caution,Yellow,9044.0,1.14,0.06
55,Ward 55,2026-08-10,34.22,74.71,32.02,43.56,53.3,42.0,2.32,52.9,32254,Caution,Yellow,13547.0,1.13,0.09
64,Ward 64,2026-08-10,34.15,74.99,31.98,43.44,52.9,42.0,2.25,54.1,31280,Caution,Yellow,13138.0,1.13,0.08
137,Ward 137,2026-08-10,33.21,79.33,31.91,43.34,52.2,42.0,1.61,56.7,19385,Caution,Yellow,8142.0,1.13,0.05
93,Ward 93,2026-08-10,33.72,77.05,32.16,44.15,54.8,41.9,2.12,47.7,44364,Caution,Yellow,18589.0,1.14,0.12
119,Ward 119,2026-08-10,33.76,76.88,32.18,44.19,55.0,41.9,2.16,46.9,16491,Caution,Yellow,6910.0,1.14,0.04
125,Ward 125,2026-08-10,33.21,80.28,32.18,44.19,55.0,41.8,1.81,46.6,44850,Caution,Yellow,18747.0,1.14,0.12
5,Ward 5,2026-08-10,33.9,77.14,32.31,43.03,56.4,41.7,1.7,42.1,23707,Caution,Yellow,9886.0,1.14,0.07
129,Ward 129,2026-08-10,33.58,77.67,32.09,43.9,54.1,41.4,1.98,47.9,39654,Caution,Yellow,16417.0,1.14,0.11
70,Ward 70,2026-08-10,33.66,77.31,32.13,44.03,54.5,41.3,2.06,46.0,18618,Caution,Yellow,7689.0,1.14,0.05
109,Ward 109,2026-08-10,33.04,81.62,32.12,42.96,54.4,41.2,1.14,46.2,64567,Caution,Yellow,26602.0,1.14,0.17
86,Ward 86,2026-08-10,33.53,77.9,32.07,43.86,53.9,41.1,1.93,47.1,19195,Caution,Yellow,7889.0,1.14,0.05
68,Ward 68,2026-08-10,34.03,75.5,31.93,43.31,52.4,40.5,2.13,49.4,20724,Caution,Yellow,8393.0,1.13,0.05
105,Ward 105,2026-08-10,34.28,74.45,32.05,43.65,53.6,40.5,2.38,45.8,21267,Caution,Yellow,8613.0,1.14,0.06
127,Ward 127,2026-08-10,32.97,81.38,32.06,43.75,53.7,40.2,1.57,44.0,43782,Caution,Yellow,17600.0,1.14,0.12
122,Ward 122,2026-08-10,32.95,81.47,32.05,43.72,53.6,40.1,1.55,43.9,39198,Caution,Yellow,15718.0,1.14,0.1
104,Ward 104,2026-08-10,34.21,74.73,32.01,43.53,53.2,39.8,2.31,43.9,33185,Caution,Yellow,13208.0,1.13,0.09
79,Ward 79,2026-08-10,33.05,80.07,31.83,43.09,51.3,39.6,1.45,49.2,44303,Caution,Yellow,17544.0,1.13,0.11
92,Ward 92,2026-08-10,34.04,75.47,31.92,43.29,52.3,39.3,2.14,44.8,36450,Caution,Yellow,14325.0,1.13,0.09
107,Ward 107,2026-08-10,33.8,76.51,31.81,42.98,51.1,39.1,1.9,47.8,54260,Caution,Yellow,21216.0,1.13,0.14
57,Ward 57,2026-08-10,33.62,77.3,31.71,42.71,50.1,39.0,1.72,50.6,49856,Caution,Yellow,19444.0,1.12,0.12
106,Ward 106,2026-08-10,33.9,76.07,31.85,43.1,51.5,39.0,2.0,46.1,40618,Caution,Yellow,15841.0,1.13,0.1
126,Ward 126,2026-08-10,32.82,82.08,31.98,43.49,52.9,39.0,1.42,41.4,31631,Caution,Yellow,12336.0,1.13,0.08
97,Ward 97,2026-08-10,32.75,82.42,31.95,43.36,52.6,37.8,1.35,37.4,37199,Caution,Yellow,14061.0,1.13,0.1
46,Ward 46,2026-08-10,32.63,82.0,31.62,42.4,49.1,37.7,1.03,48.6,12823,Caution,Yellow,4834.0,1.12,0.03
74,Ward 74,2026-08-10,32.81,81.18,31.71,42.69,50.1,37.7,1.21,45.1,42176,Caution,Yellow,15900.0,1.12,0.1
33,Ward 33,2026-08-10,33.59,77.43,31.7,42.66,50.0,37.1,1.69,42.5,45919,Caution,Yellow,17036.0,1.12,0.11
58,Ward 58,2026-08-10,32.85,80.8,31.34,41.63,46.2,36.2,0.95,51.8,88465,Caution,Yellow,32024.0,1.12,0.2
87,Ward 87,2026-08-10,32.65,81.92,31.63,42.43,49.2,35.5,1.05,38.2,12675,Caution,Yellow,4500.0,1.12,0.03
80,Ward 80,2026-08-10,31.64,86.84,31.14,40.7,44.2,34.5,0.04,51.2,31094,Caution,Yellow,10727.0,1.11,0.07
94,Ward 94,2026-08-10,31.97,86.21,31.57,41.94,48.6,34.2,0.57,34.3,27469,Caution,Yellow,9394.0,1.12,0.07
90,Ward 90,2026-08-10,32.05,84.8,31.34,41.42,46.2,33.0,0.45,36.3,18857,Caution,Yellow,6223.0,1.12,0.04
63,Ward 63,2026-08-10,31.68,86.65,31.16,40.76,44.4,32.6,0.08,41.1,24387,Caution,Yellow,7950.0,1.11,0.05
108,Ward 108,2026-08-10,32.26,83.57,31.04,40.73,43.2,32.4,0.36,44.3,64777,Caution,Yellow,20988.0,1.11,0.14
45,Ward 45,2026-08-10,31.7,85.36,30.87,39.92,41.5,32.0,0.0,49.3,8394,Caution,Yellow,2686.0,1.1,0.02
49,Ward 49,2026-08-11,35.62,73.71,33.04,47.04,64.5,59.5,3.22,82.7,19416,Danger,Orange,11553.0,1.16,0.06
29,Ward 29,2026-08-11,35.69,73.42,33.07,47.16,64.8,58.5,3.29,78.3,53782,Danger,Orange,31462.0,1.16,0.17
54,Ward 54,2026-08-11,35.79,72.98,33.15,47.26,65.7,57.6,3.39,72.5,36235,Danger,Orange,20871.0,1.17,0.12
24,Ward 24,2026-08-11,35.77,72.53,32.87,47.52,62.6,57.1,3.47,80.5,19824,Danger,Orange,11320.0,1.16,0.06
28,Ward 28,2026-08-11,35.72,73.28,33.09,47.2,65.0,57.0,3.32,72.7,38110,Danger,Orange,21723.0,1.16,0.12
23,Ward 23,2026-08-11,35.8,72.42,32.89,47.56,62.8,56.3,3.5,77.0,18256,Danger,Orange,10278.0,1.16,0.06
37,Ward 37,2026-08-11,35.56,73.94,33.01,46.96,64.1,55.5,3.16,70.2,24020,Danger,Orange,13331.0,1.16,0.08
39,Ward 39,2026-08-11,35.54,73.48,32.77,47.16,61.5,55.3,3.24,77.7,21296,Danger,Orange,11777.0,1.16,0.07
18,Ward 18,2026-08-11,35.73,72.7,32.86,47.45,62.5,54.4,3.43,71.1,22267,Danger,Orange,12113.0,1.16,0.07
42,Ward 42,2026-08-11,35.36,74.23,32.68,46.9,60.5,53.7,3.06,74.9,21746,Danger,Orange,11678.0,1.15,0.07
48,Ward 48,2026-08-11,35.62,73.15,32.8,47.31,61.8,53.7,3.32,70.7,20437,Danger,Orange,10975.0,1.16,0.06
43,Ward 43,2026-08-11,35.47,73.77,32.73,47.1,61.0,53.3,3.17,71.9,17677,Danger,Orange,9422.0,1.15,0.05
60,Ward 60,2026-08-11,35.34,74.86,32.93,46.64,63.2,53.1,2.94,64.6,35732,Danger,Orange,18974.0,1.16,0.11
77,Ward 77,2026-08-11,35.5,72.75,32.7,46.62,60.7,53.1,3.4,72.2,45984,Danger,Orange,24418.0,1.15,0.14
65,Ward 65,2026-08-11,35.3,75.05,32.91,46.62,63.0,52.9,2.9,64.2,72427,Danger,Orange,38314.0,1.16,0.23
66,Ward 66,2026-08-11,35.25,75.26,32.88,46.51,62.7,52.6,2.85,64.3,98024,Danger,Orange,51561.0,1.16,0.31
16,Ward 16,2026-08-11,35.46,74.38,32.95,46.81,63.5,52.3,3.06,60.7,20904,Danger,Orange,10933.0,1.16,0.07
41,Ward 41,2026-08-11,35.36,74.23,32.68,46.9,60.5,52.0,3.06,68.6,19946,Danger,Orange,10372.0,1.15,0.06
11,Ward 11,2026-08-11,35.46,74.38,32.95,46.81,63.5,51.8,3.06,59.0,22152,Danger,Orange,11475.0,1.16,0.07
19,Ward 19,2026-08-11,35.61,73.2,32.79,47.28,61.7,51.8,3.31,64.3,21158,Danger,Orange,10960.0,1.16,0.07
62,Ward 62,2026-08-11,35.4,73.18,32.66,46.46,60.3,51.7,3.3,68.4,34832,Danger,Orange,18008.0,1.15,0.1
56,Ward 56,2026-08-11,35.35,74.83,32.93,46.67,63.2,51.6,2.95,59.2,43622,Danger,Orange,22509.0,1.16,0.14
38,Ward 38,2026-08-11,35.32,74.97,32.89,46.63,62.8,51.4,2.92,59.7,28791,Danger,Orange,14799.0,1.16,0.09
26,Ward 26,2026-08-11,35.38,74.15,32.68,46.97,60.5,51.2,3.08,65.9,25371,Danger,Orange,12990.0,1.15,0.08
10,Ward 10,2026-08-11,35.37,74.76,32.91,46.68,63.0,50.8,2.97,56.8,27700,Danger,Orange,14072.0,1.16,0.09
25,Ward 25,2026-08-11,35.43,73.95,32.7,47.02,60.7,50.8,3.13,63.8,27484,Danger,Orange,13962.0,1.15,0.08
21,Ward 21,2026-08-11,35.26,74.66,32.63,46.79,59.9,50.7,2.96,65.8,21187,Danger,Orange,10742.0,1.15,0.06
78,Ward 78,2026-08-11,35.28,73.67,32.6,46.28,59.6,50.7,3.18,66.7,54090,Danger,Orange,27424.0,1.15,0.16
40,Ward 40,2026-08-11,35.23,75.35,32.84,46.5,62.2,50.5,2.83,58.1,20549,Danger,Orange,10377.0,1.16,0.06
20,Ward 20,2026-08-11,35.36,74.23,32.68,46.9,60.5,50.1,3.06,61.7,21576,Danger,Orange,10810.0,1.15,0.06
44,Ward 44,2026-08-11,35.17,75.04,32.58,46.66,59.4,50.1,2.87,65.2,29600,Danger,Orange,14830.0,1.15,0.09
36,Ward 36,2026-08-11,34.5,78.55,32.49,45.51,58.4,49.7,2.1,66.9,27238,Caution,Yellow,13537.0,1.15,0.08
30,Ward 30,2026-08-11,35.2,75.49,32.83,46.46,62.1,49.6,2.8,55.1,30050,Caution,Yellow,14905.0,1.16,0.09
135,Ward 135,2026-08-11,34.78,75.81,32.34,45.61,56.8,49.6,2.68,71.9,33258,Caution,Yellow,16496.0,1.14,0.09
59,Ward 59,2026-08-11,34.86,76.95,32.7,46.0,60.7,49.2,2.46,57.8,70261,Caution,Yellow,34568.0,1.15,0.21
14,Ward 14,2026-08-11,35.11,75.87,32.78,46.33,61.6,48.9,2.71,54.2,53343,Caution,Yellow,26085.0,1.16,0.16
52,Ward 52,2026-08-11,35.17,74.13,32.54,46.14,58.9,48.9,3.07,62.4,16869,Caution,Yellow,8249.0,1.15,0.05
17,Ward 17,2026-08-11,35.24,75.32,32.85,46.53,62.4,48.6,2.84,51.0,21023,Caution,Yellow,10217.0,1.16,0.07
134,Ward 134,2026-08-11,34.55,76.8,32.23,45.28,55.6,48.6,2.45,72.2,35780,Caution,Yellow,17389.0,1.14,0.1
53,Ward 53,2026-08-11,35.19,74.05,32.56,46.15,59.2,48.5,3.09,59.7,25598,Caution,Yellow,12415.0,1.15,0.08
3,Ward 3,2026-08-11,34.98,76.43,32.72,46.17,60.9,48.4,2.58,54.4,53855,Caution,Yellow,26066.0,1.15,0.16
13,Ward 13,2026-08-11,34.92,76.7,32.69,46.09,60.6,48.4,2.52,55.4,33066,Caution,Yellow,16004.0,1.15,0.1
27,Ward 27,2026-08-11,35.03,76.22,32.74,46.23,61.1,48.4,2.63,53.7,19350,Caution,Yellow,9365.0,1.15,0.06
8,Ward 8,2026-08-11,35.18,75.58,32.82,46.45,62.0,48.3,2.78,50.9,18760,Caution,Yellow,9061.0,1.16,0.06
7,Ward 7,2026-08-11,35.01,76.3,32.74,46.22,61.1,48.1,2.61,52.6,19180,Caution,Yellow,9226.0,1.15,0.06
15,Ward 15,2026-08-11,35.01,76.3,32.74,46.22,61.1,48.0,2.61,52.4,23922,Caution,Yellow,11483.0,1.15,0.07
1,Ward 1,2026-08-11,34.93,76.65,32.69,46.07,60.6,47.9,2.53,53.6,53125,Caution,Yellow,25447.0,1.15,0.16
91,Ward 91,2026-08-11,34.93,76.64,32.72,46.07,60.9,47.9,2.53,52.5,38450,Caution,Yellow,18418.0,1.15,0.12
67,Ward 67,2026-08-11,34.81,77.18,32.67,45.94,60.4,47.7,2.41,53.4,56284,Caution,Yellow,26847.0,1.15,0.17
35,Ward 35,2026-08-11,35.04,76.19,32.75,46.26,61.2,47.4,2.64,49.9,35024,Caution,Yellow,16601.0,1.16,0.11
4,Ward 4,2026-08-11,34.91,76.75,32.68,46.05,60.5,47.3,2.51,51.5,34476,Caution,Yellow,16307.0,1.15,0.1
55,Ward 55,2026-08-11,34.72,77.57,32.63,45.81,59.9,47.2,2.32,52.9,32254,Caution,Yellow,15224.0,1.15,0.1
61,Ward 61,2026-08-11,34.81,75.67,32.36,45.66,57.0,47.2,2.71,61.6,29704,Caution,Yellow,14020.0,1.14,0.08
64,Ward 64,2026-08-11,34.65,77.87,32.59,45.69,59.5,47.2,2.25,54.1,31280,Caution,Yellow,14764.0,1.15,0.09
34,Ward 34,2026-08-11,34.96,76.51,32.74,46.11,61.1,47.1,2.56,49.0,29773,Caution,Yellow,14023.0,1.15,0.09
75,Ward 75,2026-08-11,34.81,75.67,32.36,45.66,57.0,47.0,2.71,61.0,26925,Caution,Yellow,12655.0,1.14,0.08
9,Ward 9,2026-08-11,35.12,75.25,32.55,46.6,59.0,46.6,2.82,53.2,16420,Caution,Yellow,7652.0,1.15,0.05
88,Ward 88,2026-08-11,34.9,75.29,32.4,45.74,57.4,46.6,2.8,58.0,23672,Caution,Yellow,11031.0,1.14,0.07
83,Ward 83,2026-08-11,34.88,75.36,32.4,45.73,57.4,46.5,2.78,57.9,22163,Caution,Yellow,10306.0,1.14,0.06
22,Ward 22,2026-08-11,34.81,76.6,32.4,46.17,57.4,46.2,2.51,56.7,15730,Caution,Yellow,7267.0,1.14,0.04
12,Ward 12,2026-08-11,34.61,78.08,32.54,45.66,58.9,45.9,2.21,51.1,21493,Caution,Yellow,9865.0,1.15,0.06
47,Ward 47,2026-08-11,34.84,76.47,32.42,46.22,57.6,45.9,2.54,54.7,14684,Caution,Yellow,6740.0,1.14,0.04
84,Ward 84,2026-08-11,34.72,76.05,32.31,45.52,56.4,45.9,2.62,58.6,19230,Caution,Yellow,8827.0,1.14,0.05
32,Ward 32,2026-08-11,34.4,79.0,32.43,45.34,57.7,45.8,2.0,54.1,45636,Caution,Yellow,20901.0,1.14,0.13
6,Ward 6,2026-08-11,34.43,78.88,32.45,45.39,58.0,45.7,2.03,52.9,42346,Caution,Yellow,19352.0,1.15,0.12
76,Ward 76,2026-08-11,34.85,75.5,32.38,45.69,57.2,45.7,2.75,55.5,21946,Caution,Yellow,10029.0,1.14,0.06
31,Ward 31,2026-08-11,34.6,78.11,32.53,45.63,58.8,45.6,2.2,50.1,39025,Caution,Yellow,17795.0,1.15,0.11
105,Ward 105,2026-08-11,34.78,77.3,32.66,45.9,60.3,45.6,2.38,45.8,21267,Caution,Yellow,9698.0,1.15,0.06
73,Ward 73,2026-08-11,34.77,75.84,32.34,45.58,56.8,45.5,2.67,55.8,23512,Caution,Yellow,10698.0,1.14,0.07
68,Ward 68,2026-08-11,34.53,78.42,32.52,45.5,58.7,45.3,2.13,49.4,20724,Caution,Yellow,9388.0,1.15,0.06
82,Ward 82,2026-08-11,34.74,75.97,32.33,45.54,56.6,45.3,2.64,55.7,38838,Caution,Yellow,17594.0,1.14,0.11
85,Ward 85,2026-08-11,34.71,76.1,32.31,45.49,56.4,45.2,2.61,56.0,29566,Caution,Yellow,13364.0,1.14,0.08
99,Ward 99,2026-08-11,34.91,77.47,32.54,45.85,58.9,45.2,2.41,48.4,26739,Caution,Yellow,12086.0,1.15,0.08
2,Ward 2,2026-08-11,34.71,77.62,32.58,45.78,59.4,45.0,2.31,46.3,48190,Caution,Yellow,21686.0,1.15,0.14
104,Ward 104,2026-08-11,34.71,77.6,32.62,45.78,59.8,44.7,2.31,43.9,33185,Caution,Yellow,14834.0,1.15,0.1
50,Ward 50,2026-08-11,34.73,76.01,32.32,45.5,56.5,44.6,2.63,53.0,17251,Caution,Yellow,7694.0,1.14,0.05
103,Ward 103,2026-08-11,34.81,77.91,32.5,45.74,58.5,44.6,2.31,47.3,25428,Caution,Yellow,11341.0,1.15,0.07
81,Ward 81,2026-08-11,34.54,76.85,32.23,45.25,55.6,44.4,2.44,55.1,41501,Caution,Yellow,18426.0,1.14,0.11
138,Ward 138,2026-08-11,34.0,81.04,32.07,44.42,53.9,44.4,1.8,60.7,28858,Caution,Yellow,12813.0,1.14,0.08
92,Ward 92,2026-08-11,34.54,78.37,32.53,45.54,58.8,44.2,2.14,44.8,36450,Caution,Yellow,16111.0,1.15,0.11
101,Ward 101,2026-08-11,34.7,78.41,32.44,45.6,57.8,44.1,2.2,47.2,40208,Caution,Yellow,17732.0,1.15,0.12
107,Ward 107,2026-08-11,34.3,79.45,32.42,45.22,57.6,44.1,1.9,47.8,54260,Caution,Yellow,23929.0,1.14,0.16
57,Ward 57,2026-08-11,34.12,80.28,32.33,44.94,56.6,44.0,1.72,50.6,49856,Caution,Yellow,21937.0,1.14,0.14
106,Ward 106,2026-08-11,34.4,79.0,32.46,45.34,58.1,44.0,2.0,46.1,40618,Caution,Yellow,17872.0,1.15,0.12
133,Ward 133,2026-08-11,34.47,77.15,32.19,45.17,55.1,44.0,2.37,55.1,25588,Caution,Yellow,11259.0,1.14,0.07
132,Ward 132,2026-08-11,34.48,77.1,32.2,45.15,55.2,43.7,2.38,53.9,26274,Caution,Yellow,11482.0,1.14,0.07
72,Ward 72,2026-08-11,34.5,77.03,32.21,45.22,55.4,43.6,2.4,52.6,19167,Caution,Yellow,8357.0,1.14,0.05
51,Ward 51,2026-08-11,34.66,76.31,32.28,45.43,56.1,43.5,2.56,50.0,13556,Caution,Yellow,5897.0,1.14,0.04
117,Ward 117,2026-08-11,34.44,77.27,32.18,45.12,55.0,43.4,2.34,53.1,21824,Caution,Yellow,9472.0,1.14,0.06
102,Ward 102,2026-08-11,34.6,78.85,32.39,45.43,57.3,43.2,2.1,45.5,21503,Caution,Yellow,9289.0,1.14,0.06
89,Ward 89,2026-08-11,34.53,76.88,32.22,45.26,55.5,43.0,2.43,50.0,22304,Caution,Yellow,9591.0,1.14,0.06
118,Ward 118,2026-08-11,34.4,77.45,32.15,45.05,54.7,43.0,2.3,52.3,21810,Caution,Yellow,9378.0,1.14,0.06
120,Ward 120,2026-08-11,34.47,77.15,32.19,45.17,55.1,42.7,2.37,49.9,19710,Caution,Yellow,8416.0,1.14,0.05
100,Ward 100,2026-08-11,34.45,79.54,32.32,45.25,56.5,42.2,1.95,43.6,25507,Caution,Yellow,10764.0,1.14,0.07
111,Ward 111,2026-08-11,34.32,80.13,32.25,45.04,55.8,42.1,1.82,45.5,38647,Caution,Yellow,16270.0,1.14,0.11
139,Ward 139,2026-08-11,33.6,82.92,31.88,43.86,51.8,42.1,1.4,58.5,42014,Caution,Yellow,17688.0,1.13,0.11
130,Ward 130,2026-08-11,34.3,77.9,32.11,44.92,54.3,42.0,2.2,49.8,23227,Caution,Yellow,9755.0,1.14,0.06
71,Ward 71,2026-08-11,34.38,77.55,32.15,45.03,54.7,41.9,2.28,48.2,29922,Caution,Yellow,12537.0,1.14,0.08
33,Ward 33,2026-08-11,34.09,80.41,32.31,44.89,56.4,41.8,1.69,42.5,45919,Caution,Yellow,19194.0,1.14,0.13
131,Ward 131,2026-08-11,34.25,78.12,32.09,44.86,54.1,41.7,2.15,48.9,30911,Caution,Yellow,12890.0,1.14,0.08
5,Ward 5,2026-08-11,34.1,80.38,32.29,44.92,56.2,41.6,1.7,42.1,23707,Caution,Yellow,9862.0,1.14,0.07
96,Ward 96,2026-08-11,34.33,78.23,32.13,44.88,54.5,41.6,2.33,47.3,31033,Caution,Yellow,12910.0,1.14,0.08
110,Ward 110,2026-08-11,34.23,80.53,32.2,44.9,55.2,41.5,1.73,44.7,27470,Caution,Yellow,11400.0,1.14,0.08
95,Ward 95,2026-08-11,34.29,78.4,32.1,44.81,54.2,41.4,2.29,47.6,26737,Caution,Yellow,11069.0,1.14,0.07
69,Ward 69,2026-08-11,34.08,78.89,32.0,44.6,53.1,41.3,1.98,50.6,44111,Caution,Yellow,18218.0,1.13,0.12
98,Ward 98,2026-08-11,34.33,78.23,32.13,44.88,54.5,41.3,2.33,46.3,31708,Caution,Yellow,13095.0,1.14,0.09
136,Ward 136,2026-08-11,34.07,78.93,31.99,44.57,53.0,41.3,1.97,51.0,21482,Caution,Yellow,8872.0,1.13,0.06
58,Ward 58,2026-08-11,33.35,83.92,31.95,43.84,52.6,41.2,0.95,51.8,88465,Caution,Yellow,36448.0,1.13,0.23
93,Ward 93,2026-08-11,34.22,78.26,32.07,44.81,53.9,41.2,2.12,47.7,44364,Caution,Yellow,18278.0,1.14,0.12
116,Ward 116,2026-08-11,34.09,79.31,32.02,44.56,53.3,41.2,2.09,49.7,28338,Caution,Yellow,11675.0,1.13,0.07
119,Ward 119,2026-08-11,34.26,78.08,32.08,44.84,54.0,41.1,2.16,46.9,16491,Caution,Yellow,6778.0,1.14,0.04
137,Ward 137,2026-08-11,33.71,80.58,31.81,44.07,51.1,41.1,1.61,56.7,19385,Caution,Yellow,7967.0,1.13,0.05
129,Ward 129,2026-08-11,34.08,78.89,32.0,44.6,53.1,40.7,1.98,47.9,39654,Caution,Yellow,16139.0,1.13,0.1
141,Ward 141,2026-08-11,33.38,83.97,31.77,43.53,50.7,40.6,1.18,55.9,41152,Caution,Yellow,16708.0,1.13,0.1
70,Ward 70,2026-08-11,34.16,78.52,32.04,44.71,53.5,40.5,2.06,46.0,18618,Caution,Yellow,7540.0,1.13,0.05
112,Ward 112,2026-08-11,34.04,79.54,31.98,44.45,52.9,40.4,2.04,47.5,32404,Caution,Yellow,13091.0,1.13,0.08
113,Ward 113,2026-08-11,34.01,79.66,31.97,44.41,52.8,40.4,2.01,47.7,33475,Caution,Yellow,13524.0,1.13,0.09
140,Ward 140,2026-08-11,33.27,84.51,31.71,43.37,50.1,40.4,1.07,56.8,30504,Caution,Yellow,12324.0,1.12,0.08
115,Ward 115,2026-08-11,34.1,79.27,32.01,44.55,53.2,40.3,2.1,46.0,31919,Caution,Yellow,12863.0,1.13,0.08
123,Ward 123,2026-08-11,34.0,79.73,31.97,44.42,52.8,40.3,2.0,47.5,35386,Caution,Yellow,14261.0,1.13,0.09
86,Ward 86,2026-08-11,34.03,79.12,31.97,44.54,52.8,40.2,1.93,47.1,19195,Caution,Yellow,7716.0,1.13,0.05
114,Ward 114,2026-08-11,33.94,80.0,31.94,44.33,52.5,40.1,1.94,47.4,41913,Caution,Yellow,16807.0,1.13,0.11
121,Ward 121,2026-08-11,33.92,80.09,31.93,44.31,52.4,40.0,1.92,47.5,29921,Caution,Yellow,11968.0,1.13,0.08
124,Ward 124,2026-08-11,33.83,80.5,31.88,44.17,51.8,39.7,1.83,47.9,39179,Caution,Yellow,15554.0,1.13,0.1
128,Ward 128,2026-08-11,33.92,80.09,31.93,44.31,52.4,39.7,1.92,46.1,32179,Caution,Yellow,12775.0,1.13,0.08
109,Ward 109,2026-08-11,33.64,83.32,31.92,44.08,52.3,39.6,1.14,46.2,64567,Caution,Yellow,25569.0,1.13,0.17
125,Ward 125,2026-08-11,33.81,80.59,31.87,44.15,51.7,39.3,1.81,46.6,44850,Caution,Yellow,17626.0,1.13,0.11
79,Ward 79,2026-08-11,33.55,81.33,31.74,43.84,50.4,38.9,1.45,49.2,44303,Caution,Yellow,17234.0,1.13,0.11
127,Ward 127,2026-08-11,33.57,81.72,31.76,43.81,50.6,37.8,1.57,44.0,43782,Caution,Yellow,16550.0,1.13,0.11
122,Ward 122,2026-08-11,33.55,81.8,31.74,43.75,50.4,37.7,1.55,43.9,39198,Caution,Yellow,14778.0,1.13,0.1
108,Ward 108,2026-08-11,32.76,86.82,31.66,42.96,49.5,37.1,0.36,44.3,64777,Caution,Yellow,24032.0,1.12,0.16
46,Ward 46,2026-08-11,33.13,83.31,31.52,43.2,48.1,37.0,1.03,48.6,12823,Caution,Yellow,4745.0,1.12,0.03
74,Ward 74,2026-08-11,33.31,82.47,31.62,43.47,49.1,37.0,1.21,45.1,42176,Caution,Yellow,15605.0,1.12,0.1
126,Ward 126,2026-08-11,33.42,82.41,31.68,43.57,49.7,36.6,1.42,41.4,31631,Caution,Yellow,11577.0,1.12,0.08
97,Ward 97,2026-08-11,33.35,82.76,31.65,43.49,49.4,35.5,1.35,37.4,37199,Caution,Yellow,13206.0,1.12,0.09
87,Ward 87,2026-08-11,33.15,83.22,31.54,43.23,48.3,34.9,1.05,38.2,12675,Caution,Yellow,4424.0,1.12,0.03
45,Ward 45,2026-08-11,32.3,88.5,31.16,42.44,44.4,34.3,0.0,49.3,8394,Caution,Yellow,2879.0,1.11,0.02
80,Ward 80,2026-08-11,32.14,88.23,31.04,41.69,43.2,33.7,0.04,51.2,31094,Caution,Yellow,10479.0,1.11,0.07
90,Ward 90,2026-08-11,32.55,86.16,31.24,42.32,45.2,32.2,0.45,36.3,18857,Caution,Yellow,6072.0,1.11,0.04
94,Ward 94,2026-08-11,32.57,86.56,31.26,42.33,45.4,32.0,0.57,34.3,27469,Caution,Yellow,8790.0,1.11,0.06
63,Ward 63,2026-08-11,32.18,88.02,31.05,41.78,43.3,31.8,0.08,41.1,24387,Caution,Yellow,7755.0,1.11,0.05
24,Ward 24,2026-08-12,36.87,71.94,34.95,48.98,86.9,79.3,3.47,80.5,19824,Critical,Red,15720.0,1.22,0.09
23,Ward 23,2026-08-12,36.9,71.82,34.96,49.02,87.0,78.0,3.5,77.0,18256,Critical,Red,14240.0,1.22,0.08
39,Ward 39,2026-08-12,36.64,72.89,34.83,48.66,85.4,76.8,3.24,77.7,21296,Critical,Red,16355.0,1.22,0.09
18,Ward 18,2026-08-12,36.83,72.1,34.92,48.91,86.5,75.3,3.43,71.1,22267,Critical,Red,16767.0,1.22,0.1
42,Ward 42,2026-08-12,36.46,73.63,34.74,48.37,84.3,74.8,3.06,74.9,21746,Danger,Orange,16266.0,1.21,0.09
48,Ward 48,2026-08-12,36.72,72.55,34.87,48.74,85.9,74.6,3.32,70.7,20437,Danger,Orange,15246.0,1.22,0.09
43,Ward 43,2026-08-12,36.57,73.18,34.8,48.55,85.1,74.3,3.17,71.9,17677,Danger,Orange,13134.0,1.22,0.08
41,Ward 41,2026-08-12,36.46,73.63,34.74,48.37,84.3,72.4,3.06,68.6,19946,Danger,Orange,14441.0,1.21,0.08
19,Ward 19,2026-08-12,36.71,72.6,34.86,48.77,85.8,72.0,3.31,64.3,21158,Danger,Orange,15234.0,1.22,0.09
26,Ward 26,2026-08-12,36.48,73.55,34.76,48.44,84.6,71.6,3.08,65.9,25371,Danger,Orange,18166.0,1.21,0.11
25,Ward 25,2026-08-12,36.53,73.35,34.78,48.48,84.8,71.0,3.13,63.8,27484,Danger,Orange,19514.0,1.22,0.12
21,Ward 21,2026-08-12,36.36,74.04,34.69,48.28,83.7,70.8,2.96,65.8,21187,Danger,Orange,15000.0,1.21,0.09
44,Ward 44,2026-08-12,36.27,74.42,34.65,48.11,83.3,70.3,2.87,65.2,29600,Danger,Orange,20809.0,1.21,0.12
20,Ward 20,2026-08-12,36.46,73.63,34.74,48.37,84.3,69.8,3.06,61.7,21576,Danger,Orange,15060.0,1.21,0.09
49,Ward 49,2026-08-12,36.22,72.65,33.93,47.9,74.7,68.9,3.22,82.7,19416,Danger,Orange,13378.0,1.19,0.07
29,Ward 29,2026-08-12,36.29,72.36,33.95,47.95,74.9,67.6,3.29,78.3,53782,Danger,Orange,36357.0,1.19,0.2
77,Ward 77,2026-08-12,36.4,72.47,34.12,48.54,76.9,67.3,3.4,72.2,45984,Danger,Orange,30947.0,1.2,0.18
28,Ward 28,2026-08-12,36.32,72.24,33.97,47.99,75.2,66.0,3.32,72.7,38110,Danger,Orange,25153.0,1.19,0.14
9,Ward 9,2026-08-12,36.22,74.64,34.63,48.06,83.0,65.5,2.82,53.2,16420,Danger,Orange,10755.0,1.21,0.07
54,Ward 54,2026-08-12,36.19,73.09,33.94,48.41,74.8,65.5,3.39,72.5,36235,Danger,Orange,23734.0,1.19,0.14
62,Ward 62,2026-08-12,36.3,72.88,34.07,48.45,76.3,65.5,3.3,68.4,34832,Danger,Orange,22815.0,1.19,0.13
22,Ward 22,2026-08-12,35.91,75.95,34.48,47.64,81.2,65.4,2.51,56.7,15730,Danger,Orange,10287.0,1.21,0.06
47,Ward 47,2026-08-12,35.94,75.84,34.49,47.68,81.3,64.7,2.54,54.7,14684,Danger,Orange,9501.0,1.21,0.06
78,Ward 78,2026-08-12,36.18,73.38,34.02,48.23,75.7,64.4,3.18,66.7,54090,Danger,Orange,34834.0,1.19,0.2
37,Ward 37,2026-08-12,36.16,72.88,33.89,47.77,74.2,64.2,3.16,70.2,24020,Danger,Orange,15421.0,1.19,0.09
135,Ward 135,2026-08-12,35.68,75.49,33.78,47.56,72.9,63.7,2.68,71.9,33258,Danger,Orange,21185.0,1.18,0.12
52,Ward 52,2026-08-12,36.07,73.83,33.97,48.1,75.2,62.5,3.07,62.4,16869,Danger,Orange,10543.0,1.19,0.06
134,Ward 134,2026-08-12,35.45,76.48,33.65,47.24,71.4,62.5,2.45,72.2,35780,Danger,Orange,22362.0,1.18,0.13
53,Ward 53,2026-08-12,36.09,73.75,33.97,48.11,75.2,61.6,3.09,59.7,25598,Danger,Orange,15768.0,1.19,0.1
16,Ward 16,2026-08-12,36.06,73.3,33.85,47.67,73.8,60.7,3.06,60.7,20904,Danger,Orange,12689.0,1.19,0.08
60,Ward 60,2026-08-12,35.74,74.99,33.72,47.8,72.2,60.7,2.94,64.6,35732,Danger,Orange,21689.0,1.18,0.13
61,Ward 61,2026-08-12,35.71,75.37,33.79,47.6,73.1,60.5,2.71,61.6,29704,Danger,Orange,17971.0,1.18,0.11
65,Ward 65,2026-08-12,35.7,75.15,33.7,47.72,72.0,60.4,2.9,64.2,72427,Danger,Orange,43746.0,1.18,0.26
66,Ward 66,2026-08-12,35.65,75.38,33.68,47.67,71.8,60.3,2.85,64.3,98024,Danger,Orange,59108.0,1.18,0.35
75,Ward 75,2026-08-12,35.71,75.37,33.79,47.6,73.1,60.3,2.71,61.0,26925,Danger,Orange,16236.0,1.18,0.1
11,Ward 11,2026-08-12,36.06,73.3,33.85,47.67,73.8,60.2,3.06,59.0,22152,Danger,Orange,13336.0,1.19,0.08
88,Ward 88,2026-08-12,35.8,74.97,33.84,47.72,73.6,59.7,2.8,58.0,23672,Danger,Orange,14132.0,1.19,0.09
38,Ward 38,2026-08-12,35.92,73.9,33.77,47.45,72.8,59.6,2.92,59.7,28791,Danger,Orange,17159.0,1.18,0.1
83,Ward 83,2026-08-12,35.78,75.06,33.82,47.71,73.4,59.5,2.78,57.9,22163,Danger,Orange,13187.0,1.19,0.08
56,Ward 56,2026-08-12,35.75,74.93,33.73,47.78,72.4,59.1,2.95,59.2,43622,Danger,Orange,25781.0,1.18,0.16
84,Ward 84,2026-08-12,35.62,75.75,33.75,47.47,72.6,59.1,2.62,58.6,19230,Danger,Orange,11365.0,1.18,0.07
10,Ward 10,2026-08-12,35.97,73.68,33.8,47.55,73.2,59.0,2.97,56.8,27700,Danger,Orange,16343.0,1.18,0.1
40,Ward 40,2026-08-12,35.83,74.28,33.73,47.33,72.4,58.7,2.83,58.1,20549,Danger,Orange,12062.0,1.18,0.07
76,Ward 76,2026-08-12,35.75,75.19,33.8,47.67,73.2,58.5,2.75,55.5,21946,Danger,Orange,12838.0,1.18,0.08
73,Ward 73,2026-08-12,35.67,75.54,33.77,47.52,72.8,58.3,2.67,55.8,23512,Danger,Orange,13707.0,1.18,0.09
82,Ward 82,2026-08-12,35.64,75.66,33.75,47.48,72.6,58.1,2.64,55.7,38838,Danger,Orange,22565.0,1.18,0.14
85,Ward 85,2026-08-12,35.61,75.78,33.74,47.49,72.5,58.1,2.61,56.0,29566,Danger,Orange,17178.0,1.18,0.11
36,Ward 36,2026-08-12,35.1,77.41,33.37,46.35,68.2,58.0,2.1,66.9,27238,Danger,Orange,15798.0,1.17,0.09
30,Ward 30,2026-08-12,35.8,74.38,33.71,47.29,72.1,57.5,2.8,55.1,30050,Danger,Orange,17279.0,1.18,0.11
50,Ward 50,2026-08-12,35.63,75.7,33.74,47.5,72.5,57.2,2.63,53.0,17251,Danger,Orange,9868.0,1.18,0.06
81,Ward 81,2026-08-12,35.44,76.54,33.66,47.21,71.5,57.1,2.44,55.1,41501,Danger,Orange,23697.0,1.18,0.15
14,Ward 14,2026-08-12,35.71,74.77,33.67,47.17,71.7,56.9,2.71,54.2,53343,Danger,Orange,30352.0,1.18,0.19
133,Ward 133,2026-08-12,35.37,76.83,33.62,47.15,71.1,56.7,2.37,55.1,25588,Danger,Orange,14508.0,1.18,0.09
17,Ward 17,2026-08-12,35.84,74.22,33.74,47.36,72.5,56.5,2.84,51.0,21023,Danger,Orange,11878.0,1.18,0.08
3,Ward 3,2026-08-12,35.58,75.32,33.6,46.97,70.9,56.4,2.58,54.4,53855,Danger,Orange,30374.0,1.18,0.19
13,Ward 13,2026-08-12,35.52,75.59,33.57,46.89,70.5,56.4,2.52,55.4,33066,Danger,Orange,18649.0,1.18,0.12
27,Ward 27,2026-08-12,35.63,75.11,33.63,47.08,71.2,56.4,2.63,53.7,19350,Danger,Orange,10913.0,1.18,0.07
59,Ward 59,2026-08-12,35.26,77.05,33.49,47.11,69.6,56.4,2.46,57.8,70261,Danger,Orange,39627.0,1.18,0.24
132,Ward 132,2026-08-12,35.38,76.78,33.63,47.12,71.2,56.4,2.38,53.9,26274,Danger,Orange,14819.0,1.18,0.09
8,Ward 8,2026-08-12,35.78,74.48,33.71,47.28,72.1,56.2,2.78,50.9,18760,Danger,Orange,10543.0,1.18,0.07
51,Ward 51,2026-08-12,35.56,76.01,33.72,47.38,72.2,56.0,2.56,50.0,13556,Danger,Orange,7591.0,1.18,0.05
72,Ward 72,2026-08-12,35.4,76.7,33.63,47.19,71.2,56.0,2.4,52.6,19167,Danger,Orange,10734.0,1.18,0.07
1,Ward 1,2026-08-12,35.53,75.53,33.58,46.92,70.6,55.9,2.53,53.6,53125,Danger,Orange,29697.0,1.18,0.19
7,Ward 7,2026-08-12,35.61,75.19,33.61,47.01,71.0,55.9,2.61,52.6,19180,Danger,Orange,10722.0,1.18,0.07
117,Ward 117,2026-08-12,35.34,76.96,33.6,47.1,70.9,55.9,2.34,53.1,21824,Danger,Orange,12200.0,1.18,0.08
15,Ward 15,2026-08-12,35.61,75.19,33.61,47.01,71.0,55.8,2.61,52.4,23922,Danger,Orange,13348.0,1.18,0.08
118,Ward 118,2026-08-12,35.3,77.14,33.58,47.03,70.6,55.4,2.3,52.3,21810,Danger,Orange,12083.0,1.18,0.08
89,Ward 89,2026-08-12,35.43,76.58,33.65,47.23,71.4,55.3,2.43,50.0,22304,Danger,Orange,12334.0,1.18,0.08
4,Ward 4,2026-08-12,35.51,75.62,33.57,46.91,70.5,55.1,2.51,51.5,34476,Danger,Orange,18996.0,1.18,0.12
35,Ward 35,2026-08-12,35.64,75.07,33.63,47.05,71.2,55.1,2.64,49.9,35024,Danger,Orange,19298.0,1.18,0.12
120,Ward 120,2026-08-12,35.37,76.83,33.62,47.15,71.1,55.1,2.37,49.9,19710,Danger,Orange,10860.0,1.18,0.07
91,Ward 91,2026-08-12,35.33,76.75,33.52,47.23,69.9,55.0,2.53,52.5,38450,Danger,Orange,21148.0,1.18,0.13
67,Ward 67,2026-08-12,35.21,77.27,33.46,47.06,69.2,54.7,2.41,53.4,56284,Danger,Orange,30787.0,1.18,0.19
64,Ward 64,2026-08-12,35.05,77.98,33.39,46.8,68.4,54.3,2.25,54.1,31280,Danger,Orange,16985.0,1.17,0.11
130,Ward 130,2026-08-12,35.2,77.58,33.54,46.91,70.2,54.3,2.2,49.8,23227,Danger,Orange,12612.0,1.18,0.08
55,Ward 55,2026-08-12,35.12,77.67,33.41,46.92,68.7,54.1,2.32,52.9,32254,Danger,Orange,17449.0,1.17,0.11
71,Ward 71,2026-08-12,35.28,77.23,33.57,47.01,70.5,54.1,2.28,48.2,29922,Danger,Orange,16188.0,1.18,0.11
34,Ward 34,2026-08-12,35.36,76.61,33.53,47.28,70.0,53.9,2.56,49.0,29773,Danger,Orange,16048.0,1.18,0.1
131,Ward 131,2026-08-12,35.15,77.8,33.52,46.8,69.9,53.8,2.15,48.9,30911,Danger,Orange,16630.0,1.18,0.11
137,Ward 137,2026-08-12,34.61,80.25,33.25,46.08,66.8,53.8,1.61,56.7,19385,Danger,Orange,10429.0,1.17,0.06
138,Ward 138,2026-08-12,34.6,81.33,33.12,45.29,65.4,53.8,1.8,60.7,28858,Danger,Orange,15526.0,1.16,0.09
12,Ward 12,2026-08-12,35.21,76.93,33.43,46.49,68.9,53.7,2.21,51.1,21493,Danger,Orange,11542.0,1.17,0.07
69,Ward 69,2026-08-12,34.98,78.56,33.44,46.57,69.0,53.7,1.98,50.6,44111,Danger,Orange,23688.0,1.18,0.15
136,Ward 136,2026-08-12,34.97,78.6,33.43,46.58,68.9,53.7,1.97,51.0,21482,Danger,Orange,11536.0,1.17,0.07
32,Ward 32,2026-08-12,35.0,77.85,33.32,46.19,67.6,53.6,2.0,54.1,45636,Danger,Orange,24461.0,1.17,0.15
6,Ward 6,2026-08-12,35.03,77.73,33.33,46.23,67.8,53.4,2.03,52.9,42346,Danger,Orange,22613.0,1.17,0.14
31,Ward 31,2026-08-12,35.2,76.97,33.42,46.46,68.8,53.4,2.2,50.1,39025,Danger,Orange,20839.0,1.17,0.13
93,Ward 93,2026-08-12,35.12,77.92,33.5,46.76,69.7,53.3,2.12,47.7,44364,Danger,Orange,23646.0,1.18,0.15
119,Ward 119,2026-08-12,35.16,77.76,33.51,46.84,69.8,53.1,2.16,46.9,16491,Danger,Orange,8757.0,1.18,0.06
129,Ward 129,2026-08-12,34.98,78.56,33.44,46.57,69.0,52.8,1.98,47.9,39654,Danger,Orange,20937.0,1.18,0.14
2,Ward 2,2026-08-12,35.31,76.49,33.47,46.6,69.4,52.6,2.31,46.3,48190,Danger,Orange,25348.0,1.18,0.17
70,Ward 70,2026-08-12,35.06,78.21,33.47,46.72,69.4,52.5,2.06,46.0,18618,Danger,Orange,9774.0,1.18,0.06
68,Ward 68,2026-08-12,34.93,78.51,33.33,46.68,67.8,52.4,2.13,49.4,20724,Danger,Orange,10859.0,1.17,0.07
86,Ward 86,2026-08-12,34.93,78.78,33.4,46.51,68.6,52.3,1.93,47.1,19195,Danger,Orange,10039.0,1.17,0.07
105,Ward 105,2026-08-12,35.18,77.41,33.44,47.01,69.0,52.2,2.38,45.8,21267,Danger,Orange,11101.0,1.18,0.07
45,Ward 45,2026-08-12,33.4,87.73,33.27,44.08,67.1,51.8,0.0,49.3,8394,Danger,Orange,4348.0,1.17,0.03
104,Ward 104,2026-08-12,35.11,77.72,33.42,46.89,68.8,51.4,2.31,43.9,33185,Danger,Orange,17057.0,1.17,0.11
95,Ward 95,2026-08-12,35.19,78.32,33.27,46.84,67.1,51.3,2.29,47.6,26737,Danger,Orange,13716.0,1.17,0.09
96,Ward 96,2026-08-12,35.23,78.14,33.29,46.86,67.3,51.3,2.33,47.3,31033,Danger,Orange,15920.0,1.17,0.1
139,Ward 139,2026-08-12,34.2,83.22,32.92,44.72,63.1,51.3,1.4,58.5,42014,Danger,Orange,21553.0,1.16,0.13
92,Ward 92,2026-08-12,34.94,78.48,33.34,46.66,67.9,51.0,2.14,44.8,36450,Danger,Orange,18590.0,1.17,0.12
98,Ward 98,2026-08-12,35.23,78.14,33.29,46.86,67.3,51.0,2.33,46.3,31708,Danger,Orange,16171.0,1.17,0.11
57,Ward 57,2026-08-12,34.52,80.38,33.12,46.06,65.4,50.9,1.72,50.6,49856,Danger,Orange,25377.0,1.16,0.16
116,Ward 116,2026-08-12,34.99,79.22,33.16,46.56,65.8,50.9,2.09,49.7,28338,Danger,Orange,14424.0,1.17,0.09
79,Ward 79,2026-08-12,34.45,80.98,33.17,45.81,65.9,50.8,1.45,49.2,44303,Danger,Orange,22506.0,1.17,0.15
107,Ward 107,2026-08-12,34.7,79.57,33.21,46.34,66.4,50.8,1.9,47.8,54260,Danger,Orange,27564.0,1.17,0.18
106,Ward 106,2026-08-12,34.8,79.09,33.26,46.46,67.0,50.7,2.0,46.1,40618,Danger,Orange,20593.0,1.17,0.14
99,Ward 99,2026-08-12,35.01,78.17,33.15,46.78,65.7,50.4,2.41,48.4,26739,Danger,Orange,13476.0,1.17,0.09
112,Ward 112,2026-08-12,34.94,79.44,33.14,46.45,65.6,50.1,2.04,47.5,32404,Danger,Orange,16234.0,1.17,0.11
113,Ward 113,2026-08-12,34.91,79.57,33.13,46.46,65.5,50.1,2.01,47.7,33475,Danger,Orange,16771.0,1.17,0.11
115,Ward 115,2026-08-12,35.0,79.16,33.17,46.54,65.9,49.9,2.1,46.0,31919,Caution,Yellow,15928.0,1.17,0.11
123,Ward 123,2026-08-12,34.9,79.61,33.12,46.43,65.4,49.9,2.0,47.5,35386,Caution,Yellow,17658.0,1.16,0.12
114,Ward 114,2026-08-12,34.84,79.9,33.1,46.34,65.2,49.8,1.94,47.4,41913,Caution,Yellow,20873.0,1.16,0.14
103,Ward 103,2026-08-12,34.91,78.61,33.09,46.61,65.0,49.6,2.31,47.3,25428,Caution,Yellow,12612.0,1.16,0.08
121,Ward 121,2026-08-12,34.82,79.98,33.08,46.32,64.9,49.6,1.92,47.5,29921,Caution,Yellow,14841.0,1.16,0.1
141,Ward 141,2026-08-12,33.98,84.29,32.81,44.41,61.9,49.6,1.18,55.9,41152,Caution,Yellow,20411.0,1.16,0.13
140,Ward 140,2026-08-12,33.87,84.81,32.76,44.25,61.4,49.5,1.07,56.8,30504,Caution,Yellow,15099.0,1.16,0.09
124,Ward 124,2026-08-12,34.73,80.39,33.04,46.19,64.5,49.4,1.83,47.9,39179,Caution,Yellow,19354.0,1.16,0.13
101,Ward 101,2026-08-12,34.8,79.1,33.04,46.46,64.5,49.2,2.2,47.2,40208,Caution,Yellow,19782.0,1.16,0.13
128,Ward 128,2026-08-12,34.82,79.98,33.08,46.32,64.9,49.2,1.92,46.1,32179,Caution,Yellow,15832.0,1.16,0.1
46,Ward 46,2026-08-12,34.03,82.96,32.97,45.23,63.7,49.0,1.03,48.6,12823,Caution,Yellow,6283.0,1.16,0.04
125,Ward 125,2026-08-12,34.71,80.48,33.03,46.17,64.4,48.9,1.81,46.6,44850,Caution,Yellow,21932.0,1.16,0.14
5,Ward 5,2026-08-12,34.7,79.2,33.17,45.74,65.9,48.7,1.7,42.1,23707,Caution,Yellow,11545.0,1.17,0.08
74,Ward 74,2026-08-12,34.21,82.1,33.05,45.48,64.6,48.6,1.21,45.1,42176,Caution,Yellow,20498.0,1.16,0.14
33,Ward 33,2026-08-12,34.49,80.51,33.11,46.02,65.3,48.4,1.69,42.5,45919,Caution,Yellow,22225.0,1.16,0.15
102,Ward 102,2026-08-12,34.7,79.57,33.0,46.34,64.0,48.3,2.1,45.5,21503,Caution,Yellow,10386.0,1.16,0.07
58,Ward 58,2026-08-12,33.75,84.01,32.75,44.98,61.2,47.9,0.95,51.8,88465,Caution,Yellow,42375.0,1.16,0.27
111,Ward 111,2026-08-12,34.42,80.85,32.86,45.94,62.5,47.2,1.82,45.5,38647,Caution,Yellow,18241.0,1.16,0.12
127,Ward 127,2026-08-12,34.47,81.6,32.92,45.8,63.1,47.2,1.57,44.0,43782,Caution,Yellow,20665.0,1.16,0.14
100,Ward 100,2026-08-12,34.55,80.24,32.92,46.11,63.1,47.1,1.95,43.6,25507,Caution,Yellow,12014.0,1.16,0.08
122,Ward 122,2026-08-12,34.45,81.69,32.9,45.79,62.9,47.0,1.55,43.9,39198,Caution,Yellow,18423.0,1.16,0.12
110,Ward 110,2026-08-12,34.33,81.25,32.81,45.8,61.9,46.5,1.73,44.7,27470,Caution,Yellow,12774.0,1.16,0.08
87,Ward 87,2026-08-12,34.05,82.86,32.98,45.25,63.8,46.1,1.05,38.2,12675,Caution,Yellow,5843.0,1.16,0.04
126,Ward 126,2026-08-12,34.32,82.3,32.84,45.62,62.2,45.8,1.42,41.4,31631,Caution,Yellow,14487.0,1.16,0.1
80,Ward 80,2026-08-12,33.04,87.83,32.49,43.75,58.4,45.6,0.04,51.2,31094,Caution,Yellow,14179.0,1.15,0.09
109,Ward 109,2026-08-12,33.74,84.06,32.52,44.95,58.7,44.5,1.14,46.2,64567,Caution,Yellow,28732.0,1.15,0.19
97,Ward 97,2026-08-12,34.25,82.63,32.8,45.49,61.8,44.4,1.35,37.4,37199,Caution,Yellow,16516.0,1.16,0.11
108,Ward 108,2026-08-12,33.16,86.93,32.46,44.07,58.1,43.5,0.36,44.3,64777,Caution,Yellow,28178.0,1.15,0.19
90,Ward 90,2026-08-12,33.45,85.78,32.69,44.37,60.6,43.2,0.45,36.3,18857,Caution,Yellow,8146.0,1.15,0.06
63,Ward 63,2026-08-12,33.08,87.62,32.5,43.84,58.5,43.0,0.08,41.1,24387,Caution,Yellow,10486.0,1.15,0.07
94,Ward 94,2026-08-12,33.47,86.45,32.42,44.35,57.6,40.6,0.57,34.3,27469,Caution,Yellow,11152.0,1.14,0.08
24,Ward 24,2026-08-13,34.37,71.52,31.67,44.58,49.6,45.2,3.47,80.5,19824,Caution,Yellow,8960.0,1.12,0.05
23,Ward 23,2026-08-13,34.4,71.4,31.69,44.63,49.8,44.6,3.5,77.0,18256,Caution,Yellow,8142.0,1.12,0.04
39,Ward 39,2026-08-13,34.14,72.47,31.55,44.25,48.4,43.5,3.24,77.7,21296,Caution,Yellow,9264.0,1.12,0.05
18,Ward 18,2026-08-13,34.33,71.68,31.66,44.55,49.5,43.1,3.43,71.1,22267,Caution,Yellow,9597.0,1.12,0.05
48,Ward 48,2026-08-13,34.22,72.13,31.59,44.36,48.8,42.4,3.32,70.7,20437,Caution,Yellow,8665.0,1.12,0.05
42,Ward 42,2026-08-13,33.96,73.2,31.47,44.02,47.6,42.2,3.06,74.9,21746,Caution,Yellow,9177.0,1.12,0.05
43,Ward 43,2026-08-13,34.07,72.75,31.53,44.18,48.2,42.1,3.17,71.9,17677,Caution,Yellow,7442.0,1.12,0.04
49,Ward 49,2026-08-13,34.22,72.44,31.26,43.72,45.4,41.9,3.22,82.7,19416,Caution,Yellow,8135.0,1.11,0.04
29,Ward 29,2026-08-13,34.29,72.15,31.29,43.79,45.7,41.2,3.29,78.3,53782,Caution,Yellow,22158.0,1.11,0.12
19,Ward 19,2026-08-13,34.21,72.17,31.6,44.37,48.9,41.0,3.31,64.3,21158,Caution,Yellow,8675.0,1.12,0.05
41,Ward 41,2026-08-13,33.96,73.2,31.47,44.02,47.6,40.9,3.06,68.6,19946,Caution,Yellow,8158.0,1.12,0.05
26,Ward 26,2026-08-13,33.98,73.11,31.48,44.04,47.7,40.4,3.08,65.9,25371,Caution,Yellow,10250.0,1.12,0.06
77,Ward 77,2026-08-13,34.1,72.25,31.33,43.93,46.1,40.3,3.4,72.2,45984,Caution,Yellow,18532.0,1.11,0.1
28,Ward 28,2026-08-13,34.32,72.03,31.3,43.83,45.8,40.2,3.32,72.7,38110,Caution,Yellow,15320.0,1.11,0.09
25,Ward 25,2026-08-13,34.03,72.91,31.5,44.1,47.9,40.1,3.13,63.8,27484,Caution,Yellow,11021.0,1.12,0.06
21,Ward 21,2026-08-13,33.86,73.61,31.41,43.86,47.0,39.8,2.96,65.8,21187,Caution,Yellow,8432.0,1.12,0.05
20,Ward 20,2026-08-13,33.96,73.2,31.47,44.02,47.6,39.4,3.06,61.7,21576,Caution,Yellow,8501.0,1.12,0.05
44,Ward 44,2026-08-13,33.77,74.0,31.38,43.76,46.6,39.3,2.87,65.2,29600,Caution,Yellow,11633.0,1.12,0.07
54,Ward 54,2026-08-13,34.19,72.31,31.21,44.56,44.9,39.3,3.39,72.5,36235,Caution,Yellow,14240.0,1.11,0.08
37,Ward 37,2026-08-13,34.16,72.68,31.23,43.63,45.1,39.1,3.16,70.2,24020,Caution,Yellow,9392.0,1.11,0.05
62,Ward 62,2026-08-13,34.0,72.65,31.27,43.76,45.5,39.0,3.3,68.4,34832,Caution,Yellow,13584.0,1.11,0.08
78,Ward 78,2026-08-13,33.88,73.15,31.22,43.62,45.0,38.3,3.18,66.7,54090,Caution,Yellow,20716.0,1.11,0.12
135,Ward 135,2026-08-13,33.38,75.26,30.96,42.88,42.4,37.0,2.68,71.9,33258,Caution,Yellow,12305.0,1.1,0.07
52,Ward 52,2026-08-13,33.77,73.61,31.16,43.46,44.4,36.9,3.07,62.4,16869,Caution,Yellow,6225.0,1.11,0.04
16,Ward 16,2026-08-13,34.06,73.1,31.17,43.47,44.5,36.6,3.06,60.7,20904,Caution,Yellow,7651.0,1.11,0.05
9,Ward 9,2026-08-13,33.72,74.2,31.34,43.65,46.2,36.5,2.82,53.2,16420,Caution,Yellow,5993.0,1.12,0.04
53,Ward 53,2026-08-13,33.79,73.53,31.17,43.48,44.5,36.4,3.09,59.7,25598,Caution,Yellow,9318.0,1.11,0.06
11,Ward 11,2026-08-13,34.06,73.1,31.17,43.47,44.5,36.3,3.06,59.0,22152,Caution,Yellow,8041.0,1.11,0.05
22,Ward 22,2026-08-13,33.41,75.53,31.2,43.23,44.8,36.1,2.51,56.7,15730,Caution,Yellow,5679.0,1.11,0.03
134,Ward 134,2026-08-13,33.15,76.27,30.85,42.55,41.3,36.1,2.45,72.2,35780,Caution,Yellow,12917.0,1.1,0.07
38,Ward 38,2026-08-13,33.92,73.68,31.1,43.28,43.8,35.9,2.92,59.7,28791,Caution,Yellow,10336.0,1.11,0.06
60,Ward 60,2026-08-13,33.74,74.16,30.99,43.87,42.7,35.9,2.94,64.6,35732,Caution,Yellow,12828.0,1.1,0.07
47,Ward 47,2026-08-13,33.44,75.4,31.21,43.28,44.9,35.7,2.54,54.7,14684,Caution,Yellow,5242.0,1.11,0.03
65,Ward 65,2026-08-13,33.7,74.34,30.96,43.83,42.4,35.6,2.9,64.2,72427,Caution,Yellow,25784.0,1.1,0.15
10,Ward 10,2026-08-13,33.97,73.47,31.12,43.34,44.0,35.4,2.97,56.8,27700,Caution,Yellow,9806.0,1.11,0.06
66,Ward 66,2026-08-13,33.65,74.54,30.94,43.76,42.2,35.4,2.85,64.3,98024,Caution,Yellow,34700.0,1.1,0.2
61,Ward 61,2026-08-13,33.41,75.14,30.98,42.93,42.6,35.2,2.71,61.6,29704,Caution,Yellow,10456.0,1.1,0.06
40,Ward 40,2026-08-13,33.83,74.05,31.05,43.15,43.3,35.1,2.83,58.1,20549,Caution,Yellow,7213.0,1.11,0.04
75,Ward 75,2026-08-13,33.41,75.14,30.98,42.93,42.6,35.1,2.71,61.0,26925,Caution,Yellow,9451.0,1.1,0.06
88,Ward 88,2026-08-13,33.5,74.75,31.03,43.07,43.1,35.0,2.8,58.0,23672,Caution,Yellow,8285.0,1.11,0.05
56,Ward 56,2026-08-13,33.75,74.13,31.0,43.91,42.8,34.9,2.95,59.2,43622,Caution,Yellow,15224.0,1.1,0.09
83,Ward 83,2026-08-13,33.48,74.84,31.02,43.05,43.0,34.9,2.78,57.9,22163,Caution,Yellow,7735.0,1.11,0.05
30,Ward 30,2026-08-13,33.8,74.19,31.04,43.1,43.2,34.5,2.8,55.1,30050,Caution,Yellow,10367.0,1.11,0.06
84,Ward 84,2026-08-13,33.32,75.52,30.94,42.82,42.2,34.3,2.62,58.6,19230,Caution,Yellow,6596.0,1.1,0.04
76,Ward 76,2026-08-13,33.45,74.96,31.0,43.0,42.8,34.2,2.75,55.5,21946,Caution,Yellow,7506.0,1.1,0.05
73,Ward 73,2026-08-13,33.37,75.3,30.96,42.89,42.4,34.0,2.67,55.8,23512,Caution,Yellow,7994.0,1.1,0.05
14,Ward 14,2026-08-13,33.71,74.57,30.99,42.97,42.7,33.9,2.71,54.2,53343,Caution,Yellow,18083.0,1.1,0.11
82,Ward 82,2026-08-13,33.34,75.45,30.95,42.84,42.3,33.9,2.64,55.7,38838,Caution,Yellow,13166.0,1.1,0.08
17,Ward 17,2026-08-13,33.84,74.02,31.06,43.18,43.4,33.8,2.84,51.0,21023,Caution,Yellow,7106.0,1.11,0.04
36,Ward 36,2026-08-13,33.1,77.2,30.69,42.14,39.7,33.8,2.1,66.9,27238,Caution,Yellow,9206.0,1.1,0.05
85,Ward 85,2026-08-13,33.31,75.57,30.93,42.79,42.1,33.8,2.61,56.0,29566,Caution,Yellow,9993.0,1.1,0.06
8,Ward 8,2026-08-13,33.78,74.27,31.03,43.09,43.1,33.6,2.78,50.9,18760,Caution,Yellow,6303.0,1.11,0.04
3,Ward 3,2026-08-13,33.58,75.11,30.93,42.8,42.1,33.5,2.58,54.4,53855,Caution,Yellow,18041.0,1.1,0.11
27,Ward 27,2026-08-13,33.63,74.91,30.95,42.86,42.3,33.5,2.63,53.7,19350,Caution,Yellow,6482.0,1.1,0.04
13,Ward 13,2026-08-13,33.52,75.38,30.9,42.71,41.8,33.4,2.52,55.4,33066,Caution,Yellow,11044.0,1.1,0.07
50,Ward 50,2026-08-13,33.33,75.47,30.94,42.81,42.2,33.3,2.63,53.0,17251,Caution,Yellow,5745.0,1.1,0.04
1,Ward 1,2026-08-13,33.53,75.32,30.91,42.74,41.9,33.2,2.53,53.6,53125,Caution,Yellow,17638.0,1.1,0.11
7,Ward 7,2026-08-13,33.61,75.0,30.94,42.84,42.2,33.2,2.61,52.6,19180,Caution,Yellow,6368.0,1.1,0.04
15,Ward 15,2026-08-13,33.61,75.0,30.94,42.84,42.2,33.2,2.61,52.4,23922,Caution,Yellow,7942.0,1.1,0.05
81,Ward 81,2026-08-13,33.14,76.29,30.84,42.52,41.2,32.9,2.44,55.1,41501,Caution,Yellow,13654.0,1.1,0.08
35,Ward 35,2026-08-13,33.64,74.86,30.96,42.89,42.4,32.8,2.64,49.9,35024,Caution,Yellow,11488.0,1.1,0.07
4,Ward 4,2026-08-13,33.51,75.41,30.9,42.72,41.8,32.7,2.51,51.5,34476,Caution,Yellow,11274.0,1.1,0.07
59,Ward 59,2026-08-13,33.26,76.22,30.74,43.15,40.2,32.6,2.46,57.8,70261,Caution,Yellow,22905.0,1.1,0.14
133,Ward 133,2026-08-13,33.07,76.6,30.81,42.43,40.9,32.6,2.37,55.1,25588,Caution,Yellow,8342.0,1.1,0.05
51,Ward 51,2026-08-13,33.26,75.79,30.91,42.72,41.9,32.5,2.56,50.0,13556,Caution,Yellow,4406.0,1.1,0.03
132,Ward 132,2026-08-13,33.08,76.55,30.82,42.46,41.0,32.5,2.38,53.9,26274,Caution,Yellow,8539.0,1.1,0.05
72,Ward 72,2026-08-13,33.1,76.48,30.82,42.48,41.0,32.3,2.4,52.6,19167,Caution,Yellow,6191.0,1.1,0.04
117,Ward 117,2026-08-13,33.04,76.73,30.79,42.38,40.7,32.1,2.34,53.1,21824,Caution,Yellow,7006.0,1.1,0.04
89,Ward 89,2026-08-13,33.13,76.34,30.84,42.53,41.2,31.9,2.43,50.0,22304,Caution,Yellow,7115.0,1.1,0.04
91,Ward 91,2026-08-13,33.33,75.91,30.78,43.25,40.6,31.9,2.53,52.5,38450,Caution,Yellow,12266.0,1.1,0.08
118,Ward 118,2026-08-13,33.0,76.9,30.78,42.34,40.6,31.9,2.3,52.3,21810,Caution,Yellow,6957.0,1.1,0.04
120,Ward 120,2026-08-13,33.07,76.6,30.81,42.43,40.9,31.7,2.37,49.9,19710,Caution,Yellow,6248.0,1.1,0.04
67,Ward 67,2026-08-13,33.21,76.42,30.72,43.07,40.0,31.6,2.41,53.4,56284,Caution,Yellow,17786.0,1.1,0.11
12,Ward 12,2026-08-13,33.21,76.73,30.75,42.3,40.3,31.4,2.21,51.1,21493,Caution,Yellow,6749.0,1.1,0.04
34,Ward 34,2026-08-13,33.36,75.79,30.8,43.3,40.8,31.4,2.56,49.0,29773,Caution,Yellow,9349.0,1.1,0.06
31,Ward 31,2026-08-13,33.2,76.75,30.74,42.27,40.2,31.2,2.2,50.1,39025,Caution,Yellow,12176.0,1.1,0.08
55,Ward 55,2026-08-13,33.12,76.83,30.68,42.95,39.6,31.2,2.32,52.9,32254,Caution,Yellow,10063.0,1.1,0.06
64,Ward 64,2026-08-13,33.05,77.14,30.64,42.84,39.3,31.2,2.25,54.1,31280,Caution,Yellow,9759.0,1.1,0.06
32,Ward 32,2026-08-13,33.0,77.64,30.63,41.96,39.2,31.1,2.0,54.1,45636,Caution,Yellow,14193.0,1.1,0.09
71,Ward 71,2026-08-13,32.98,76.99,30.77,42.32,40.5,31.1,2.28,48.2,29922,Caution,Yellow,9306.0,1.1,0.06
6,Ward 6,2026-08-13,33.03,77.52,30.65,42.01,39.3,31.0,2.03,52.9,42346,Caution,Yellow,13127.0,1.1,0.08
130,Ward 130,2026-08-13,32.9,77.36,30.73,42.2,40.1,31.0,2.2,49.8,23227,Caution,Yellow,7200.0,1.1,0.04
2,Ward 2,2026-08-13,33.31,76.28,30.8,42.42,40.8,30.9,2.31,46.3,48190,Caution,Yellow,14891.0,1.1,0.09
131,Ward 131,2026-08-13,32.85,77.58,30.7,42.13,39.8,30.6,2.15,48.9,30911,Caution,Yellow,9459.0,1.1,0.06
93,Ward 93,2026-08-13,32.82,77.71,30.69,42.08,39.7,30.4,2.12,47.7,44364,Caution,Yellow,13487.0,1.1,0.08
136,Ward 136,2026-08-13,32.67,78.38,30.61,41.86,39.0,30.4,1.97,51.0,21482,Caution,Yellow,6531.0,1.09,0.04
138,Ward 138,2026-08-13,32.5,80.92,30.4,41.09,36.9,30.4,1.8,60.7,28858,Caution,Yellow,8773.0,1.09,0.05
69,Ward 69,2026-08-13,32.68,78.33,30.61,41.85,39.0,30.3,1.98,50.6,44111,Caution,Yellow,13366.0,1.09,0.08
119,Ward 119,2026-08-13,32.86,77.52,30.7,42.12,39.8,30.3,2.16,46.9,16491,Caution,Yellow,4997.0,1.1,0.03
99,Ward 99,2026-08-13,33.11,77.35,30.64,43.55,39.3,30.2,2.41,48.4,26739,Caution,Yellow,8075.0,1.1,0.05
105,Ward 105,2026-08-13,33.18,76.57,30.7,43.02,39.8,30.1,2.38,45.8,21267,Caution,Yellow,6401.0,1.1,0.04
137,Ward 137,2026-08-13,32.31,80.02,30.43,41.3,37.2,30.0,1.61,56.7,19385,Caution,Yellow,5816.0,1.09,0.03
68,Ward 68,2026-08-13,32.93,77.67,30.58,42.66,38.7,29.9,2.13,49.4,20724,Caution,Yellow,6196.0,1.09,0.04
129,Ward 129,2026-08-13,32.68,78.33,30.61,41.85,39.0,29.9,1.98,47.9,39654,Caution,Yellow,11857.0,1.09,0.07
70,Ward 70,2026-08-13,32.76,77.97,30.65,41.97,39.3,29.8,2.06,46.0,18618,Caution,Yellow,5548.0,1.1,0.04
96,Ward 96,2026-08-13,33.03,77.6,30.62,42.58,39.1,29.8,2.33,47.3,31033,Caution,Yellow,9248.0,1.1,0.06
95,Ward 95,2026-08-13,32.99,77.78,30.6,42.49,38.9,29.7,2.29,47.6,26737,Caution,Yellow,7941.0,1.09,0.05
98,Ward 98,2026-08-13,33.03,77.6,30.62,42.58,39.1,29.7,2.33,46.3,31708,Caution,Yellow,9417.0,1.1,0.06
86,Ward 86,2026-08-13,32.63,78.55,30.59,41.77,38.8,29.6,1.93,47.1,19195,Caution,Yellow,5682.0,1.09,0.04
103,Ward 103,2026-08-13,33.01,77.8,30.59,43.39,38.8,29.6,2.31,47.3,25428,Caution,Yellow,7527.0,1.09,0.05
104,Ward 104,2026-08-13,33.11,76.88,30.67,42.91,39.5,29.5,2.31,43.9,33185,Caution,Yellow,9790.0,1.1,0.06
116,Ward 116,2026-08-13,32.79,78.66,30.5,42.2,37.9,29.3,2.09,49.7,28338,Caution,Yellow,8303.0,1.09,0.05
101,Ward 101,2026-08-13,32.9,78.28,30.54,43.25,38.3,29.2,2.2,47.2,40208,Caution,Yellow,11741.0,1.09,0.07
92,Ward 92,2026-08-13,32.94,77.62,30.58,42.65,38.7,29.1,2.14,44.8,36450,Caution,Yellow,10607.0,1.09,0.07
106,Ward 106,2026-08-13,32.8,78.25,30.52,42.44,38.1,28.9,2.0,46.1,40618,Caution,Yellow,11739.0,1.09,0.07
107,Ward 107,2026-08-13,32.7,78.7,30.47,42.28,37.6,28.8,1.9,47.8,54260,Caution,Yellow,15627.0,1.09,0.1
115,Ward 115,2026-08-13,32.8,78.63,30.51,42.23,38.0,28.8,2.1,46.0,31919,Caution,Yellow,9193.0,1.09,0.06
112,Ward 112,2026-08-13,32.74,78.89,30.47,42.12,37.6,28.7,2.04,47.5,32404,Caution,Yellow,9300.0,1.09,0.06
113,Ward 113,2026-08-13,32.71,79.03,30.46,42.07,37.5,28.7,2.01,47.7,33475,Caution,Yellow,9607.0,1.09,0.06
123,Ward 123,2026-08-13,32.7,79.08,30.46,42.08,37.5,28.6,2.0,47.5,35386,Caution,Yellow,10120.0,1.09,0.06
57,Ward 57,2026-08-13,32.52,79.52,30.38,42.01,36.7,28.5,1.72,50.6,49856,Caution,Yellow,14209.0,1.09,0.09
102,Ward 102,2026-08-13,32.8,78.75,30.49,43.09,37.8,28.5,2.1,45.5,21503,Caution,Yellow,6128.0,1.09,0.04
139,Ward 139,2026-08-13,32.1,82.83,30.21,40.52,35.1,28.5,1.4,58.5,42014,Caution,Yellow,11974.0,1.08,0.07
114,Ward 114,2026-08-13,32.64,79.34,30.42,41.97,37.1,28.3,1.94,47.4,41913,Caution,Yellow,11861.0,1.09,0.07
121,Ward 121,2026-08-13,32.62,79.44,30.42,41.95,37.1,28.3,1.92,47.5,29921,Caution,Yellow,8468.0,1.09,0.05
79,Ward 79,2026-08-13,32.15,80.75,30.36,41.07,36.5,28.2,1.45,49.2,44303,Caution,Yellow,12493.0,1.09,0.08
124,Ward 124,2026-08-13,32.53,79.85,30.38,41.82,36.7,28.1,1.83,47.9,39179,Caution,Yellow,11009.0,1.09,0.07
128,Ward 128,2026-08-13,32.62,79.44,30.42,41.95,37.1,28.1,1.92,46.1,32179,Caution,Yellow,9042.0,1.09,0.06
5,Ward 5,2026-08-13,32.7,78.99,30.49,41.56,37.8,28.0,1.7,42.1,23707,Caution,Yellow,6638.0,1.09,0.04
125,Ward 125,2026-08-13,32.51,79.94,30.37,41.8,36.6,27.8,1.81,46.6,44850,Caution,Yellow,12468.0,1.09,0.08
100,Ward 100,2026-08-13,32.65,79.43,30.41,42.85,37.0,27.6,1.95,43.6,25507,Caution,Yellow,7040.0,1.09,0.04
111,Ward 111,2026-08-13,32.52,80.01,30.36,42.67,36.5,27.5,1.82,45.5,38647,Caution,Yellow,10628.0,1.09,0.07
141,Ward 141,2026-08-13,31.88,83.86,30.09,40.17,34.0,27.3,1.18,55.9,41152,Caution,Yellow,11234.0,1.08,0.07
33,Ward 33,2026-08-13,32.49,79.65,30.36,41.95,36.5,27.1,1.69,42.5,45919,Caution,Yellow,12444.0,1.09,0.08
110,Ward 110,2026-08-13,32.43,80.43,30.3,42.5,36.0,27.0,1.73,44.7,27470,Caution,Yellow,7417.0,1.09,0.05
140,Ward 140,2026-08-13,31.77,84.4,30.04,40.02,33.5,27.0,1.07,56.8,30504,Caution,Yellow,8236.0,1.08,0.05
46,Ward 46,2026-08-13,31.73,82.73,30.15,40.41,34.6,26.6,1.03,48.6,12823,Caution,Yellow,3411.0,1.08,0.02
74,Ward 74,2026-08-13,31.91,81.86,30.23,40.67,35.3,26.6,1.21,45.1,42176,Caution,Yellow,11219.0,1.08,0.07
127,Ward 127,2026-08-13,32.27,81.04,30.24,41.41,35.4,26.5,1.57,44.0,43782,Caution,Yellow,11602.0,1.08,0.07
122,Ward 122,2026-08-13,32.25,81.14,30.23,41.38,35.3,26.4,1.55,43.9,39198,Caution,Yellow,10348.0,1.08,0.07
58,Ward 58,2026-08-13,31.75,83.11,29.99,40.73,33.1,25.9,0.95,51.8,88465,Caution,Yellow,22912.0,1.08,0.14
126,Ward 126,2026-08-13,32.12,81.75,30.18,41.2,34.8,25.6,1.42,41.4,31631,Caution,Yellow,8098.0,1.08,0.05
109,Ward 109,2026-08-13,31.84,83.21,30.03,41.57,33.4,25.3,1.14,46.2,64567,Caution,Yellow,16335.0,1.08,0.1
45,Ward 45,2026-08-13,30.9,87.25,29.95,39.39,32.7,25.2,0.0,49.3,8394,Caution,Yellow,2115.0,1.08,0.01
87,Ward 87,2026-08-13,31.75,82.63,30.15,40.43,34.6,25.0,1.05,38.2,12675,Caution,Yellow,3169.0,1.08,0.02
97,Ward 97,2026-08-13,32.05,82.08,30.13,41.07,34.4,24.7,1.35,37.4,37199,Normal,Green,9188.0,1.08,0.06
80,Ward 80,2026-08-13,30.74,87.6,29.66,38.79,30.0,23.4,0.04,51.2,31094,Normal,Green,7276.0,1.07,0.04
90,Ward 90,2026-08-13,31.15,85.54,29.86,39.48,31.9,22.8,0.45,36.3,18857,Normal,Green,4299.0,1.07,0.03
108,Ward 108,2026-08-13,31.16,86.0,29.7,39.72,30.4,22.8,0.36,44.3,64777,Normal,Green,14769.0,1.07,0.09
63,Ward 63,2026-08-13,30.78,87.4,29.68,38.86,30.2,22.2,0.08,41.1,24387,Normal,Green,5414.0,1.07,0.03
94,Ward 94,2026-08-13,31.27,85.86,29.75,39.82,30.9,21.8,0.57,34.3,27469,Normal,Green,5988.0,1.07,0.04
54,Ward 54,2026-08-14,35.49,69.62,32.16,46.49,54.8,48.0,3.39,72.5,36235,Caution,Yellow,17393.0,1.14,0.1
49,Ward 49,2026-08-14,35.22,69.94,31.86,45.76,51.6,47.6,3.22,82.7,19416,Caution,Yellow,9242.0,1.13,0.05
29,Ward 29,2026-08-14,35.29,69.68,31.89,45.87,51.9,46.8,3.29,78.3,53782,Caution,Yellow,25170.0,1.13,0.14
28,Ward 28,2026-08-14,35.32,69.55,31.91,45.91,52.2,45.8,3.32,72.7,38110,Caution,Yellow,17454.0,1.13,0.1
37,Ward 37,2026-08-14,35.16,70.19,31.83,45.68,51.3,44.4,3.16,70.2,24020,Caution,Yellow,10665.0,1.13,0.06
24,Ward 24,2026-08-14,34.07,69.7,31.57,43.86,48.6,44.3,3.47,80.5,19824,Caution,Yellow,8782.0,1.12,0.05
60,Ward 60,2026-08-14,35.04,71.42,31.93,45.86,52.4,44.1,2.94,64.6,35732,Caution,Yellow,15758.0,1.13,0.09
65,Ward 65,2026-08-14,35.0,71.57,31.92,45.84,52.3,43.9,2.9,64.2,72427,Caution,Yellow,31795.0,1.13,0.19
23,Ward 23,2026-08-14,34.1,69.57,31.58,43.91,48.7,43.7,3.5,77.0,18256,Caution,Yellow,7978.0,1.12,0.04
66,Ward 66,2026-08-14,34.95,71.77,31.89,45.73,51.9,43.6,2.85,64.3,98024,Caution,Yellow,42738.0,1.13,0.25
56,Ward 56,2026-08-14,35.05,71.36,31.94,45.89,52.5,42.9,2.95,59.2,43622,Caution,Yellow,18714.0,1.13,0.11
39,Ward 39,2026-08-14,33.84,70.62,31.45,43.52,47.4,42.6,3.24,77.7,21296,Caution,Yellow,9072.0,1.12,0.05
18,Ward 18,2026-08-14,34.03,69.86,31.56,43.82,48.5,42.2,3.43,71.1,22267,Caution,Yellow,9397.0,1.12,0.05
16,Ward 16,2026-08-14,35.06,70.58,31.78,45.57,50.8,41.8,3.06,60.7,20904,Caution,Yellow,8738.0,1.13,0.05
48,Ward 48,2026-08-14,33.92,70.3,31.5,43.65,47.9,41.6,3.32,70.7,20437,Caution,Yellow,8502.0,1.12,0.05
11,Ward 11,2026-08-14,35.06,70.58,31.78,45.57,50.8,41.4,3.06,59.0,22152,Caution,Yellow,9171.0,1.13,0.06
42,Ward 42,2026-08-14,33.66,71.34,31.37,43.26,46.5,41.2,3.06,74.9,21746,Caution,Yellow,8959.0,1.12,0.05
43,Ward 43,2026-08-14,33.77,70.89,31.42,43.43,47.1,41.1,3.17,71.9,17677,Caution,Yellow,7265.0,1.12,0.04
38,Ward 38,2026-08-14,34.92,71.15,31.7,45.34,50.0,40.9,2.92,59.7,28791,Caution,Yellow,11776.0,1.12,0.07
10,Ward 10,2026-08-14,34.97,70.95,31.74,45.45,50.4,40.6,2.97,56.8,27700,Caution,Yellow,11246.0,1.13,0.07
59,Ward 59,2026-08-14,34.56,73.39,31.7,45.21,50.0,40.5,2.46,57.8,70261,Caution,Yellow,28456.0,1.12,0.17
40,Ward 40,2026-08-14,34.83,71.51,31.66,45.22,49.5,40.2,2.83,58.1,20549,Caution,Yellow,8261.0,1.12,0.05
19,Ward 19,2026-08-14,33.91,70.34,31.49,43.61,47.8,40.1,3.31,64.3,21158,Caution,Yellow,8484.0,1.12,0.05
41,Ward 41,2026-08-14,33.66,71.34,31.37,43.26,46.5,39.9,3.06,68.6,19946,Caution,Yellow,7958.0,1.12,0.05
91,Ward 91,2026-08-14,34.63,73.09,31.72,45.28,50.2,39.5,2.53,52.5,38450,Caution,Yellow,15188.0,1.12,0.09
99,Ward 99,2026-08-14,34.61,74.38,31.84,45.46,51.4,39.5,2.41,48.4,26739,Caution,Yellow,10562.0,1.13,0.07
26,Ward 26,2026-08-14,33.68,71.25,31.37,43.28,46.5,39.4,3.08,65.9,25371,Caution,Yellow,9996.0,1.12,0.06
30,Ward 30,2026-08-14,34.8,71.63,31.64,45.17,49.3,39.3,2.8,55.1,30050,Caution,Yellow,11810.0,1.12,0.07
25,Ward 25,2026-08-14,33.73,71.05,31.4,43.35,46.8,39.2,3.13,63.8,27484,Caution,Yellow,10774.0,1.12,0.06
67,Ward 67,2026-08-14,34.51,73.59,31.67,45.15,49.6,39.2,2.41,53.4,56284,Caution,Yellow,22063.0,1.12,0.14
77,Ward 77,2026-08-14,34.0,70.57,31.19,43.94,44.7,39.1,3.4,72.2,45984,Caution,Yellow,17980.0,1.11,0.1
36,Ward 36,2026-08-14,34.1,74.54,31.3,44.22,45.8,39.0,2.1,66.9,27238,Caution,Yellow,10623.0,1.11,0.06
14,Ward 14,2026-08-14,34.71,72.0,31.6,45.04,48.9,38.8,2.71,54.2,53343,Caution,Yellow,20697.0,1.12,0.13
21,Ward 21,2026-08-14,33.56,71.74,31.31,43.11,45.9,38.8,2.96,65.8,21187,Caution,Yellow,8221.0,1.11,0.05
34,Ward 34,2026-08-14,34.66,72.97,31.74,45.33,50.4,38.8,2.56,49.0,29773,Caution,Yellow,11552.0,1.13,0.07
55,Ward 55,2026-08-14,34.42,73.98,31.63,45.02,49.2,38.8,2.32,52.9,32254,Caution,Yellow,12515.0,1.12,0.08
103,Ward 103,2026-08-14,34.51,74.8,31.79,45.3,50.9,38.8,2.31,47.3,25428,Caution,Yellow,9866.0,1.13,0.06
17,Ward 17,2026-08-14,34.84,71.47,31.67,45.25,49.6,38.7,2.84,51.0,21023,Caution,Yellow,8136.0,1.12,0.05
64,Ward 64,2026-08-14,34.35,74.26,31.59,44.9,48.8,38.7,2.25,54.1,31280,Caution,Yellow,12105.0,1.12,0.08
20,Ward 20,2026-08-14,33.66,71.34,31.37,43.26,46.5,38.5,3.06,61.7,21576,Caution,Yellow,8307.0,1.12,0.05
3,Ward 3,2026-08-14,34.58,72.54,31.54,44.89,48.3,38.4,2.58,54.4,53855,Caution,Yellow,20680.0,1.12,0.13
8,Ward 8,2026-08-14,34.78,71.72,31.64,45.16,49.3,38.4,2.78,50.9,18760,Caution,Yellow,7204.0,1.12,0.05
13,Ward 13,2026-08-14,34.52,72.78,31.51,44.8,48.0,38.4,2.52,55.4,33066,Caution,Yellow,12697.0,1.12,0.08
27,Ward 27,2026-08-14,34.63,72.33,31.56,44.95,48.5,38.4,2.63,53.7,19350,Caution,Yellow,7430.0,1.12,0.05
44,Ward 44,2026-08-14,33.47,72.11,31.27,42.99,45.5,38.4,2.87,65.2,29600,Caution,Yellow,11366.0,1.11,0.07
95,Ward 95,2026-08-14,34.09,76.32,31.72,44.89,50.2,38.4,2.29,47.6,26737,Caution,Yellow,10267.0,1.12,0.07
96,Ward 96,2026-08-14,34.13,76.15,31.74,44.97,50.4,38.4,2.33,47.3,31033,Caution,Yellow,11917.0,1.13,0.08
101,Ward 101,2026-08-14,34.4,75.27,31.73,45.15,50.3,38.3,2.2,47.2,40208,Caution,Yellow,15400.0,1.13,0.1
98,Ward 98,2026-08-14,34.13,76.15,31.74,44.97,50.4,38.2,2.33,46.3,31708,Caution,Yellow,12112.0,1.13,0.08
1,Ward 1,2026-08-14,34.53,72.74,31.52,44.83,48.1,38.1,2.53,53.6,53125,Caution,Yellow,20241.0,1.12,0.13
7,Ward 7,2026-08-14,34.61,72.4,31.55,44.93,48.4,38.1,2.61,52.6,19180,Caution,Yellow,7308.0,1.12,0.05
116,Ward 116,2026-08-14,33.89,77.2,31.63,44.63,49.2,38.1,2.09,49.7,28338,Caution,Yellow,10797.0,1.12,0.07
15,Ward 15,2026-08-14,34.61,72.4,31.55,44.93,48.4,38.0,2.61,52.4,23922,Caution,Yellow,9090.0,1.12,0.06
62,Ward 62,2026-08-14,33.9,70.97,31.13,43.8,44.1,37.8,3.3,68.4,34832,Caution,Yellow,13166.0,1.11,0.07
35,Ward 35,2026-08-14,34.64,72.29,31.57,44.98,48.6,37.6,2.64,49.9,35024,Caution,Yellow,13169.0,1.12,0.08
102,Ward 102,2026-08-14,34.3,75.7,31.69,45.03,49.8,37.6,2.1,45.5,21503,Caution,Yellow,8085.0,1.12,0.05
4,Ward 4,2026-08-14,34.51,72.82,31.5,44.77,47.9,37.4,2.51,51.5,34476,Caution,Yellow,12894.0,1.12,0.08
105,Ward 105,2026-08-14,34.48,73.71,31.66,45.11,49.5,37.4,2.38,45.8,21267,Caution,Yellow,7954.0,1.12,0.05
68,Ward 68,2026-08-14,34.23,74.78,31.54,44.76,48.3,37.3,2.13,49.4,20724,Caution,Yellow,7730.0,1.12,0.05
112,Ward 112,2026-08-14,33.84,77.42,31.59,44.52,48.8,37.3,2.04,47.5,32404,Caution,Yellow,12087.0,1.12,0.08
113,Ward 113,2026-08-14,33.81,77.55,31.59,44.52,48.8,37.3,2.01,47.7,33475,Caution,Yellow,12486.0,1.12,0.08
115,Ward 115,2026-08-14,33.9,77.15,31.62,44.62,49.1,37.2,2.1,46.0,31919,Caution,Yellow,11874.0,1.12,0.08
123,Ward 123,2026-08-14,33.8,77.6,31.58,44.49,48.7,37.2,2.0,47.5,35386,Caution,Yellow,13164.0,1.12,0.08
78,Ward 78,2026-08-14,33.78,71.45,31.07,43.59,43.5,37.0,3.18,66.7,54090,Caution,Yellow,20013.0,1.11,0.11
114,Ward 114,2026-08-14,33.74,77.86,31.55,44.39,48.4,36.9,1.94,47.4,41913,Caution,Yellow,15466.0,1.12,0.1
121,Ward 121,2026-08-14,33.72,77.95,31.54,44.37,48.3,36.9,1.92,47.5,29921,Caution,Yellow,11041.0,1.12,0.07
104,Ward 104,2026-08-14,34.41,74.01,31.62,44.99,49.1,36.7,2.31,43.9,33185,Caution,Yellow,12179.0,1.12,0.08
100,Ward 100,2026-08-14,34.15,76.35,31.61,44.79,49.0,36.6,1.95,43.6,25507,Caution,Yellow,9336.0,1.12,0.06
124,Ward 124,2026-08-14,33.63,78.35,31.49,44.23,47.8,36.6,1.83,47.9,39179,Caution,Yellow,14340.0,1.12,0.09
128,Ward 128,2026-08-14,33.72,77.95,31.54,44.37,48.3,36.6,1.92,46.1,32179,Caution,Yellow,11778.0,1.12,0.08
111,Ward 111,2026-08-14,34.02,76.92,31.55,44.62,48.4,36.5,1.82,45.5,38647,Caution,Yellow,14106.0,1.12,0.09
92,Ward 92,2026-08-14,34.24,74.73,31.53,44.75,48.2,36.2,2.14,44.8,36450,Caution,Yellow,13195.0,1.12,0.09
125,Ward 125,2026-08-14,33.61,78.45,31.48,44.21,47.7,36.2,1.81,46.6,44850,Caution,Yellow,16236.0,1.12,0.1
12,Ward 12,2026-08-14,34.21,74.08,31.35,44.37,46.3,36.1,2.21,51.1,21493,Caution,Yellow,7759.0,1.12,0.05
106,Ward 106,2026-08-14,34.1,75.32,31.46,44.55,47.5,36.0,2.0,46.1,40618,Caution,Yellow,14622.0,1.12,0.09
107,Ward 107,2026-08-14,34.0,75.77,31.42,44.42,47.1,36.0,1.9,47.8,54260,Caution,Yellow,19534.0,1.12,0.13
110,Ward 110,2026-08-14,33.93,77.32,31.5,44.48,47.9,36.0,1.73,44.7,27470,Caution,Yellow,9889.0,1.12,0.06
32,Ward 32,2026-08-14,34.0,74.96,31.24,44.06,45.2,35.9,2.0,54.1,45636,Caution,Yellow,16383.0,1.11,0.1
6,Ward 6,2026-08-14,34.03,74.84,31.26,44.1,45.4,35.8,2.03,52.9,42346,Caution,Yellow,15160.0,1.11,0.09
9,Ward 9,2026-08-14,33.42,72.31,31.25,42.92,45.3,35.8,2.82,53.2,16420,Caution,Yellow,5878.0,1.11,0.04
31,Ward 31,2026-08-14,34.2,74.11,31.34,44.34,46.2,35.8,2.2,50.1,39025,Caution,Yellow,13971.0,1.12,0.09
57,Ward 57,2026-08-14,33.82,76.55,31.32,44.14,46.0,35.8,1.72,50.6,49856,Caution,Yellow,17848.0,1.11,0.11
135,Ward 135,2026-08-14,33.28,73.51,30.82,42.85,41.0,35.8,2.68,71.9,33258,Caution,Yellow,11906.0,1.1,0.07
52,Ward 52,2026-08-14,33.67,71.89,31.01,43.46,42.9,35.6,3.07,62.4,16869,Caution,Yellow,6005.0,1.1,0.04
2,Ward 2,2026-08-14,34.31,73.66,31.4,44.49,46.8,35.5,2.31,46.3,48190,Caution,Yellow,17107.0,1.12,0.11
22,Ward 22,2026-08-14,33.11,73.6,31.09,42.45,43.7,35.2,2.51,56.7,15730,Caution,Yellow,5537.0,1.11,0.03
53,Ward 53,2026-08-14,33.69,71.82,31.02,43.48,43.0,35.2,3.09,59.7,25598,Caution,Yellow,9010.0,1.11,0.05
47,Ward 47,2026-08-14,33.14,73.49,31.11,42.5,43.9,35.0,2.54,54.7,14684,Caution,Yellow,5139.0,1.11,0.03
134,Ward 134,2026-08-14,33.05,74.48,30.71,42.52,39.9,34.9,2.45,72.2,35780,Caution,Yellow,12487.0,1.1,0.07
122,Ward 122,2026-08-14,33.35,79.62,31.36,43.84,46.4,34.7,1.55,43.9,39198,Caution,Yellow,13602.0,1.12,0.09
127,Ward 127,2026-08-14,33.37,79.53,31.36,43.86,46.4,34.7,1.57,44.0,43782,Caution,Yellow,15192.0,1.12,0.1
33,Ward 33,2026-08-14,33.79,76.67,31.32,44.14,46.0,34.1,1.69,42.5,45919,Caution,Yellow,15658.0,1.11,0.1
61,Ward 61,2026-08-14,33.31,73.39,30.83,42.9,41.1,34.0,2.71,61.6,29704,Caution,Yellow,10099.0,1.1,0.06
109,Ward 109,2026-08-14,33.34,79.99,31.2,43.63,44.8,34.0,1.14,46.2,64567,Caution,Yellow,21953.0,1.11,0.14
75,Ward 75,2026-08-14,33.31,73.39,30.83,42.9,41.1,33.9,2.71,61.0,26925,Caution,Yellow,9128.0,1.1,0.05
88,Ward 88,2026-08-14,33.4,73.01,30.88,43.02,41.6,33.7,2.8,58.0,23672,Caution,Yellow,7977.0,1.1,0.05
83,Ward 83,2026-08-14,33.38,73.09,30.86,43.0,41.4,33.6,2.78,57.9,22163,Caution,Yellow,7447.0,1.1,0.04
126,Ward 126,2026-08-14,33.22,80.23,31.29,43.65,45.7,33.6,1.42,41.4,31631,Caution,Yellow,10628.0,1.11,0.07
76,Ward 76,2026-08-14,33.35,73.23,30.86,42.95,41.4,33.1,2.75,55.5,21946,Caution,Yellow,7264.0,1.1,0.04
58,Ward 58,2026-08-14,33.05,79.99,30.94,43.03,42.2,33.0,0.95,51.8,88465,Caution,Yellow,29193.0,1.1,0.18
84,Ward 84,2026-08-14,33.22,73.76,30.78,42.78,40.6,33.0,2.62,58.6,19230,Caution,Yellow,6346.0,1.1,0.04
73,Ward 73,2026-08-14,33.27,73.55,30.81,42.86,40.9,32.8,2.67,55.8,23512,Caution,Yellow,7712.0,1.1,0.05
82,Ward 82,2026-08-14,33.24,73.7,30.8,42.8,40.8,32.7,2.64,55.7,38838,Caution,Yellow,12700.0,1.1,0.08
85,Ward 85,2026-08-14,33.21,73.8,30.79,42.75,40.7,32.6,2.61,56.0,29566,Caution,Yellow,9639.0,1.1,0.06
97,Ward 97,2026-08-14,33.15,80.55,31.26,43.56,45.4,32.6,1.35,37.4,37199,Caution,Yellow,12127.0,1.11,0.08
5,Ward 5,2026-08-14,33.7,76.25,31.09,43.64,43.7,32.3,1.7,42.1,23707,Caution,Yellow,7657.0,1.11,0.05
50,Ward 50,2026-08-14,33.23,73.73,30.79,42.77,40.7,32.1,2.63,53.0,17251,Caution,Yellow,5538.0,1.1,0.03
81,Ward 81,2026-08-14,33.04,74.52,30.7,42.49,39.8,31.8,2.44,55.1,41501,Caution,Yellow,13197.0,1.1,0.08
133,Ward 133,2026-08-14,32.97,74.82,30.67,42.39,39.5,31.5,2.37,55.1,25588,Caution,Yellow,8060.0,1.1,0.05
51,Ward 51,2026-08-14,33.16,74.02,30.76,42.67,40.4,31.3,2.56,50.0,13556,Caution,Yellow,4243.0,1.1,0.03
132,Ward 132,2026-08-14,32.98,74.78,30.66,42.38,39.4,31.2,2.38,53.9,26274,Caution,Yellow,8197.0,1.1,0.05
72,Ward 72,2026-08-14,33.0,74.7,30.67,42.44,39.5,31.1,2.4,52.6,19167,Caution,Yellow,5961.0,1.1,0.04
117,Ward 117,2026-08-14,32.94,74.94,30.65,42.33,39.3,31.0,2.34,53.1,21824,Caution,Yellow,6765.0,1.1,0.04
89,Ward 89,2026-08-14,33.03,74.56,30.69,42.46,39.7,30.8,2.43,50.0,22304,Caution,Yellow,6870.0,1.1,0.04
118,Ward 118,2026-08-14,32.9,75.12,30.63,42.28,39.2,30.8,2.3,52.3,21810,Caution,Yellow,6717.0,1.1,0.04
120,Ward 120,2026-08-14,32.97,74.82,30.67,42.39,39.5,30.6,2.37,49.9,19710,Caution,Yellow,6031.0,1.1,0.04
138,Ward 138,2026-08-14,31.9,80.14,30.42,41.15,37.1,30.5,1.8,60.7,28858,Caution,Yellow,8802.0,1.09,0.05
71,Ward 71,2026-08-14,32.88,75.21,30.62,42.26,39.1,30.0,2.28,48.2,29922,Caution,Yellow,8977.0,1.1,0.06
130,Ward 130,2026-08-14,32.8,75.56,30.58,42.12,38.7,30.0,2.2,49.8,23227,Caution,Yellow,6968.0,1.09,0.04
131,Ward 131,2026-08-14,32.75,75.77,30.55,42.04,38.4,29.6,2.15,48.9,30911,Caution,Yellow,9150.0,1.09,0.06
108,Ward 108,2026-08-14,32.46,82.76,30.64,42.14,39.3,29.4,0.36,44.3,64777,Caution,Yellow,19044.0,1.1,0.12
93,Ward 93,2026-08-14,32.72,75.89,30.54,41.98,38.3,29.3,2.12,47.7,44364,Caution,Yellow,12999.0,1.09,0.08
94,Ward 94,2026-08-14,32.37,84.25,30.88,42.38,41.6,29.3,0.57,34.3,27469,Caution,Yellow,8048.0,1.1,0.06
136,Ward 136,2026-08-14,32.57,76.55,30.47,41.77,37.6,29.3,1.97,51.0,21482,Caution,Yellow,6294.0,1.09,0.04
69,Ward 69,2026-08-14,32.58,76.51,30.46,41.77,37.5,29.2,1.98,50.6,44111,Caution,Yellow,12880.0,1.09,0.08
119,Ward 119,2026-08-14,32.76,75.73,30.55,42.07,38.4,29.2,2.16,46.9,16491,Caution,Yellow,4815.0,1.09,0.03
137,Ward 137,2026-08-14,32.21,78.15,30.28,41.18,35.8,28.8,1.61,56.7,19385,Caution,Yellow,5583.0,1.08,0.03
70,Ward 70,2026-08-14,32.66,76.15,30.5,41.91,37.9,28.7,2.06,46.0,18618,Caution,Yellow,5343.0,1.09,0.03
129,Ward 129,2026-08-14,32.58,76.51,30.46,41.77,37.5,28.7,1.98,47.9,39654,Caution,Yellow,11381.0,1.09,0.07
139,Ward 139,2026-08-14,31.5,82.0,30.22,40.49,35.2,28.6,1.4,58.5,42014,Caution,Yellow,12016.0,1.08,0.07
86,Ward 86,2026-08-14,32.53,76.72,30.44,41.68,37.3,28.4,1.93,47.1,19195,Caution,Yellow,5451.0,1.09,0.03
141,Ward 141,2026-08-14,31.28,83.05,30.11,40.11,34.2,27.4,1.18,55.9,41152,Caution,Yellow,11276.0,1.08,0.07
140,Ward 140,2026-08-14,31.17,83.56,30.05,39.92,33.6,27.1,1.07,56.8,30504,Caution,Yellow,8267.0,1.08,0.05
79,Ward 79,2026-08-14,32.05,78.86,30.2,40.92,35.0,27.0,1.45,49.2,44303,Caution,Yellow,11962.0,1.08,0.07
74,Ward 74,2026-08-14,31.81,79.95,30.08,40.5,33.9,25.5,1.21,45.1,42176,Caution,Yellow,10755.0,1.08,0.07
46,Ward 46,2026-08-14,31.63,80.79,29.99,40.19,33.1,25.4,1.03,48.6,12823,Caution,Yellow,3257.0,1.08,0.02
45,Ward 45,2026-08-14,30.6,85.02,29.85,38.6,31.8,24.5,0.0,49.3,8394,Normal,Green,2057.0,1.07,0.01
87,Ward 87,2026-08-14,31.65,80.7,30.01,40.26,33.3,24.0,1.05,38.2,12675,Normal,Green,3042.0,1.08,0.02
80,Ward 80,2026-08-14,30.64,85.55,29.5,38.43,28.6,22.3,0.04,51.2,31094,Normal,Green,6934.0,1.06,0.04
90,Ward 90,2026-08-14,31.05,83.54,29.7,39.19,30.4,21.7,0.45,36.3,18857,Normal,Green,4092.0,1.07,0.03
63,Ward 63,2026-08-14,30.68,85.35,29.52,38.5,28.8,21.2,0.08,41.1,24387,Normal,Green,5170.0,1.06,0.03
24,Ward 24,2026-08-15,35.27,71.15,32.87,47.3,62.6,57.1,3.47,80.5,19824,Danger,Orange,11320.0,1.16,0.06
23,Ward 23,2026-08-15,35.3,71.02,32.89,47.35,62.8,56.3,3.5,77.0,18256,Danger,Orange,10278.0,1.16,0.06
39,Ward 39,2026-08-15,35.04,72.08,32.76,46.98,61.4,55.2,3.24,77.7,21296,Danger,Orange,11755.0,1.16,0.07
77,Ward 77,2026-08-15,35.5,71.88,32.87,47.25,62.6,54.8,3.4,72.2,45984,Danger,Orange,25199.0,1.16,0.14
18,Ward 18,2026-08-15,35.23,71.3,32.86,47.28,62.5,54.4,3.43,71.1,22267,Danger,Orange,12113.0,1.16,0.07
42,Ward 42,2026-08-15,34.86,72.83,32.68,46.76,60.5,53.7,3.06,74.9,21746,Danger,Orange,11678.0,1.15,0.07
48,Ward 48,2026-08-15,35.12,71.76,32.81,47.13,61.9,53.7,3.32,70.7,20437,Danger,Orange,10975.0,1.16,0.06
43,Ward 43,2026-08-15,34.97,72.38,32.73,46.91,61.0,53.3,3.17,71.9,17677,Danger,Orange,9422.0,1.15,0.05
62,Ward 62,2026-08-15,35.4,72.3,32.83,47.14,62.1,53.3,3.3,68.4,34832,Danger,Orange,18565.0,1.16,0.11
49,Ward 49,2026-08-15,34.82,71.22,32.38,46.47,57.2,52.7,3.22,82.7,19416,Danger,Orange,10232.0,1.14,0.06
78,Ward 78,2026-08-15,35.28,72.81,32.77,46.97,61.5,52.3,3.18,66.7,54090,Danger,Orange,28289.0,1.16,0.17
29,Ward 29,2026-08-15,34.89,70.95,32.42,46.6,57.6,52.0,3.29,78.3,53782,Danger,Orange,27967.0,1.14,0.15
41,Ward 41,2026-08-15,34.86,72.83,32.68,46.76,60.5,52.0,3.06,68.6,19946,Danger,Orange,10372.0,1.15,0.06
19,Ward 19,2026-08-15,35.11,71.8,32.8,47.1,61.8,51.9,3.31,64.3,21158,Danger,Orange,10981.0,1.16,0.07
135,Ward 135,2026-08-15,34.78,74.91,32.52,46.25,58.7,51.3,2.68,71.9,33258,Danger,Orange,17061.0,1.15,0.1
26,Ward 26,2026-08-15,34.88,72.74,32.68,46.77,60.5,51.2,3.08,65.9,25371,Danger,Orange,12990.0,1.15,0.08
54,Ward 54,2026-08-15,35.49,70.96,32.48,46.69,58.3,51.1,3.39,72.5,36235,Danger,Orange,18516.0,1.15,0.1
25,Ward 25,2026-08-15,34.93,72.53,32.71,46.83,60.8,50.9,3.13,63.8,27484,Danger,Orange,13989.0,1.15,0.08
21,Ward 21,2026-08-15,34.76,73.22,32.62,46.59,59.8,50.6,2.96,65.8,21187,Danger,Orange,10721.0,1.15,0.06
28,Ward 28,2026-08-15,34.92,70.82,32.43,46.64,57.7,50.6,3.32,72.7,38110,Danger,Orange,19284.0,1.14,0.11
52,Ward 52,2026-08-15,35.17,73.25,32.71,46.77,60.8,50.5,3.07,62.4,16869,Danger,Orange,8519.0,1.15,0.05
44,Ward 44,2026-08-15,34.67,73.62,32.59,46.5,59.5,50.2,2.87,65.2,29600,Danger,Orange,14859.0,1.15,0.09
134,Ward 134,2026-08-15,34.55,75.9,32.4,45.91,57.4,50.2,2.45,72.2,35780,Danger,Orange,17962.0,1.14,0.1
20,Ward 20,2026-08-15,34.86,72.83,32.68,46.76,60.5,50.1,3.06,61.7,21576,Danger,Orange,10810.0,1.15,0.06
53,Ward 53,2026-08-15,35.19,73.17,32.72,46.84,60.9,49.9,3.09,59.7,25598,Caution,Yellow,12773.0,1.15,0.08
37,Ward 37,2026-08-15,34.76,71.48,32.36,46.43,57.0,49.4,3.16,70.2,24020,Caution,Yellow,11866.0,1.14,0.07
61,Ward 61,2026-08-15,34.81,74.77,32.53,46.29,58.8,48.6,2.71,61.6,29704,Caution,Yellow,14436.0,1.15,0.09
75,Ward 75,2026-08-15,34.81,74.77,32.53,46.29,58.8,48.5,2.71,61.0,26925,Caution,Yellow,13059.0,1.15,0.08
88,Ward 88,2026-08-15,34.9,74.4,32.58,46.43,59.4,48.2,2.8,58.0,23672,Caution,Yellow,11410.0,1.15,0.07
83,Ward 83,2026-08-15,34.88,74.48,32.57,46.41,59.3,48.1,2.78,57.9,22163,Caution,Yellow,10660.0,1.15,0.07
84,Ward 84,2026-08-15,34.72,75.16,32.49,46.16,58.4,47.5,2.62,58.6,19230,Caution,Yellow,9134.0,1.15,0.06
76,Ward 76,2026-08-15,34.85,74.6,32.56,46.37,59.2,47.3,2.75,55.5,21946,Caution,Yellow,10380.0,1.15,0.06
60,Ward 60,2026-08-15,35.04,72.79,32.25,46.06,55.8,46.9,2.94,64.6,35732,Caution,Yellow,16758.0,1.14,0.1
73,Ward 73,2026-08-15,34.77,74.93,32.51,46.21,58.6,46.9,2.67,55.8,23512,Caution,Yellow,11027.0,1.15,0.07
82,Ward 82,2026-08-15,34.74,75.08,32.51,46.22,58.6,46.9,2.64,55.7,38838,Caution,Yellow,18215.0,1.15,0.11
85,Ward 85,2026-08-15,34.71,75.2,32.49,46.17,58.4,46.8,2.61,56.0,29566,Caution,Yellow,13837.0,1.15,0.09
9,Ward 9,2026-08-15,34.62,73.82,32.55,46.39,59.0,46.6,2.82,53.2,16420,Caution,Yellow,7652.0,1.15,0.05
65,Ward 65,2026-08-15,35.0,72.96,32.22,45.98,55.5,46.6,2.9,64.2,72427,Caution,Yellow,33751.0,1.14,0.2
16,Ward 16,2026-08-15,34.66,71.87,32.3,46.26,56.3,46.3,3.06,60.7,20904,Caution,Yellow,9679.0,1.14,0.06
22,Ward 22,2026-08-15,34.31,75.14,32.41,45.98,57.5,46.3,2.51,56.7,15730,Caution,Yellow,7283.0,1.14,0.04
66,Ward 66,2026-08-15,34.95,73.18,32.2,45.93,55.2,46.3,2.85,64.3,98024,Caution,Yellow,45385.0,1.14,0.27
50,Ward 50,2026-08-15,34.73,75.11,32.5,46.19,58.5,46.1,2.63,53.0,17251,Caution,Yellow,7953.0,1.15,0.05
11,Ward 11,2026-08-15,34.66,71.87,32.3,46.26,56.3,45.9,3.06,59.0,22152,Caution,Yellow,10168.0,1.14,0.06
47,Ward 47,2026-08-15,34.34,75.01,32.42,46.03,57.6,45.9,2.54,54.7,14684,Caution,Yellow,6740.0,1.14,0.04
81,Ward 81,2026-08-15,34.54,75.94,32.4,45.93,57.4,45.8,2.44,55.1,41501,Caution,Yellow,19007.0,1.14,0.12
56,Ward 56,2026-08-15,35.05,72.76,32.26,46.09,55.9,45.6,2.95,59.2,43622,Caution,Yellow,19892.0,1.14,0.12
38,Ward 38,2026-08-15,34.52,72.45,32.23,46.06,55.6,45.5,2.92,59.7,28791,Caution,Yellow,13100.0,1.14,0.08
133,Ward 133,2026-08-15,34.47,76.24,32.36,45.8,57.0,45.5,2.37,55.1,25588,Caution,Yellow,11643.0,1.14,0.07
132,Ward 132,2026-08-15,34.48,76.2,32.37,45.84,57.1,45.3,2.38,53.9,26274,Caution,Yellow,11902.0,1.14,0.07
10,Ward 10,2026-08-15,34.57,72.24,32.26,46.12,55.9,45.0,2.97,56.8,27700,Caution,Yellow,12465.0,1.14,0.08
51,Ward 51,2026-08-15,34.66,75.4,32.46,46.06,58.1,45.0,2.56,50.0,13556,Caution,Yellow,6100.0,1.15,0.04
72,Ward 72,2026-08-15,34.5,76.11,32.38,45.85,57.2,45.0,2.4,52.6,19167,Caution,Yellow,8625.0,1.14,0.05
117,Ward 117,2026-08-15,34.44,76.37,32.35,45.76,56.9,44.9,2.34,53.1,21824,Caution,Yellow,9799.0,1.14,0.06
40,Ward 40,2026-08-15,34.43,72.81,32.19,45.92,55.1,44.7,2.83,58.1,20549,Caution,Yellow,9185.0,1.14,0.06
89,Ward 89,2026-08-15,34.53,75.98,32.4,45.9,57.4,44.5,2.43,50.0,22304,Caution,Yellow,9925.0,1.14,0.06
118,Ward 118,2026-08-15,34.4,76.55,32.33,45.73,56.6,44.5,2.3,52.3,21810,Caution,Yellow,9705.0,1.14,0.06
120,Ward 120,2026-08-15,34.47,76.24,32.36,45.8,57.0,44.1,2.37,49.9,19710,Caution,Yellow,8692.0,1.14,0.06
138,Ward 138,2026-08-15,33.2,81.36,32.04,44.7,53.5,44.0,1.8,60.7,28858,Caution,Yellow,12698.0,1.13,0.08
30,Ward 30,2026-08-15,34.4,72.95,32.18,45.92,55.0,43.9,2.8,55.1,30050,Caution,Yellow,13192.0,1.14,0.08
36,Ward 36,2026-08-15,33.7,75.91,31.83,44.91,51.3,43.7,2.1,66.9,27238,Caution,Yellow,11903.0,1.13,0.07
130,Ward 130,2026-08-15,34.3,76.99,32.28,45.55,56.1,43.4,2.2,49.8,23227,Caution,Yellow,10081.0,1.14,0.06
14,Ward 14,2026-08-15,34.31,73.32,32.13,45.78,54.5,43.3,2.71,54.2,53343,Caution,Yellow,23098.0,1.14,0.14
71,Ward 71,2026-08-15,34.38,76.63,32.32,45.66,56.5,43.3,2.28,48.2,29922,Caution,Yellow,12956.0,1.14,0.08
59,Ward 59,2026-08-15,34.56,74.82,32.01,45.4,53.2,43.1,2.46,57.8,70261,Caution,Yellow,30282.0,1.13,0.18
17,Ward 17,2026-08-15,34.44,72.78,32.19,45.95,55.1,43.0,2.84,51.0,21023,Caution,Yellow,9040.0,1.14,0.06
131,Ward 131,2026-08-15,34.25,77.2,32.25,45.49,55.8,43.0,2.15,48.9,30911,Caution,Yellow,13292.0,1.14,0.09
3,Ward 3,2026-08-15,34.18,73.87,32.07,45.61,53.9,42.8,2.58,54.4,53855,Caution,Yellow,23050.0,1.14,0.14
13,Ward 13,2026-08-15,34.12,74.12,32.04,45.51,53.5,42.8,2.52,55.4,33066,Caution,Yellow,14152.0,1.13,0.09
27,Ward 27,2026-08-15,34.23,73.65,32.09,45.67,54.1,42.8,2.63,53.7,19350,Caution,Yellow,8282.0,1.14,0.05
136,Ward 136,2026-08-15,34.07,78.0,32.17,45.25,54.9,42.8,1.97,51.0,21482,Caution,Yellow,9194.0,1.14,0.06
8,Ward 8,2026-08-15,34.38,73.02,32.16,45.86,54.8,42.7,2.78,50.9,18760,Caution,Yellow,8011.0,1.14,0.05
69,Ward 69,2026-08-15,34.08,77.95,32.17,45.24,54.9,42.7,1.98,50.6,44111,Caution,Yellow,18835.0,1.14,0.12
137,Ward 137,2026-08-15,33.71,79.62,31.99,44.71,53.0,42.7,1.61,56.7,19385,Caution,Yellow,8277.0,1.13,0.05
93,Ward 93,2026-08-15,34.22,77.34,32.24,45.44,55.7,42.6,2.12,47.7,44364,Caution,Yellow,18899.0,1.14,0.12
7,Ward 7,2026-08-15,34.21,73.73,32.08,45.61,54.0,42.5,2.61,52.6,19180,Caution,Yellow,8152.0,1.14,0.05
119,Ward 119,2026-08-15,34.26,77.17,32.26,45.52,55.9,42.5,2.16,46.9,16491,Caution,Yellow,7009.0,1.14,0.05
15,Ward 15,2026-08-15,34.21,73.73,32.08,45.61,54.0,42.4,2.61,52.4,23922,Caution,Yellow,10143.0,1.14,0.06
1,Ward 1,2026-08-15,34.13,74.08,32.04,45.49,53.5,42.3,2.53,53.6,53125,Caution,Yellow,22472.0,1.13,0.14
91,Ward 91,2026-08-15,34.63,74.51,32.04,45.48,53.5,42.1,2.53,52.5,38450,Caution,Yellow,16187.0,1.13,0.1
129,Ward 129,2026-08-15,34.08,77.95,32.17,45.24,54.9,42.0,1.98,47.9,39654,Caution,Yellow,16655.0,1.14,0.11
35,Ward 35,2026-08-15,34.24,73.62,32.09,45.65,54.1,41.9,2.64,49.9,35024,Caution,Yellow,14675.0,1.14,0.09
70,Ward 70,2026-08-15,34.16,77.6,32.21,45.35,55.4,41.9,2.06,46.0,18618,Caution,Yellow,7801.0,1.14,0.05
139,Ward 139,2026-08-15,32.8,83.26,31.85,44.12,51.5,41.9,1.4,58.5,42014,Caution,Yellow,17604.0,1.13,0.11
67,Ward 67,2026-08-15,34.51,75.02,31.98,45.3,52.9,41.8,2.41,53.4,56284,Caution,Yellow,23527.0,1.13,0.15
4,Ward 4,2026-08-15,34.11,74.15,32.03,45.48,53.4,41.7,2.51,51.5,34476,Caution,Yellow,14376.0,1.13,0.09
86,Ward 86,2026-08-15,34.03,78.18,32.14,45.17,54.6,41.6,1.93,47.1,19195,Caution,Yellow,7985.0,1.14,0.05
34,Ward 34,2026-08-15,34.66,74.4,32.06,45.52,53.7,41.4,2.56,49.0,29773,Caution,Yellow,12326.0,1.14,0.08
55,Ward 55,2026-08-15,34.42,75.42,31.94,45.21,52.5,41.4,2.32,52.9,32254,Caution,Yellow,13353.0,1.13,0.08
64,Ward 64,2026-08-15,34.35,75.72,31.9,45.09,52.1,41.3,2.25,54.1,31280,Caution,Yellow,12919.0,1.13,0.08
141,Ward 141,2026-08-15,32.58,84.33,31.75,43.78,50.5,40.5,1.18,55.9,41152,Caution,Yellow,16667.0,1.13,0.1
12,Ward 12,2026-08-15,33.81,75.43,31.88,45.03,51.8,40.4,2.21,51.1,21493,Caution,Yellow,8683.0,1.13,0.06
32,Ward 32,2026-08-15,33.6,76.35,31.78,44.73,50.8,40.3,2.0,54.1,45636,Caution,Yellow,18391.0,1.13,0.11
79,Ward 79,2026-08-15,33.55,80.38,31.91,44.47,52.2,40.3,1.45,49.2,44303,Caution,Yellow,17854.0,1.13,0.11
31,Ward 31,2026-08-15,33.8,75.49,31.88,45.05,51.8,40.2,2.2,50.1,39025,Caution,Yellow,15688.0,1.13,0.1
6,Ward 6,2026-08-15,33.63,76.22,31.79,44.78,50.9,40.1,2.03,52.9,42346,Caution,Yellow,16981.0,1.13,0.11
140,Ward 140,2026-08-15,32.47,84.86,31.69,43.58,49.8,40.1,1.07,56.8,30504,Caution,Yellow,12232.0,1.12,0.07
2,Ward 2,2026-08-15,33.91,75.02,31.94,45.21,52.5,39.8,2.31,46.3,48190,Caution,Yellow,19180.0,1.13,0.12
105,Ward 105,2026-08-15,34.48,75.15,31.96,45.25,52.7,39.8,2.38,45.8,21267,Caution,Yellow,8464.0,1.13,0.06
68,Ward 68,2026-08-15,34.23,76.24,31.84,44.9,51.4,39.7,2.13,49.4,20724,Caution,Yellow,8227.0,1.13,0.05
104,Ward 104,2026-08-15,34.41,75.45,31.94,45.18,52.5,39.2,2.31,43.9,33185,Caution,Yellow,13009.0,1.13,0.09
92,Ward 92,2026-08-15,34.24,76.2,31.85,44.93,51.5,38.7,2.14,44.8,36450,Caution,Yellow,14106.0,1.13,0.09
46,Ward 46,2026-08-15,33.13,82.35,31.71,43.89,50.1,38.5,1.03,48.6,12823,Caution,Yellow,4937.0,1.12,0.03
106,Ward 106,2026-08-15,34.1,76.8,31.78,44.73,50.8,38.5,2.0,46.1,40618,Caution,Yellow,15638.0,1.13,0.1
107,Ward 107,2026-08-15,34.0,77.26,31.73,44.61,50.3,38.5,1.9,47.8,54260,Caution,Yellow,20890.0,1.13,0.13
74,Ward 74,2026-08-15,33.31,81.5,31.8,44.15,51.0,38.4,1.21,45.1,42176,Caution,Yellow,16196.0,1.13,0.11
57,Ward 57,2026-08-15,33.82,78.05,31.64,44.32,49.3,38.3,1.72,50.6,49856,Caution,Yellow,19095.0,1.12,0.12
95,Ward 95,2026-08-15,33.49,78.4,31.48,43.7,47.7,36.5,2.29,47.6,26737,Caution,Yellow,9759.0,1.12,0.06
96,Ward 96,2026-08-15,33.53,78.22,31.5,43.74,47.9,36.5,2.33,47.3,31033,Caution,Yellow,11327.0,1.12,0.07
5,Ward 5,2026-08-15,33.3,77.68,31.63,44.3,49.2,36.4,1.7,42.1,23707,Caution,Yellow,8629.0,1.12,0.06
33,Ward 33,2026-08-15,33.79,78.18,31.62,44.27,49.1,36.4,1.69,42.5,45919,Caution,Yellow,16715.0,1.12,0.11
98,Ward 98,2026-08-15,33.53,78.22,31.5,43.74,47.9,36.3,2.33,46.3,31708,Caution,Yellow,11510.0,1.12,0.07
87,Ward 87,2026-08-15,33.15,82.26,31.72,43.91,50.2,36.2,1.05,38.2,12675,Caution,Yellow,4588.0,1.12,0.03
116,Ward 116,2026-08-15,33.29,79.3,31.38,43.39,46.6,36.1,2.09,49.7,28338,Caution,Yellow,10230.0,1.12,0.06
58,Ward 58,2026-08-15,33.05,81.59,31.25,43.2,45.3,35.5,0.95,51.8,88465,Caution,Yellow,31405.0,1.11,0.2
112,Ward 112,2026-08-15,33.24,79.54,31.36,43.32,46.4,35.4,2.04,47.5,32404,Caution,Yellow,11471.0,1.12,0.07
115,Ward 115,2026-08-15,33.3,79.26,31.39,43.42,46.7,35.4,2.1,46.0,31919,Caution,Yellow,11299.0,1.12,0.07
113,Ward 113,2026-08-15,33.21,79.67,31.34,43.27,46.2,35.3,2.01,47.7,33475,Caution,Yellow,11817.0,1.12,0.08
123,Ward 123,2026-08-15,33.2,79.73,31.34,43.28,46.2,35.3,2.0,47.5,35386,Caution,Yellow,12491.0,1.12,0.08
80,Ward 80,2026-08-15,32.14,87.22,31.22,42.37,45.0,35.1,0.04,51.2,31094,Caution,Yellow,10914.0,1.11,0.07
114,Ward 114,2026-08-15,33.14,79.99,31.31,43.18,45.9,35.0,1.94,47.4,41913,Caution,Yellow,14670.0,1.11,0.09
121,Ward 121,2026-08-15,33.12,80.09,31.3,43.16,45.8,35.0,1.92,47.5,29921,Caution,Yellow,10472.0,1.11,0.07
124,Ward 124,2026-08-15,33.03,80.5,31.25,43.01,45.3,34.7,1.83,47.9,39179,Caution,Yellow,13595.0,1.11,0.09
128,Ward 128,2026-08-15,33.12,80.09,31.3,43.16,45.8,34.7,1.92,46.1,32179,Caution,Yellow,11166.0,1.11,0.07
45,Ward 45,2026-08-15,31.8,86.83,31.18,42.16,44.6,34.4,0.0,49.3,8394,Caution,Yellow,2888.0,1.11,0.02
125,Ward 125,2026-08-15,33.01,80.6,31.24,42.99,45.2,34.3,1.81,46.6,44850,Caution,Yellow,15384.0,1.11,0.1
99,Ward 99,2026-08-15,33.61,76.62,31.13,43.76,44.1,33.9,2.41,48.4,26739,Caution,Yellow,9065.0,1.11,0.06
90,Ward 90,2026-08-15,32.55,85.17,31.42,43.0,47.1,33.6,0.45,36.3,18857,Caution,Yellow,6336.0,1.12,0.04
103,Ward 103,2026-08-15,33.51,77.08,31.08,43.61,43.6,33.3,2.31,47.3,25428,Caution,Yellow,8468.0,1.11,0.05
63,Ward 63,2026-08-15,32.18,87.02,31.24,42.42,45.2,33.2,0.08,41.1,24387,Caution,Yellow,8096.0,1.11,0.05
101,Ward 101,2026-08-15,33.4,77.57,31.03,43.42,43.1,32.9,2.2,47.2,40208,Caution,Yellow,13228.0,1.11,0.08
127,Ward 127,2026-08-15,32.77,81.72,31.12,42.62,44.0,32.9,1.57,44.0,43782,Caution,Yellow,14404.0,1.11,0.09
122,Ward 122,2026-08-15,32.75,81.8,31.11,42.6,43.9,32.8,1.55,43.9,39198,Caution,Yellow,12857.0,1.11,0.08
102,Ward 102,2026-08-15,33.3,78.02,30.98,43.26,42.6,32.2,2.1,45.5,21503,Caution,Yellow,6924.0,1.1,0.04
126,Ward 126,2026-08-15,32.62,82.42,31.05,42.4,43.3,31.9,1.42,41.4,31631,Caution,Yellow,10090.0,1.11,0.07
108,Ward 108,2026-08-15,32.46,84.42,30.97,42.35,42.5,31.8,0.36,44.3,64777,Caution,Yellow,20599.0,1.1,0.13
100,Ward 100,2026-08-15,33.15,78.68,30.9,43.06,41.8,31.2,1.95,43.6,25507,Caution,Yellow,7958.0,1.1,0.05
111,Ward 111,2026-08-15,33.02,79.27,30.83,42.83,41.1,31.0,1.82,45.5,38647,Caution,Yellow,11981.0,1.1,0.08
97,Ward 97,2026-08-15,32.55,82.76,31.02,42.3,43.0,30.9,1.35,37.4,37199,Caution,Yellow,11494.0,1.11,0.08
110,Ward 110,2026-08-15,32.93,79.69,30.8,42.7,40.8,30.6,1.73,44.7,27470,Caution,Yellow,8406.0,1.1,0.05
109,Ward 109,2026-08-15,32.34,82.45,30.5,41.81,37.9,28.7,1.14,46.2,64567,Caution,Yellow,18531.0,1.09,0.12
94,Ward 94,2026-08-15,31.77,86.58,30.63,41.11,39.2,27.6,0.57,34.3,27469,Caution,Yellow,7581.0,1.1,0.05
24,Ward 24,2026-08-16,34.87,72.88,31.94,44.95,52.5,47.9,3.47,80.5,19824,Caution,Yellow,9496.0,1.13,0.05
23,Ward 23,2026-08-16,34.9,72.75,31.96,44.99,52.7,47.2,3.5,77.0,18256,Caution,Yellow,8617.0,1.13,0.05
49,Ward 49,2026-08-16,34.62,74.03,31.78,44.58,50.8,46.8,3.22,82.7,19416,Caution,Yellow,9087.0,1.13,0.05
29,Ward 29,2026-08-16,34.69,73.75,31.82,44.7,51.2,46.2,3.29,78.3,53782,Caution,Yellow,24847.0,1.13,0.14
39,Ward 39,2026-08-16,34.64,73.83,31.82,44.6,51.2,46.1,3.24,77.7,21296,Caution,Yellow,9817.0,1.13,0.05
18,Ward 18,2026-08-16,34.83,73.03,31.92,44.88,52.3,45.5,3.43,71.1,22267,Caution,Yellow,10131.0,1.13,0.06
28,Ward 28,2026-08-16,34.72,73.61,31.84,44.74,51.4,45.1,3.32,72.7,38110,Caution,Yellow,17188.0,1.13,0.1
48,Ward 48,2026-08-16,34.72,73.48,31.87,44.74,51.7,44.9,3.32,70.7,20437,Caution,Yellow,9176.0,1.13,0.05
42,Ward 42,2026-08-16,34.46,74.6,31.74,44.39,50.4,44.7,3.06,74.9,21746,Caution,Yellow,9720.0,1.13,0.05
43,Ward 43,2026-08-16,34.57,74.12,31.79,44.53,50.9,44.5,3.17,71.9,17677,Caution,Yellow,7866.0,1.13,0.04
37,Ward 37,2026-08-16,34.56,74.29,31.75,44.5,50.5,43.7,3.16,70.2,24020,Caution,Yellow,10497.0,1.13,0.06
19,Ward 19,2026-08-16,34.71,73.54,31.86,44.71,51.6,43.3,3.31,64.3,21158,Caution,Yellow,9161.0,1.13,0.05
41,Ward 41,2026-08-16,34.46,74.6,31.74,44.39,50.4,43.3,3.06,68.6,19946,Caution,Yellow,8637.0,1.13,0.05
26,Ward 26,2026-08-16,34.48,74.5,31.74,44.4,50.4,42.7,3.08,65.9,25371,Caution,Yellow,10833.0,1.13,0.06
25,Ward 25,2026-08-16,34.53,74.29,31.77,44.46,50.7,42.4,3.13,63.8,27484,Caution,Yellow,11653.0,1.13,0.07
21,Ward 21,2026-08-16,34.36,75.02,31.68,44.23,49.7,42.1,2.96,65.8,21187,Caution,Yellow,8920.0,1.12,0.05
20,Ward 20,2026-08-16,34.46,74.6,31.74,44.39,50.4,41.7,3.06,61.7,21576,Caution,Yellow,8997.0,1.13,0.05
44,Ward 44,2026-08-16,34.27,75.41,31.64,44.09,49.3,41.6,2.87,65.2,29600,Caution,Yellow,12314.0,1.12,0.07
16,Ward 16,2026-08-16,34.46,74.71,31.71,44.39,50.1,41.2,3.06,60.7,20904,Caution,Yellow,8612.0,1.12,0.05
11,Ward 11,2026-08-16,34.46,74.71,31.71,44.39,50.1,40.9,3.06,59.0,22152,Caution,Yellow,9060.0,1.12,0.05
54,Ward 54,2026-08-16,34.09,73.73,31.33,44.19,46.1,40.4,3.39,72.5,36235,Caution,Yellow,14639.0,1.11,0.08
38,Ward 38,2026-08-16,34.32,75.3,31.63,44.15,49.2,40.3,2.92,59.7,28791,Caution,Yellow,11603.0,1.12,0.07
10,Ward 10,2026-08-16,34.37,75.09,31.66,44.26,49.5,39.9,2.97,56.8,27700,Caution,Yellow,11052.0,1.12,0.07
40,Ward 40,2026-08-16,34.23,75.69,31.6,44.07,48.9,39.7,2.83,58.1,20549,Caution,Yellow,8158.0,1.12,0.05
30,Ward 30,2026-08-16,34.2,75.82,31.58,44.02,48.7,38.9,2.8,55.1,30050,Caution,Yellow,11689.0,1.12,0.07
77,Ward 77,2026-08-16,34.2,73.44,31.16,43.35,44.4,38.8,3.4,72.2,45984,Caution,Yellow,17842.0,1.11,0.1
9,Ward 9,2026-08-16,34.22,75.62,31.61,44.04,49.0,38.7,2.82,53.2,16420,Caution,Yellow,6355.0,1.12,0.04
36,Ward 36,2026-08-16,33.5,78.93,31.23,43.03,45.1,38.4,2.1,66.9,27238,Caution,Yellow,10459.0,1.11,0.06
14,Ward 14,2026-08-16,34.11,76.21,31.53,43.89,48.2,38.3,2.71,54.2,53343,Caution,Yellow,20430.0,1.12,0.13
22,Ward 22,2026-08-16,33.91,76.97,31.46,43.6,47.5,38.2,2.51,56.7,15730,Caution,Yellow,6009.0,1.12,0.04
17,Ward 17,2026-08-16,34.24,75.65,31.59,44.05,48.8,38.0,2.84,51.0,21023,Caution,Yellow,7989.0,1.12,0.05
47,Ward 47,2026-08-16,33.94,76.84,31.48,43.65,47.7,38.0,2.54,54.7,14684,Caution,Yellow,5580.0,1.12,0.03
3,Ward 3,2026-08-16,33.98,76.78,31.46,43.68,47.5,37.8,2.58,54.4,53855,Caution,Yellow,20357.0,1.12,0.13
8,Ward 8,2026-08-16,34.18,75.91,31.56,43.96,48.5,37.8,2.78,50.9,18760,Caution,Yellow,7091.0,1.12,0.04
13,Ward 13,2026-08-16,33.92,77.05,31.44,43.63,47.3,37.8,2.52,55.4,33066,Caution,Yellow,12499.0,1.12,0.08
27,Ward 27,2026-08-16,34.03,76.57,31.49,43.78,47.8,37.8,2.63,53.7,19350,Caution,Yellow,7314.0,1.12,0.05
62,Ward 62,2026-08-16,34.1,73.86,31.11,43.19,43.9,37.7,3.3,68.4,34832,Caution,Yellow,13132.0,1.11,0.07
7,Ward 7,2026-08-16,34.01,76.67,31.48,43.72,47.7,37.5,2.61,52.6,19180,Caution,Yellow,7192.0,1.12,0.04
15,Ward 15,2026-08-16,34.01,76.67,31.48,43.72,47.7,37.5,2.61,52.4,23922,Caution,Yellow,8971.0,1.12,0.06
1,Ward 1,2026-08-16,33.93,77.0,31.44,43.62,47.3,37.4,2.53,53.6,53125,Caution,Yellow,19869.0,1.12,0.12
35,Ward 35,2026-08-16,34.04,76.5,31.49,43.77,47.8,37.0,2.64,49.9,35024,Caution,Yellow,12959.0,1.12,0.08
4,Ward 4,2026-08-16,33.91,77.09,31.43,43.6,47.2,36.9,2.51,51.5,34476,Caution,Yellow,12722.0,1.12,0.08
78,Ward 78,2026-08-16,33.98,74.36,31.06,43.06,43.4,36.9,3.18,66.7,54090,Caution,Yellow,19959.0,1.11,0.11
60,Ward 60,2026-08-16,33.64,75.64,31.1,43.54,43.8,36.8,2.94,64.6,35732,Caution,Yellow,13149.0,1.11,0.08
65,Ward 65,2026-08-16,33.6,75.82,31.08,43.51,43.6,36.6,2.9,64.2,72427,Caution,Yellow,26508.0,1.11,0.15
66,Ward 66,2026-08-16,33.55,76.03,31.06,43.44,43.4,36.4,2.85,64.3,98024,Caution,Yellow,35681.0,1.11,0.21
56,Ward 56,2026-08-16,33.65,75.59,31.11,43.57,43.9,35.8,2.95,59.2,43622,Caution,Yellow,15617.0,1.11,0.09
12,Ward 12,2026-08-16,33.61,78.42,31.28,43.19,45.6,35.6,2.21,51.1,21493,Caution,Yellow,7652.0,1.11,0.05
135,Ward 135,2026-08-16,33.48,76.52,30.8,42.34,40.8,35.6,2.68,71.9,33258,Caution,Yellow,11840.0,1.1,0.07
52,Ward 52,2026-08-16,33.87,74.82,30.99,42.87,42.7,35.5,3.07,62.4,16869,Caution,Yellow,5988.0,1.1,0.03
31,Ward 31,2026-08-16,33.6,78.48,31.27,43.16,45.5,35.3,2.2,50.1,39025,Caution,Yellow,13776.0,1.11,0.09
32,Ward 32,2026-08-16,33.4,79.38,31.17,42.86,44.5,35.3,2.0,54.1,45636,Caution,Yellow,16110.0,1.11,0.1
6,Ward 6,2026-08-16,33.43,79.24,31.19,42.91,44.7,35.2,2.03,52.9,42346,Caution,Yellow,14906.0,1.11,0.09
53,Ward 53,2026-08-16,33.89,74.74,31.01,42.93,42.9,35.1,3.09,59.7,25598,Caution,Yellow,8985.0,1.1,0.05
2,Ward 2,2026-08-16,33.71,77.99,31.33,43.31,46.1,35.0,2.31,46.3,48190,Caution,Yellow,16866.0,1.11,0.11
134,Ward 134,2026-08-16,33.25,77.54,30.68,42.0,39.6,34.6,2.45,72.2,35780,Caution,Yellow,12380.0,1.1,0.07
61,Ward 61,2026-08-16,33.51,76.39,30.81,42.38,40.9,33.8,2.71,61.6,29704,Caution,Yellow,10040.0,1.1,0.06
75,Ward 75,2026-08-16,33.51,76.39,30.81,42.38,40.9,33.7,2.71,61.0,26925,Caution,Yellow,9074.0,1.1,0.05
88,Ward 88,2026-08-16,33.6,75.98,30.86,42.52,41.4,33.6,2.8,58.0,23672,Caution,Yellow,7954.0,1.1,0.05
59,Ward 59,2026-08-16,33.16,77.74,30.86,42.86,41.4,33.5,2.46,57.8,70261,Caution,Yellow,23537.0,1.1,0.14
83,Ward 83,2026-08-16,33.58,76.08,30.85,42.5,41.3,33.5,2.78,57.9,22163,Caution,Yellow,7425.0,1.1,0.04
84,Ward 84,2026-08-16,33.42,76.77,30.77,42.25,40.5,33.0,2.62,58.6,19230,Caution,Yellow,6346.0,1.1,0.04
76,Ward 76,2026-08-16,33.55,76.21,30.84,42.46,41.2,32.9,2.75,55.5,21946,Caution,Yellow,7220.0,1.1,0.04
91,Ward 91,2026-08-16,33.23,77.42,30.89,42.94,41.7,32.8,2.53,52.5,38450,Caution,Yellow,12612.0,1.1,0.08
67,Ward 67,2026-08-16,33.11,77.97,30.84,42.79,41.2,32.6,2.41,53.4,56284,Caution,Yellow,18349.0,1.1,0.11
73,Ward 73,2026-08-16,33.47,76.55,30.79,42.31,40.7,32.6,2.67,55.8,23512,Caution,Yellow,7665.0,1.1,0.05
82,Ward 82,2026-08-16,33.44,76.7,30.78,42.3,40.6,32.5,2.64,55.7,38838,Caution,Yellow,12622.0,1.1,0.08
85,Ward 85,2026-08-16,33.41,76.83,30.77,42.26,40.5,32.5,2.61,56.0,29566,Caution,Yellow,9609.0,1.1,0.06
34,Ward 34,2026-08-16,33.26,77.3,30.91,42.99,41.9,32.3,2.56,49.0,29773,Caution,Yellow,9617.0,1.1,0.06
55,Ward 55,2026-08-16,33.02,78.37,30.79,42.64,40.7,32.1,2.32,52.9,32254,Caution,Yellow,10354.0,1.1,0.06
64,Ward 64,2026-08-16,32.95,78.68,30.76,42.55,40.4,32.1,2.25,54.1,31280,Caution,Yellow,10041.0,1.1,0.06
50,Ward 50,2026-08-16,33.43,76.73,30.77,42.28,40.5,31.9,2.63,53.0,17251,Caution,Yellow,5503.0,1.1,0.03
5,Ward 5,2026-08-16,33.1,80.76,31.02,42.42,43.0,31.8,1.7,42.1,23707,Caution,Yellow,7539.0,1.11,0.05
81,Ward 81,2026-08-16,33.24,77.56,30.68,42.01,39.6,31.6,2.44,55.1,41501,Caution,Yellow,13114.0,1.1,0.08
133,Ward 133,2026-08-16,33.17,77.88,30.64,41.89,39.3,31.4,2.37,55.1,25588,Caution,Yellow,8035.0,1.1,0.05
51,Ward 51,2026-08-16,33.36,77.05,30.73,42.16,40.1,31.1,2.56,50.0,13556,Caution,Yellow,4216.0,1.1,0.03
132,Ward 132,2026-08-16,33.18,77.84,30.65,41.92,39.3,31.1,2.38,53.9,26274,Caution,Yellow,8171.0,1.1,0.05
72,Ward 72,2026-08-16,33.2,77.75,30.66,41.94,39.4,31.0,2.4,52.6,19167,Caution,Yellow,5942.0,1.1,0.04
105,Ward 105,2026-08-16,33.08,78.09,30.82,42.74,41.0,31.0,2.38,45.8,21267,Caution,Yellow,6593.0,1.1,0.04
117,Ward 117,2026-08-16,33.14,78.01,30.62,41.85,39.1,30.8,2.34,53.1,21824,Caution,Yellow,6722.0,1.1,0.04
68,Ward 68,2026-08-16,32.83,79.23,30.7,42.39,39.8,30.7,2.13,49.4,20724,Caution,Yellow,6362.0,1.1,0.04
89,Ward 89,2026-08-16,33.23,77.63,30.67,41.98,39.5,30.6,2.43,50.0,22304,Caution,Yellow,6825.0,1.1,0.04
118,Ward 118,2026-08-16,33.1,78.19,30.61,41.81,39.0,30.6,2.3,52.3,21810,Caution,Yellow,6674.0,1.09,0.04
104,Ward 104,2026-08-16,33.01,78.42,30.79,42.65,40.7,30.4,2.31,43.9,33185,Caution,Yellow,10088.0,1.1,0.07
120,Ward 120,2026-08-16,33.17,77.88,30.64,41.89,39.3,30.4,2.37,49.9,19710,Caution,Yellow,5992.0,1.1,0.04
92,Ward 92,2026-08-16,32.84,79.18,30.7,42.38,39.8,29.9,2.14,44.8,36450,Caution,Yellow,10899.0,1.1,0.07
71,Ward 71,2026-08-16,33.08,78.29,30.6,41.79,38.9,29.8,2.28,48.2,29922,Caution,Yellow,8917.0,1.09,0.06
106,Ward 106,2026-08-16,32.7,79.82,30.64,42.2,39.3,29.8,2.0,46.1,40618,Caution,Yellow,12104.0,1.1,0.08
107,Ward 107,2026-08-16,32.6,80.28,30.59,42.05,38.8,29.7,1.9,47.8,54260,Caution,Yellow,16115.0,1.09,0.1
130,Ward 130,2026-08-16,33.0,78.65,30.55,41.64,38.4,29.7,2.2,49.8,23227,Caution,Yellow,6898.0,1.09,0.04
138,Ward 138,2026-08-16,32.3,81.87,30.3,40.96,36.0,29.6,1.8,60.7,28858,Caution,Yellow,8542.0,1.09,0.05
57,Ward 57,2026-08-16,32.42,81.12,30.5,41.78,37.9,29.5,1.72,50.6,49856,Caution,Yellow,14708.0,1.09,0.09
131,Ward 131,2026-08-16,32.95,78.87,30.53,41.58,38.2,29.4,2.15,48.9,30911,Caution,Yellow,9088.0,1.09,0.06
69,Ward 69,2026-08-16,32.78,79.64,30.45,41.36,37.4,29.1,1.98,50.6,44111,Caution,Yellow,12836.0,1.09,0.08
93,Ward 93,2026-08-16,32.92,79.0,30.51,41.53,38.0,29.1,2.12,47.7,44364,Caution,Yellow,12910.0,1.09,0.08
119,Ward 119,2026-08-16,32.96,78.83,30.54,41.61,38.3,29.1,2.16,46.9,16491,Caution,Yellow,4799.0,1.09,0.03
136,Ward 136,2026-08-16,32.77,79.7,30.44,41.33,37.3,29.1,1.97,51.0,21482,Caution,Yellow,6251.0,1.09,0.04
137,Ward 137,2026-08-16,32.41,81.36,30.26,40.83,35.6,28.7,1.61,56.7,19385,Caution,Yellow,5563.0,1.08,0.03
70,Ward 70,2026-08-16,32.86,79.28,30.49,41.47,37.8,28.6,2.06,46.0,18618,Caution,Yellow,5325.0,1.09,0.03
129,Ward 129,2026-08-16,32.78,79.64,30.45,41.36,37.4,28.6,1.98,47.9,39654,Caution,Yellow,11341.0,1.09,0.07
86,Ward 86,2026-08-16,32.73,79.88,30.43,41.29,37.2,28.3,1.93,47.1,19195,Caution,Yellow,5432.0,1.09,0.03
33,Ward 33,2026-08-16,32.39,81.25,30.48,41.73,37.7,27.9,1.69,42.5,45919,Caution,Yellow,12811.0,1.09,0.08
139,Ward 139,2026-08-16,31.9,83.77,30.1,40.37,34.1,27.7,1.4,58.5,42014,Caution,Yellow,11638.0,1.08,0.07
99,Ward 99,2026-08-16,32.21,78.89,30.25,41.61,35.5,27.3,2.41,48.4,26739,Caution,Yellow,7300.0,1.08,0.04
45,Ward 45,2026-08-16,31.4,88.98,30.21,39.9,35.1,27.1,0.0,49.3,8394,Caution,Yellow,2275.0,1.08,0.01
58,Ward 58,2026-08-16,31.65,84.81,30.11,40.59,34.2,26.8,0.95,51.8,88465,Caution,Yellow,23709.0,1.08,0.14
79,Ward 79,2026-08-16,32.25,82.11,30.18,40.59,34.8,26.8,1.45,49.2,44303,Caution,Yellow,11873.0,1.08,0.07
95,Ward 95,2026-08-16,32.29,80.05,30.19,41.28,34.9,26.7,2.29,47.6,26737,Caution,Yellow,7139.0,1.08,0.04
96,Ward 96,2026-08-16,32.33,79.86,30.2,41.32,35.0,26.7,2.33,47.3,31033,Caution,Yellow,8286.0,1.08,0.05
103,Ward 103,2026-08-16,32.11,79.36,30.2,41.45,35.0,26.7,2.31,47.3,25428,Caution,Yellow,6789.0,1.08,0.04
98,Ward 98,2026-08-16,32.33,79.86,30.2,41.32,35.0,26.5,2.33,46.3,31708,Caution,Yellow,8403.0,1.08,0.05
101,Ward 101,2026-08-16,32.0,79.85,30.16,41.3,34.7,26.5,2.2,47.2,40208,Caution,Yellow,10655.0,1.08,0.07
141,Ward 141,2026-08-16,31.68,84.87,29.99,40.04,33.1,26.5,1.18,55.9,41152,Caution,Yellow,10905.0,1.08,0.06
116,Ward 116,2026-08-16,32.09,80.98,30.09,40.96,34.0,26.3,2.09,49.7,28338,Caution,Yellow,7453.0,1.08,0.04
140,Ward 140,2026-08-16,31.57,85.39,29.93,39.86,32.5,26.2,1.07,56.8,30504,Caution,Yellow,7992.0,1.08,0.05
102,Ward 102,2026-08-16,31.9,80.31,30.11,41.14,34.2,25.8,2.1,45.5,21503,Caution,Yellow,5548.0,1.08,0.03
115,Ward 115,2026-08-16,32.1,80.92,30.1,40.99,34.1,25.8,2.1,46.0,31919,Caution,Yellow,8235.0,1.08,0.05
112,Ward 112,2026-08-16,32.04,81.2,30.06,40.88,33.7,25.7,2.04,47.5,32404,Caution,Yellow,8328.0,1.08,0.05
123,Ward 123,2026-08-16,32.0,81.39,30.05,40.84,33.6,25.7,2.0,47.5,35386,Caution,Yellow,9094.0,1.08,0.06
113,Ward 113,2026-08-16,32.01,81.35,30.04,40.83,33.5,25.6,2.01,47.7,33475,Caution,Yellow,8570.0,1.08,0.05
74,Ward 74,2026-08-16,32.01,83.25,30.06,40.22,33.7,25.4,1.21,45.1,42176,Caution,Yellow,10713.0,1.08,0.07
114,Ward 114,2026-08-16,31.94,81.68,30.01,40.73,33.3,25.4,1.94,47.4,41913,Caution,Yellow,10646.0,1.08,0.06
121,Ward 121,2026-08-16,31.92,81.77,30.0,40.7,33.2,25.4,1.92,47.5,29921,Caution,Yellow,7600.0,1.08,0.05
46,Ward 46,2026-08-16,31.83,84.13,29.97,39.95,32.9,25.3,1.03,48.6,12823,Caution,Yellow,3244.0,1.08,0.02
124,Ward 124,2026-08-16,31.83,82.2,29.96,40.57,32.8,25.1,1.83,47.9,39179,Caution,Yellow,9834.0,1.08,0.06
128,Ward 128,2026-08-16,31.92,81.77,30.0,40.7,33.2,25.1,1.92,46.1,32179,Caution,Yellow,8077.0,1.08,0.05
100,Ward 100,2026-08-16,31.75,81.02,30.03,40.9,33.4,24.9,1.95,43.6,25507,Normal,Green,6351.0,1.08,0.04
111,Ward 111,2026-08-16,31.62,81.64,29.97,40.72,32.9,24.8,1.82,45.5,38647,Normal,Green,9584.0,1.08,0.06
125,Ward 125,2026-08-16,31.81,82.29,29.95,40.54,32.7,24.8,1.81,46.6,44850,Normal,Green,11123.0,1.08,0.07
110,Ward 110,2026-08-16,31.53,82.05,29.92,40.55,32.4,24.3,1.73,44.7,27470,Normal,Green,6675.0,1.08,0.04
87,Ward 87,2026-08-16,31.85,84.02,29.97,39.97,32.9,23.8,1.05,38.2,12675,Normal,Green,3017.0,1.08,0.02
108,Ward 108,2026-08-16,31.06,87.75,29.82,39.65,31.5,23.6,0.36,44.3,64777,Normal,Green,15287.0,1.07,0.09
122,Ward 122,2026-08-16,31.55,83.53,29.83,40.14,31.6,23.6,1.55,43.9,39198,Normal,Green,9251.0,1.07,0.06
127,Ward 127,2026-08-16,31.57,83.43,29.83,40.16,31.6,23.6,1.57,44.0,43782,Normal,Green,10333.0,1.07,0.06
126,Ward 126,2026-08-16,31.42,84.16,29.76,39.91,31.0,22.8,1.42,41.4,31631,Normal,Green,7212.0,1.07,0.04
109,Ward 109,2026-08-16,30.94,84.9,29.64,39.62,29.9,22.7,1.14,46.2,64567,Normal,Green,14657.0,1.07,0.09
80,Ward 80,2026-08-16,30.84,89.12,29.48,38.44,28.4,22.2,0.04,51.2,31094,Normal,Green,6903.0,1.06,0.04
97,Ward 97,2026-08-16,31.35,84.49,29.72,39.8,30.6,22.0,1.35,37.4,37199,Normal,Green,8184.0,1.07,0.05
90,Ward 90,2026-08-16,31.25,87.01,29.68,39.09,30.2,21.5,0.45,36.3,18857,Normal,Green,4054.0,1.07,0.03
63,Ward 63,2026-08-16,30.88,88.9,29.5,38.5,28.6,21.0,0.08,41.1,24387,Normal,Green,5121.0,1.06,0.03
94,Ward 94,2026-08-16,30.57,88.42,29.35,38.48,27.3,19.2,0.57,34.3,27469,Normal,Green,5274.0,1.06,0.03
24,Ward 24,2026-08-17,32.27,77.0,29.6,40.48,29.5,26.9,3.47,80.5,19824,Caution,Yellow,5333.0,1.07,0.03
23,Ward 23,2026-08-17,32.3,76.88,29.61,40.53,29.6,26.5,3.5,77.0,18256,Caution,Yellow,4838.0,1.07,0.02
39,Ward 39,2026-08-17,32.04,78.03,29.48,40.13,28.4,25.6,3.24,77.7,21296,Caution,Yellow,5452.0,1.06,0.03
18,Ward 18,2026-08-17,32.23,77.17,29.57,40.42,29.2,25.4,3.43,71.1,22267,Caution,Yellow,5656.0,1.07,0.03
48,Ward 48,2026-08-17,32.12,77.67,29.52,40.25,28.8,25.0,3.32,70.7,20437,Caution,Yellow,5109.0,1.06,0.03
42,Ward 42,2026-08-17,31.86,78.83,29.39,39.86,27.6,24.5,3.06,74.9,21746,Normal,Green,5328.0,1.06,0.03
43,Ward 43,2026-08-17,31.97,78.34,29.44,40.03,28.1,24.5,3.17,71.9,17677,Normal,Green,4331.0,1.06,0.02
77,Ward 77,2026-08-17,32.1,77.1,29.41,40.23,27.8,24.3,3.4,72.2,45984,Normal,Green,11174.0,1.06,0.06
19,Ward 19,2026-08-17,32.11,77.7,29.51,40.22,28.7,24.1,3.31,64.3,21158,Normal,Green,5099.0,1.06,0.03
49,Ward 49,2026-08-17,31.52,77.31,29.2,39.92,26.0,24.0,3.22,82.7,19416,Normal,Green,4660.0,1.06,0.02
29,Ward 29,2026-08-17,31.59,77.0,29.24,40.06,26.3,23.7,3.29,78.3,53782,Normal,Green,12746.0,1.06,0.06
41,Ward 41,2026-08-17,31.86,78.83,29.39,39.86,27.6,23.7,3.06,68.6,19946,Normal,Green,4727.0,1.06,0.02
54,Ward 54,2026-08-17,31.89,76.88,29.29,40.34,26.8,23.5,3.39,72.5,36235,Normal,Green,8515.0,1.06,0.04
25,Ward 25,2026-08-17,31.93,78.52,29.43,39.95,28.0,23.4,3.13,63.8,27484,Normal,Green,6431.0,1.06,0.03
26,Ward 26,2026-08-17,31.88,78.74,29.4,39.88,27.7,23.4,3.08,65.9,25371,Normal,Green,5937.0,1.06,0.03
62,Ward 62,2026-08-17,32.0,77.53,29.35,40.05,27.3,23.4,3.3,68.4,34832,Normal,Green,8151.0,1.06,0.04
28,Ward 28,2026-08-17,31.62,76.86,29.25,40.07,26.4,23.2,3.32,72.7,38110,Normal,Green,8842.0,1.06,0.04
21,Ward 21,2026-08-17,31.76,79.29,29.34,39.71,27.2,23.0,2.96,65.8,21187,Normal,Green,4873.0,1.06,0.03
20,Ward 20,2026-08-17,31.86,78.83,29.39,39.86,27.6,22.8,3.06,61.7,21576,Normal,Green,4919.0,1.06,0.03
78,Ward 78,2026-08-17,31.88,78.08,29.29,39.88,26.8,22.8,3.18,66.7,54090,Normal,Green,12333.0,1.06,0.06
44,Ward 44,2026-08-17,31.67,79.7,29.3,39.56,26.8,22.6,2.87,65.2,29600,Normal,Green,6690.0,1.06,0.03
37,Ward 37,2026-08-17,31.46,77.58,29.17,39.84,25.7,22.3,3.16,70.2,24020,Normal,Green,5356.0,1.06,0.03
52,Ward 52,2026-08-17,31.77,78.57,29.23,39.71,26.2,21.8,3.07,62.4,16869,Normal,Green,3677.0,1.06,0.02
53,Ward 53,2026-08-17,31.79,78.49,29.25,39.76,26.4,21.6,3.09,59.7,25598,Normal,Green,5529.0,1.06,0.03
135,Ward 135,2026-08-17,31.38,80.35,29.04,39.13,24.6,21.5,2.68,71.9,33258,Normal,Green,7150.0,1.05,0.03
9,Ward 9,2026-08-17,31.62,79.92,29.27,39.48,26.6,21.0,2.82,53.2,16420,Normal,Green,3448.0,1.06,0.02
16,Ward 16,2026-08-17,31.36,78.02,29.12,39.68,25.3,20.8,3.06,60.7,20904,Normal,Green,4348.0,1.05,0.02
60,Ward 60,2026-08-17,31.44,78.9,29.06,39.64,24.8,20.8,2.94,64.6,35732,Normal,Green,7432.0,1.05,0.04
65,Ward 65,2026-08-17,31.4,79.08,29.05,39.59,24.7,20.7,2.9,64.2,72427,Normal,Green,14992.0,1.05,0.08
11,Ward 11,2026-08-17,31.36,78.02,29.12,39.68,25.3,20.6,3.06,59.0,22152,Normal,Green,4563.0,1.05,0.02
134,Ward 134,2026-08-17,31.15,81.43,28.92,38.77,23.6,20.6,2.45,72.2,35780,Normal,Green,7371.0,1.05,0.03
22,Ward 22,2026-08-17,31.31,81.38,29.13,39.03,25.4,20.5,2.51,56.7,15730,Normal,Green,3225.0,1.06,0.02
61,Ward 61,2026-08-17,31.41,80.22,29.06,39.18,24.8,20.5,2.71,61.6,29704,Normal,Green,6089.0,1.05,0.03
66,Ward 66,2026-08-17,31.35,79.31,29.02,39.51,24.4,20.5,2.85,64.3,98024,Normal,Green,20095.0,1.05,0.1
75,Ward 75,2026-08-17,31.41,80.22,29.06,39.18,24.8,20.4,2.71,61.0,26925,Normal,Green,5493.0,1.05,0.03
88,Ward 88,2026-08-17,31.5,79.81,29.1,39.31,25.1,20.4,2.8,58.0,23672,Normal,Green,4829.0,1.05,0.03
56,Ward 56,2026-08-17,31.45,78.85,29.07,39.67,24.9,20.3,2.95,59.2,43622,Normal,Green,8855.0,1.05,0.05
83,Ward 83,2026-08-17,31.48,79.89,29.09,39.28,25.0,20.3,2.78,57.9,22163,Normal,Green,4499.0,1.05,0.02
38,Ward 38,2026-08-17,31.22,78.65,29.05,39.47,24.7,20.2,2.92,59.7,28791,Normal,Green,5816.0,1.05,0.03
47,Ward 47,2026-08-17,31.34,81.22,29.13,39.08,25.4,20.2,2.54,54.7,14684,Normal,Green,2966.0,1.06,0.02
10,Ward 10,2026-08-17,31.27,78.42,29.08,39.55,24.9,20.1,2.97,56.8,27700,Normal,Green,5568.0,1.05,0.03
76,Ward 76,2026-08-17,31.45,80.03,29.07,39.23,24.9,19.9,2.75,55.5,21946,Normal,Green,4367.0,1.05,0.02
84,Ward 84,2026-08-17,31.32,80.63,29.02,39.06,24.4,19.9,2.62,58.6,19230,Normal,Green,3827.0,1.05,0.02
40,Ward 40,2026-08-17,31.13,79.06,29.01,39.33,24.3,19.7,2.83,58.1,20549,Normal,Green,4048.0,1.05,0.02
73,Ward 73,2026-08-17,31.37,80.39,29.03,39.1,24.5,19.6,2.67,55.8,23512,Normal,Green,4608.0,1.05,0.02
82,Ward 82,2026-08-17,31.34,80.53,29.02,39.08,24.4,19.5,2.64,55.7,38838,Normal,Green,7573.0,1.05,0.04
85,Ward 85,2026-08-17,31.31,80.68,29.01,39.03,24.3,19.5,2.61,56.0,29566,Normal,Green,5765.0,1.05,0.03
30,Ward 30,2026-08-17,31.1,79.19,28.99,39.27,24.2,19.3,2.8,55.1,30050,Normal,Green,5800.0,1.05,0.03
138,Ward 138,2026-08-17,30.3,85.51,28.9,37.97,23.4,19.3,1.8,60.7,28858,Normal,Green,5570.0,1.05,0.03
50,Ward 50,2026-08-17,31.33,80.59,29.01,39.05,24.3,19.2,2.63,53.0,17251,Normal,Green,3312.0,1.05,0.02
14,Ward 14,2026-08-17,31.01,79.61,28.95,39.14,23.8,18.9,2.71,54.2,53343,Normal,Green,10082.0,1.05,0.05
17,Ward 17,2026-08-17,31.14,79.02,29.01,39.33,24.3,18.9,2.84,51.0,21023,Normal,Green,3973.0,1.05,0.02
8,Ward 8,2026-08-17,31.08,79.28,28.98,39.25,24.1,18.8,2.78,50.9,18760,Normal,Green,3527.0,1.05,0.02
81,Ward 81,2026-08-17,31.14,81.46,28.92,38.77,23.6,18.8,2.44,55.1,41501,Normal,Green,7802.0,1.05,0.04
51,Ward 51,2026-08-17,31.26,80.92,28.98,38.95,24.1,18.7,2.56,50.0,13556,Normal,Green,2535.0,1.05,0.01
27,Ward 27,2026-08-17,30.93,79.98,28.91,38.99,23.5,18.6,2.63,53.7,19350,Normal,Green,3599.0,1.05,0.02
133,Ward 133,2026-08-17,31.07,81.81,28.89,38.66,23.3,18.6,2.37,55.1,25588,Normal,Green,4759.0,1.05,0.02
59,Ward 59,2026-08-17,30.96,81.11,28.83,38.92,22.8,18.5,2.46,57.8,70261,Normal,Green,12998.0,1.05,0.06
72,Ward 72,2026-08-17,31.1,81.66,28.91,38.72,23.5,18.5,2.4,52.6,19167,Normal,Green,3546.0,1.05,0.02
132,Ward 132,2026-08-17,31.08,81.75,28.89,38.66,23.3,18.5,2.38,53.9,26274,Normal,Green,4861.0,1.05,0.03
3,Ward 3,2026-08-17,30.88,80.21,28.88,38.91,23.2,18.4,2.58,54.4,53855,Normal,Green,9909.0,1.05,0.05
7,Ward 7,2026-08-17,30.91,80.06,28.9,38.97,23.4,18.4,2.61,52.6,19180,Normal,Green,3529.0,1.05,0.02
13,Ward 13,2026-08-17,30.82,80.49,28.85,38.83,23.0,18.4,2.52,55.4,33066,Normal,Green,6084.0,1.05,0.03
15,Ward 15,2026-08-17,30.91,80.06,28.9,38.97,23.4,18.4,2.61,52.4,23922,Normal,Green,4402.0,1.05,0.02
117,Ward 117,2026-08-17,31.04,81.94,28.87,38.61,23.2,18.3,2.34,53.1,21824,Normal,Green,3994.0,1.05,0.02
1,Ward 1,2026-08-17,30.83,80.44,28.85,38.82,23.0,18.2,2.53,53.6,53125,Normal,Green,9669.0,1.05,0.05
35,Ward 35,2026-08-17,30.94,79.93,28.91,39.02,23.5,18.2,2.64,49.9,35024,Normal,Green,6374.0,1.05,0.03
89,Ward 89,2026-08-17,31.13,81.53,28.91,38.74,23.5,18.2,2.43,50.0,22304,Normal,Green,4059.0,1.05,0.02
91,Ward 91,2026-08-17,31.03,80.79,28.87,39.03,23.2,18.2,2.53,52.5,38450,Normal,Green,6998.0,1.05,0.04
36,Ward 36,2026-08-17,30.4,82.46,28.64,38.12,21.3,18.1,2.1,66.9,27238,Normal,Green,4930.0,1.04,0.02
118,Ward 118,2026-08-17,31.0,82.13,28.85,38.56,23.0,18.1,2.3,52.3,21810,Normal,Green,3948.0,1.05,0.02
120,Ward 120,2026-08-17,31.07,81.81,28.89,38.66,23.3,18.0,2.37,49.9,19710,Normal,Green,3548.0,1.05,0.02
4,Ward 4,2026-08-17,30.81,80.53,28.84,38.8,22.9,17.9,2.51,51.5,34476,Normal,Green,6171.0,1.05,0.03
34,Ward 34,2026-08-17,31.06,80.63,28.87,39.06,23.2,17.9,2.56,49.0,29773,Normal,Green,5329.0,1.05,0.03
67,Ward 67,2026-08-17,30.91,81.35,28.81,38.84,22.7,17.9,2.41,53.4,56284,Normal,Green,10075.0,1.05,0.05
139,Ward 139,2026-08-17,29.9,87.53,28.7,37.28,21.8,17.7,1.4,58.5,42014,Normal,Green,7436.0,1.04,0.04
71,Ward 71,2026-08-17,30.98,82.23,28.85,38.53,23.0,17.6,2.28,48.2,29922,Normal,Green,5266.0,1.05,0.03
55,Ward 55,2026-08-17,30.82,81.76,28.75,38.67,22.2,17.5,2.32,52.9,32254,Normal,Green,5644.0,1.04,0.03
130,Ward 130,2026-08-17,30.9,82.61,28.8,38.4,22.6,17.5,2.2,49.8,23227,Normal,Green,4065.0,1.05,0.02
64,Ward 64,2026-08-17,30.75,82.09,28.72,38.55,21.9,17.4,2.25,54.1,31280,Normal,Green,5443.0,1.04,0.03
131,Ward 131,2026-08-17,30.85,82.85,28.78,38.32,22.4,17.2,2.15,48.9,30911,Normal,Green,5317.0,1.05,0.03
119,Ward 119,2026-08-17,30.86,82.8,28.79,38.34,22.5,17.1,2.16,46.9,16491,Normal,Green,2820.0,1.05,0.01
12,Ward 12,2026-08-17,30.51,81.94,28.7,38.3,21.8,17.0,2.21,51.1,21493,Normal,Green,3654.0,1.04,0.02
93,Ward 93,2026-08-17,30.82,83.0,28.76,38.26,22.2,17.0,2.12,47.7,44364,Normal,Green,7542.0,1.04,0.04
105,Ward 105,2026-08-17,30.88,81.48,28.79,38.78,22.5,17.0,2.38,45.8,21267,Normal,Green,3615.0,1.05,0.02
31,Ward 31,2026-08-17,30.5,81.97,28.7,38.3,21.8,16.9,2.2,50.1,39025,Normal,Green,6595.0,1.04,0.03
69,Ward 69,2026-08-17,30.68,83.67,28.69,38.04,21.7,16.9,1.98,50.6,44111,Normal,Green,7455.0,1.04,0.04
136,Ward 136,2026-08-17,30.67,83.71,28.69,38.04,21.7,16.9,1.97,51.0,21482,Normal,Green,3630.0,1.04,0.02
2,Ward 2,2026-08-17,30.61,81.46,28.75,38.48,22.2,16.8,2.31,46.3,48190,Normal,Green,8096.0,1.04,0.04
141,Ward 141,2026-08-17,29.68,88.66,28.59,36.88,20.9,16.8,1.18,55.9,41152,Normal,Green,6914.0,1.04,0.03
70,Ward 70,2026-08-17,30.76,83.28,28.73,38.18,22.0,16.7,2.06,46.0,18618,Normal,Green,3109.0,1.04,0.02
32,Ward 32,2026-08-17,30.3,82.94,28.6,37.97,20.9,16.6,2.0,54.1,45636,Normal,Green,7576.0,1.04,0.04
68,Ward 68,2026-08-17,30.63,82.68,28.67,38.38,21.5,16.6,2.13,49.4,20724,Normal,Green,3440.0,1.04,0.02
104,Ward 104,2026-08-17,30.81,81.82,28.75,38.67,22.2,16.6,2.31,43.9,33185,Normal,Green,5509.0,1.04,0.03
129,Ward 129,2026-08-17,30.68,83.67,28.69,38.04,21.7,16.6,1.98,47.9,39654,Normal,Green,6583.0,1.04,0.03
6,Ward 6,2026-08-17,30.33,82.79,28.61,38.0,21.0,16.5,2.03,52.9,42346,Normal,Green,6987.0,1.04,0.03
140,Ward 140,2026-08-17,29.57,89.23,28.54,36.68,20.4,16.4,1.07,56.8,30504,Normal,Green,5003.0,1.04,0.02
86,Ward 86,2026-08-17,30.63,83.91,28.66,37.96,21.4,16.3,1.93,47.1,19195,Normal,Green,3129.0,1.04,0.02
137,Ward 137,2026-08-17,30.31,85.49,28.51,37.45,20.2,16.3,1.61,56.7,19385,Normal,Green,3160.0,1.04,0.01
92,Ward 92,2026-08-17,30.64,82.62,28.67,38.38,21.5,16.2,2.14,44.8,36450,Normal,Green,5905.0,1.04,0.03
106,Ward 106,2026-08-17,30.5,83.28,28.6,38.15,20.9,15.8,2.0,46.1,40618,Normal,Green,6418.0,1.04,0.03
107,Ward 107,2026-08-17,30.4,83.78,28.55,38.0,20.5,15.7,1.9,47.8,54260,Normal,Green,8519.0,1.04,0.04
57,Ward 57,2026-08-17,30.22,84.67,28.47,37.7,19.9,15.5,1.72,50.6,49856,Normal,Green,7728.0,1.04,0.04
79,Ward 79,2026-08-17,30.15,86.29,28.43,37.18,19.6,15.1,1.45,49.2,44303,Normal,Green,6690.0,1.04,0.03
96,Ward 96,2026-08-17,30.23,82.8,28.44,37.36,19.6,15.0,2.33,47.3,31033,Normal,Green,4655.0,1.04,0.02
95,Ward 95,2026-08-17,30.19,83.0,28.42,37.3,19.5,14.9,2.29,47.6,26737,Normal,Green,3984.0,1.04,0.02
98,Ward 98,2026-08-17,30.23,82.8,28.44,37.36,19.6,14.9,2.33,46.3,31708,Normal,Green,4724.0,1.04,0.02
5,Ward 5,2026-08-17,30.0,84.39,28.45,37.44,19.7,14.6,1.7,42.1,23707,Normal,Green,3461.0,1.04,0.02
33,Ward 33,2026-08-17,30.19,84.8,28.45,37.64,19.7,14.6,1.69,42.5,45919,Normal,Green,6704.0,1.04,0.03
116,Ward 116,2026-08-17,29.99,83.96,28.32,36.95,18.7,14.5,2.09,49.7,28338,Normal,Green,4109.0,1.03,0.02
115,Ward 115,2026-08-17,30.0,83.92,28.33,36.98,18.8,14.2,2.1,46.0,31919,Normal,Green,4532.0,1.03,0.02
112,Ward 112,2026-08-17,29.94,84.2,28.3,36.85,18.5,14.1,2.04,47.5,32404,Normal,Green,4569.0,1.03,0.02
113,Ward 113,2026-08-17,29.91,84.35,28.28,36.82,18.4,14.1,2.01,47.7,33475,Normal,Green,4720.0,1.03,0.02
74,Ward 74,2026-08-17,29.91,87.52,28.31,36.79,18.6,14.0,1.21,45.1,42176,Normal,Green,5905.0,1.03,0.03
123,Ward 123,2026-08-17,29.9,84.4,28.27,36.79,18.3,14.0,2.0,47.5,35386,Normal,Green,4954.0,1.03,0.02
46,Ward 46,2026-08-17,29.73,88.42,28.22,36.48,17.9,13.8,1.03,48.6,12823,Normal,Green,1770.0,1.03,0.01
114,Ward 114,2026-08-17,29.84,84.69,28.25,36.69,18.1,13.8,1.94,47.4,41913,Normal,Green,5784.0,1.03,0.03
121,Ward 121,2026-08-17,29.82,84.79,28.24,36.65,18.1,13.8,1.92,47.5,29921,Normal,Green,4129.0,1.03,0.02
128,Ward 128,2026-08-17,29.82,84.79,28.24,36.65,18.1,13.7,1.92,46.1,32179,Normal,Green,4409.0,1.03,0.02
124,Ward 124,2026-08-17,29.73,85.24,28.2,36.49,17.8,13.6,1.83,47.9,39179,Normal,Green,5328.0,1.03,0.02
125,Ward 125,2026-08-17,29.71,85.34,28.19,36.45,17.7,13.4,1.81,46.6,44850,Normal,Green,6010.0,1.03,0.03
58,Ward 58,2026-08-17,29.45,88.54,28.09,36.35,16.9,13.2,0.95,51.8,88465,Normal,Green,11677.0,1.03,0.05
99,Ward 99,2026-08-17,30.21,81.84,28.13,37.02,17.2,13.2,2.41,48.4,26739,Normal,Green,3530.0,1.03,0.02
87,Ward 87,2026-08-17,29.75,88.33,28.23,36.51,18.0,13.0,1.05,38.2,12675,Normal,Green,1648.0,1.03,0.01
103,Ward 103,2026-08-17,30.11,82.32,28.09,36.87,16.9,12.9,2.31,47.3,25428,Normal,Green,3280.0,1.03,0.01
101,Ward 101,2026-08-17,30.0,82.84,28.04,36.7,16.5,12.6,2.2,47.2,40208,Normal,Green,5066.0,1.03,0.02
127,Ward 127,2026-08-17,29.47,86.53,28.07,36.0,16.8,12.6,1.57,44.0,43782,Normal,Green,5517.0,1.03,0.02
122,Ward 122,2026-08-17,29.45,86.63,28.06,35.97,16.7,12.5,1.55,43.9,39198,Normal,Green,4900.0,1.03,0.02
102,Ward 102,2026-08-17,29.9,83.32,27.98,36.52,16.1,12.2,2.1,45.5,21503,Normal,Green,2623.0,1.02,0.01
45,Ward 45,2026-08-17,28.8,94.19,27.91,34.8,15.5,12.0,0.0,49.3,8394,Normal,Green,1007.0,1.02,0.0
126,Ward 126,2026-08-17,29.32,87.29,28.0,35.72,16.2,11.9,1.42,41.4,31631,Normal,Green,3764.0,1.02,0.02
100,Ward 100,2026-08-17,29.75,84.05,27.91,36.28,15.5,11.6,1.95,43.6,25507,Normal,Green,2959.0,1.02,0.01
97,Ward 97,2026-08-17,29.25,87.65,27.96,35.6,15.9,11.4,1.35,37.4,37199,Normal,Green,4241.0,1.02,0.02
90,Ward 90,2026-08-17,29.15,91.48,27.94,35.44,15.8,11.3,0.45,36.3,18857,Normal,Green,2131.0,1.02,0.01
111,Ward 111,2026-08-17,29.62,84.69,27.84,36.04,15.0,11.3,1.82,45.5,38647,Normal,Green,4367.0,1.02,0.02
80,Ward 80,2026-08-17,28.74,93.7,27.75,34.68,14.4,11.2,0.04,51.2,31094,Normal,Green,3483.0,1.02,0.01
108,Ward 108,2026-08-17,28.86,91.64,27.8,35.23,14.7,11.0,0.36,44.3,64777,Normal,Green,7125.0,1.02,0.03
110,Ward 110,2026-08-17,29.53,85.12,27.79,35.88,14.7,11.0,1.73,44.7,27470,Normal,Green,3022.0,1.02,0.01
63,Ward 63,2026-08-17,28.78,93.49,27.77,34.76,14.5,10.7,0.08,41.1,24387,Normal,Green,2609.0,1.02,0.01
109,Ward 109,2026-08-17,28.94,88.1,27.51,34.86,12.6,9.5,1.14,46.2,64567,Normal,Green,6134.0,1.01,0.02
94,Ward 94,2026-08-17,28.47,91.74,27.61,34.13,13.3,9.4,0.57,34.3,27469,Normal,Green,2582.0,1.01,0.01
24,Ward 24,2026-08-18,34.27,70.7,31.07,43.11,43.5,39.7,3.47,80.5,19824,Caution,Yellow,7870.0,1.11,0.04
23,Ward 23,2026-08-18,34.3,70.56,31.09,43.15,43.7,39.2,3.5,77.0,18256,Caution,Yellow,7156.0,1.11,0.04
39,Ward 39,2026-08-18,34.04,71.63,30.96,42.8,42.4,38.1,3.24,77.7,21296,Caution,Yellow,8114.0,1.1,0.04
77,Ward 77,2026-08-18,34.0,70.72,31.07,42.92,43.5,38.1,3.4,72.2,45984,Caution,Yellow,17520.0,1.11,0.1
18,Ward 18,2026-08-18,34.23,70.85,31.06,43.08,43.4,37.8,3.43,71.1,22267,Caution,Yellow,8417.0,1.11,0.05
48,Ward 48,2026-08-18,34.12,71.3,31.0,42.9,42.8,37.2,3.32,70.7,20437,Caution,Yellow,7603.0,1.1,0.04
54,Ward 54,2026-08-18,34.19,70.79,30.95,43.98,42.3,37.1,3.39,72.5,36235,Caution,Yellow,13443.0,1.1,0.07
49,Ward 49,2026-08-18,34.12,71.23,30.72,43.24,40.0,36.9,3.22,82.7,19416,Caution,Yellow,7165.0,1.1,0.04
42,Ward 42,2026-08-18,33.86,72.36,30.87,42.54,41.5,36.8,3.06,74.9,21746,Caution,Yellow,8003.0,1.1,0.04
43,Ward 43,2026-08-18,33.97,71.91,30.93,42.73,42.1,36.8,3.17,71.9,17677,Caution,Yellow,6505.0,1.1,0.04
62,Ward 62,2026-08-18,33.9,71.12,31.01,42.77,42.9,36.8,3.3,68.4,34832,Caution,Yellow,12818.0,1.1,0.07
29,Ward 29,2026-08-18,34.19,70.95,30.76,43.33,40.4,36.5,3.29,78.3,53782,Caution,Yellow,19630.0,1.1,0.1
78,Ward 78,2026-08-18,33.78,71.6,30.95,42.58,42.3,36.0,3.18,66.7,54090,Caution,Yellow,19472.0,1.1,0.11
19,Ward 19,2026-08-18,34.11,71.34,31.0,42.91,42.8,35.9,3.31,64.3,21158,Caution,Yellow,7596.0,1.1,0.04
41,Ward 41,2026-08-18,33.86,72.36,30.87,42.54,41.5,35.6,3.06,68.6,19946,Caution,Yellow,7101.0,1.1,0.04
28,Ward 28,2026-08-18,34.22,70.83,30.77,43.39,40.5,35.5,3.32,72.7,38110,Caution,Yellow,13529.0,1.1,0.07
26,Ward 26,2026-08-18,33.88,72.28,30.88,42.6,41.6,35.2,3.08,65.9,25371,Caution,Yellow,8931.0,1.1,0.05
25,Ward 25,2026-08-18,33.93,72.08,30.91,42.66,41.9,35.1,3.13,63.8,27484,Caution,Yellow,9647.0,1.1,0.06
135,Ward 135,2026-08-18,33.28,73.67,30.7,41.79,39.8,34.8,2.68,71.9,33258,Caution,Yellow,11574.0,1.1,0.06
21,Ward 21,2026-08-18,33.76,72.77,30.82,42.43,41.0,34.7,2.96,65.8,21187,Caution,Yellow,7352.0,1.1,0.04
52,Ward 52,2026-08-18,33.67,72.05,30.89,42.39,41.7,34.6,3.07,62.4,16869,Caution,Yellow,5837.0,1.1,0.03
37,Ward 37,2026-08-18,34.06,71.47,30.69,43.13,39.7,34.4,3.16,70.2,24020,Caution,Yellow,8263.0,1.1,0.05
20,Ward 20,2026-08-18,33.86,72.36,30.87,42.54,41.5,34.3,3.06,61.7,21576,Caution,Yellow,7401.0,1.1,0.04
44,Ward 44,2026-08-18,33.67,73.15,30.78,42.3,40.6,34.2,2.87,65.2,29600,Caution,Yellow,10123.0,1.1,0.06
53,Ward 53,2026-08-18,33.69,71.97,30.9,42.45,41.8,34.2,3.09,59.7,25598,Caution,Yellow,8755.0,1.1,0.05
134,Ward 134,2026-08-18,33.05,74.65,30.58,41.42,38.7,33.9,2.45,72.2,35780,Caution,Yellow,12129.0,1.09,0.07
60,Ward 60,2026-08-18,33.74,72.63,30.73,43.29,40.1,33.7,2.94,64.6,35732,Caution,Yellow,12042.0,1.1,0.07
65,Ward 65,2026-08-18,33.7,72.8,30.7,43.25,39.8,33.4,2.9,64.2,72427,Caution,Yellow,24191.0,1.1,0.14
66,Ward 66,2026-08-18,33.65,73.0,30.68,43.17,39.6,33.2,2.85,64.3,98024,Caution,Yellow,32544.0,1.1,0.19
61,Ward 61,2026-08-18,33.31,73.55,30.72,41.85,40.0,33.1,2.71,61.6,29704,Caution,Yellow,9832.0,1.1,0.06
75,Ward 75,2026-08-18,33.31,73.55,30.72,41.85,40.0,33.0,2.71,61.0,26925,Caution,Yellow,8885.0,1.1,0.05
88,Ward 88,2026-08-18,33.4,73.18,30.76,41.98,40.4,32.8,2.8,58.0,23672,Caution,Yellow,7764.0,1.1,0.05
56,Ward 56,2026-08-18,33.75,72.58,30.73,43.33,40.1,32.7,2.95,59.2,43622,Caution,Yellow,14264.0,1.1,0.08
83,Ward 83,2026-08-18,33.38,73.25,30.75,41.96,40.3,32.7,2.78,57.9,22163,Caution,Yellow,7247.0,1.1,0.04
16,Ward 16,2026-08-18,33.96,71.89,30.64,42.98,39.3,32.3,3.06,60.7,20904,Caution,Yellow,6752.0,1.1,0.04
76,Ward 76,2026-08-18,33.35,73.38,30.73,41.9,40.1,32.1,2.75,55.5,21946,Caution,Yellow,7045.0,1.1,0.04
84,Ward 84,2026-08-18,33.22,73.92,30.67,41.67,39.5,32.1,2.62,58.6,19230,Caution,Yellow,6173.0,1.1,0.04
11,Ward 11,2026-08-18,33.96,71.89,30.64,42.98,39.3,32.0,3.06,59.0,22152,Caution,Yellow,7089.0,1.1,0.04
9,Ward 9,2026-08-18,33.62,73.36,30.75,42.24,40.3,31.8,2.82,53.2,16420,Caution,Yellow,5222.0,1.1,0.03
73,Ward 73,2026-08-18,33.27,73.71,30.69,41.76,39.7,31.8,2.67,55.8,23512,Caution,Yellow,7477.0,1.1,0.04
82,Ward 82,2026-08-18,33.24,73.84,30.68,41.74,39.6,31.7,2.64,55.7,38838,Caution,Yellow,12312.0,1.1,0.07
85,Ward 85,2026-08-18,33.21,73.97,30.66,41.68,39.4,31.6,2.61,56.0,29566,Caution,Yellow,9343.0,1.1,0.06
38,Ward 38,2026-08-18,33.82,72.45,30.56,42.78,38.5,31.5,2.92,59.7,28791,Caution,Yellow,9069.0,1.09,0.05
10,Ward 10,2026-08-18,33.87,72.25,30.6,42.86,38.9,31.3,2.97,56.8,27700,Caution,Yellow,8670.0,1.09,0.05
22,Ward 22,2026-08-18,33.31,74.65,30.6,41.81,38.9,31.3,2.51,56.7,15730,Caution,Yellow,4923.0,1.09,0.03
50,Ward 50,2026-08-18,33.23,73.88,30.68,41.7,39.6,31.2,2.63,53.0,17251,Caution,Yellow,5382.0,1.1,0.03
47,Ward 47,2026-08-18,33.34,74.53,30.61,41.85,39.0,31.0,2.54,54.7,14684,Caution,Yellow,4552.0,1.09,0.03
40,Ward 40,2026-08-18,33.73,72.83,30.52,42.62,38.1,30.9,2.83,58.1,20549,Caution,Yellow,6350.0,1.09,0.04
81,Ward 81,2026-08-18,33.04,74.69,30.57,41.39,38.6,30.8,2.44,55.1,41501,Caution,Yellow,12782.0,1.09,0.08
59,Ward 59,2026-08-18,33.26,74.64,30.49,42.55,37.8,30.6,2.46,57.8,70261,Caution,Yellow,21500.0,1.09,0.13
133,Ward 133,2026-08-18,32.97,74.98,30.54,41.27,38.3,30.6,2.37,55.1,25588,Caution,Yellow,7830.0,1.09,0.05
51,Ward 51,2026-08-18,33.16,74.17,30.64,41.59,39.3,30.5,2.56,50.0,13556,Caution,Yellow,4135.0,1.1,0.03
132,Ward 132,2026-08-18,32.98,74.96,30.55,41.3,38.4,30.4,2.38,53.9,26274,Caution,Yellow,7987.0,1.09,0.05
72,Ward 72,2026-08-18,33.0,74.87,30.56,41.33,38.5,30.3,2.4,52.6,19167,Caution,Yellow,5808.0,1.09,0.04
30,Ward 30,2026-08-18,33.7,72.95,30.5,42.6,37.9,30.2,2.8,55.1,30050,Caution,Yellow,9075.0,1.09,0.05
117,Ward 117,2026-08-18,32.94,75.11,30.53,41.21,38.2,30.1,2.34,53.1,21824,Caution,Yellow,6569.0,1.09,0.04
89,Ward 89,2026-08-18,33.03,74.74,30.58,41.39,38.7,30.0,2.43,50.0,22304,Caution,Yellow,6691.0,1.09,0.04
91,Ward 91,2026-08-18,33.33,74.35,30.52,42.66,38.1,30.0,2.53,52.5,38450,Caution,Yellow,11535.0,1.09,0.07
138,Ward 138,2026-08-18,32.1,79.47,30.35,40.37,36.5,30.0,1.8,60.7,28858,Caution,Yellow,8657.0,1.09,0.05
14,Ward 14,2026-08-18,33.61,73.33,30.47,42.43,37.6,29.9,2.71,54.2,53343,Caution,Yellow,15950.0,1.09,0.1
17,Ward 17,2026-08-18,33.74,72.78,30.53,42.65,38.2,29.8,2.84,51.0,21023,Caution,Yellow,6265.0,1.09,0.04
99,Ward 99,2026-08-18,33.21,75.19,30.59,42.5,38.8,29.8,2.41,48.4,26739,Caution,Yellow,7968.0,1.09,0.05
118,Ward 118,2026-08-18,32.9,75.29,30.51,41.15,38.0,29.8,2.3,52.3,21810,Caution,Yellow,6499.0,1.09,0.04
120,Ward 120,2026-08-18,32.97,74.98,30.54,41.27,38.3,29.7,2.37,49.9,19710,Caution,Yellow,5854.0,1.09,0.04
67,Ward 67,2026-08-18,33.21,74.85,30.45,42.47,37.4,29.6,2.41,53.4,56284,Caution,Yellow,16660.0,1.09,0.1
8,Ward 8,2026-08-18,33.68,73.03,30.5,42.54,37.9,29.5,2.78,50.9,18760,Caution,Yellow,5534.0,1.09,0.03
27,Ward 27,2026-08-18,33.53,73.66,30.42,42.34,37.1,29.4,2.63,53.7,19350,Caution,Yellow,5689.0,1.09,0.03
34,Ward 34,2026-08-18,33.36,74.22,30.53,42.72,38.2,29.4,2.56,49.0,29773,Caution,Yellow,8753.0,1.09,0.05
36,Ward 36,2026-08-18,33.0,75.92,30.15,41.49,34.6,29.4,2.1,66.9,27238,Caution,Yellow,8008.0,1.08,0.04
3,Ward 3,2026-08-18,33.48,73.88,30.39,42.26,36.8,29.2,2.58,54.4,53855,Caution,Yellow,15726.0,1.09,0.09
13,Ward 13,2026-08-18,33.42,74.12,30.36,42.15,36.5,29.2,2.52,55.4,33066,Caution,Yellow,9655.0,1.09,0.06
55,Ward 55,2026-08-18,33.12,75.25,30.42,42.34,37.1,29.2,2.32,52.9,32254,Caution,Yellow,9418.0,1.09,0.06
95,Ward 95,2026-08-18,32.79,75.57,30.53,41.73,38.2,29.2,2.29,47.6,26737,Caution,Yellow,7807.0,1.09,0.05
96,Ward 96,2026-08-18,32.83,75.39,30.54,41.77,38.3,29.2,2.33,47.3,31033,Caution,Yellow,9062.0,1.09,0.06
103,Ward 103,2026-08-18,33.11,75.63,30.54,42.33,38.3,29.2,2.31,47.3,25428,Caution,Yellow,7425.0,1.09,0.05
7,Ward 7,2026-08-18,33.51,73.74,30.41,42.28,37.0,29.1,2.61,52.6,19180,Caution,Yellow,5581.0,1.09,0.03
15,Ward 15,2026-08-18,33.51,73.74,30.41,42.28,37.0,29.1,2.61,52.4,23922,Caution,Yellow,6961.0,1.09,0.04
64,Ward 64,2026-08-18,33.05,75.55,30.38,42.23,36.7,29.1,2.25,54.1,31280,Caution,Yellow,9102.0,1.09,0.05
1,Ward 1,2026-08-18,33.43,74.09,30.37,42.18,36.6,29.0,2.53,53.6,53125,Caution,Yellow,15406.0,1.09,0.09
71,Ward 71,2026-08-18,32.88,75.38,30.49,41.12,37.8,29.0,2.28,48.2,29922,Caution,Yellow,8677.0,1.09,0.05
98,Ward 98,2026-08-18,32.83,75.39,30.54,41.77,38.3,29.0,2.33,46.3,31708,Caution,Yellow,9195.0,1.09,0.06
130,Ward 130,2026-08-18,32.8,75.71,30.45,41.01,37.4,29.0,2.2,49.8,23227,Caution,Yellow,6736.0,1.09,0.04
35,Ward 35,2026-08-18,33.54,73.62,30.43,42.33,37.2,28.8,2.64,49.9,35024,Caution,Yellow,10087.0,1.09,0.06
101,Ward 101,2026-08-18,33.0,76.11,30.49,42.16,37.8,28.8,2.2,47.2,40208,Caution,Yellow,11580.0,1.09,0.07
116,Ward 116,2026-08-18,32.59,76.44,30.43,41.43,37.2,28.8,2.09,49.7,28338,Caution,Yellow,8161.0,1.09,0.05
4,Ward 4,2026-08-18,33.41,74.18,30.37,42.15,36.6,28.6,2.51,51.5,34476,Caution,Yellow,9860.0,1.09,0.06
131,Ward 131,2026-08-18,32.75,75.94,30.43,40.92,37.2,28.6,2.15,48.9,30911,Caution,Yellow,8841.0,1.09,0.05
93,Ward 93,2026-08-18,32.72,76.06,30.42,40.86,37.1,28.4,2.12,47.7,44364,Caution,Yellow,12599.0,1.09,0.08
119,Ward 119,2026-08-18,32.76,75.89,30.44,40.91,37.3,28.4,2.16,46.9,16491,Caution,Yellow,4683.0,1.09,0.03
136,Ward 136,2026-08-18,32.57,76.74,30.34,40.61,36.4,28.4,1.97,51.0,21482,Caution,Yellow,6101.0,1.09,0.04
69,Ward 69,2026-08-18,32.58,76.67,30.34,40.61,36.4,28.3,1.98,50.6,44111,Caution,Yellow,12483.0,1.09,0.08
102,Ward 102,2026-08-18,32.9,76.54,30.44,41.99,37.3,28.2,2.1,45.5,21503,Caution,Yellow,6064.0,1.09,0.04
105,Ward 105,2026-08-18,33.18,74.99,30.44,42.41,37.3,28.2,2.38,45.8,21267,Caution,Yellow,5997.0,1.09,0.04
112,Ward 112,2026-08-18,32.54,76.66,30.4,41.35,36.9,28.2,2.04,47.5,32404,Caution,Yellow,9138.0,1.09,0.06
115,Ward 115,2026-08-18,32.6,76.38,30.43,41.46,37.2,28.2,2.1,46.0,31919,Caution,Yellow,9001.0,1.09,0.06
113,Ward 113,2026-08-18,32.51,76.79,30.39,41.3,36.8,28.1,2.01,47.7,33475,Caution,Yellow,9406.0,1.09,0.06
139,Ward 139,2026-08-18,31.7,81.33,30.14,39.75,34.5,28.1,1.4,58.5,42014,Caution,Yellow,11806.0,1.08,0.07
123,Ward 123,2026-08-18,32.5,76.82,30.38,41.31,36.7,28.0,2.0,47.5,35386,Caution,Yellow,9908.0,1.09,0.06
68,Ward 68,2026-08-18,32.93,76.07,30.31,42.03,36.1,27.9,2.13,49.4,20724,Caution,Yellow,5782.0,1.09,0.04
114,Ward 114,2026-08-18,32.44,77.09,30.35,41.2,36.5,27.9,1.94,47.4,41913,Caution,Yellow,11694.0,1.09,0.07
129,Ward 129,2026-08-18,32.58,76.67,30.34,40.61,36.4,27.9,1.98,47.9,39654,Caution,Yellow,11063.0,1.09,0.07
137,Ward 137,2026-08-18,32.21,78.32,30.16,40.07,34.7,27.9,1.61,56.7,19385,Caution,Yellow,5408.0,1.08,0.03
70,Ward 70,2026-08-18,32.66,76.33,30.38,40.77,36.7,27.8,2.06,46.0,18618,Caution,Yellow,5176.0,1.09,0.03
121,Ward 121,2026-08-18,32.42,77.18,30.34,41.17,36.4,27.8,1.92,47.5,29921,Caution,Yellow,8318.0,1.09,0.05
104,Ward 104,2026-08-18,33.11,75.29,30.41,42.3,37.0,27.7,2.31,43.9,33185,Caution,Yellow,9192.0,1.09,0.06
86,Ward 86,2026-08-18,32.53,76.9,30.32,40.55,36.2,27.6,1.93,47.1,19195,Caution,Yellow,5298.0,1.09,0.03
124,Ward 124,2026-08-18,32.33,77.58,30.3,41.01,36.0,27.6,1.83,47.9,39179,Caution,Yellow,10813.0,1.09,0.07
128,Ward 128,2026-08-18,32.42,77.18,30.34,41.17,36.4,27.6,1.92,46.1,32179,Caution,Yellow,8881.0,1.09,0.06
12,Ward 12,2026-08-18,33.11,75.45,30.21,41.66,35.1,27.4,2.21,51.1,21493,Caution,Yellow,5889.0,1.08,0.04
31,Ward 31,2026-08-18,33.1,75.5,30.21,41.66,35.1,27.2,2.2,50.1,39025,Caution,Yellow,10615.0,1.08,0.06
92,Ward 92,2026-08-18,32.94,76.02,30.32,42.06,36.2,27.2,2.14,44.8,36450,Caution,Yellow,9914.0,1.09,0.06
100,Ward 100,2026-08-18,32.75,77.21,30.36,41.76,36.5,27.2,1.95,43.6,25507,Caution,Yellow,6938.0,1.09,0.04
111,Ward 111,2026-08-18,32.62,77.78,30.3,41.51,36.0,27.2,1.82,45.5,38647,Caution,Yellow,10512.0,1.09,0.07
125,Ward 125,2026-08-18,32.31,77.66,30.28,40.99,35.8,27.2,1.81,46.6,44850,Caution,Yellow,12199.0,1.08,0.08
32,Ward 32,2026-08-18,32.9,76.36,30.11,41.32,34.2,27.1,2.0,54.1,45636,Caution,Yellow,12367.0,1.08,0.07
2,Ward 2,2026-08-18,33.21,75.02,30.26,41.82,35.6,27.0,2.31,46.3,48190,Caution,Yellow,13011.0,1.08,0.08
6,Ward 6,2026-08-18,32.93,76.24,30.12,41.38,34.3,27.0,2.03,52.9,42346,Caution,Yellow,11433.0,1.08,0.07
106,Ward 106,2026-08-18,32.8,76.62,30.25,41.83,35.5,26.9,2.0,46.1,40618,Caution,Yellow,10926.0,1.08,0.07
107,Ward 107,2026-08-18,32.7,77.08,30.2,41.66,35.0,26.8,1.9,47.8,54260,Caution,Yellow,14542.0,1.08,0.09
141,Ward 141,2026-08-18,31.48,82.38,30.03,39.42,33.4,26.8,1.18,55.9,41152,Caution,Yellow,11029.0,1.08,0.06
110,Ward 110,2026-08-18,32.53,78.18,30.25,41.36,35.5,26.7,1.73,44.7,27470,Caution,Yellow,7334.0,1.08,0.05
57,Ward 57,2026-08-18,32.52,77.9,30.11,41.37,34.2,26.6,1.72,50.6,49856,Caution,Yellow,13262.0,1.08,0.08
140,Ward 140,2026-08-18,31.37,82.9,29.98,39.27,33.0,26.6,1.07,56.8,30504,Caution,Yellow,8114.0,1.08,0.05
79,Ward 79,2026-08-18,32.05,79.05,30.08,39.83,33.9,26.2,1.45,49.2,44303,Caution,Yellow,11607.0,1.08,0.07
127,Ward 127,2026-08-18,32.07,78.75,30.17,40.62,34.7,26.0,1.57,44.0,43782,Caution,Yellow,11383.0,1.08,0.07
122,Ward 122,2026-08-18,32.05,78.84,30.15,40.59,34.6,25.9,1.55,43.9,39198,Caution,Yellow,10152.0,1.08,0.06
33,Ward 33,2026-08-18,32.49,78.0,30.1,41.3,34.1,25.3,1.69,42.5,45919,Caution,Yellow,11618.0,1.08,0.07
126,Ward 126,2026-08-18,31.92,79.42,30.08,40.38,33.9,25.0,1.42,41.4,31631,Caution,Yellow,7908.0,1.08,0.05
109,Ward 109,2026-08-18,31.94,80.89,29.96,40.35,32.8,24.9,1.14,46.2,64567,Normal,Green,16077.0,1.08,0.1
74,Ward 74,2026-08-18,31.81,80.15,29.96,39.51,32.8,24.7,1.21,45.1,42176,Normal,Green,10417.0,1.08,0.06
46,Ward 46,2026-08-18,31.63,81.0,29.87,39.24,32.0,24.6,1.03,48.6,12823,Normal,Green,3154.0,1.07,0.02
5,Ward 5,2026-08-18,32.6,77.68,29.95,40.83,32.7,24.2,1.7,42.1,23707,Normal,Green,5737.0,1.08,0.04
97,Ward 97,2026-08-18,31.85,79.75,30.05,40.27,33.6,24.1,1.35,37.4,37199,Normal,Green,8965.0,1.08,0.06
58,Ward 58,2026-08-18,31.75,81.41,29.72,40.05,30.6,24.0,0.95,51.8,88465,Normal,Green,21232.0,1.07,0.12
87,Ward 87,2026-08-18,31.65,80.9,29.88,39.26,32.1,23.2,1.05,38.2,12675,Normal,Green,2941.0,1.08,0.02
80,Ward 80,2026-08-18,30.64,85.78,29.37,37.72,27.5,21.5,0.04,51.2,31094,Normal,Green,6685.0,1.06,0.04
94,Ward 94,2026-08-18,31.07,83.43,29.66,39.01,30.0,21.1,0.57,34.3,27469,Normal,Green,5796.0,1.07,0.04
108,Ward 108,2026-08-18,31.16,84.24,29.43,38.95,28.0,21.0,0.36,44.3,64777,Normal,Green,13603.0,1.06,0.08
45,Ward 45,2026-08-18,30.8,86.3,29.33,38.11,27.1,20.9,0.0,49.3,8394,Normal,Green,1754.0,1.06,0.01
90,Ward 90,2026-08-18,31.05,83.75,29.58,38.35,29.3,20.9,0.45,36.3,18857,Normal,Green,3941.0,1.07,0.02
63,Ward 63,2026-08-18,30.68,85.58,29.39,37.77,27.6,20.3,0.08,41.1,24387,Normal,Green,4951.0,1.06,0.03
24,Ward 24,2026-08-19,35.87,66.65,32.53,45.75,58.8,53.6,3.47,80.5,19824,Danger,Orange,10626.0,1.15,0.06
23,Ward 23,2026-08-19,35.9,66.52,32.55,45.79,59.0,52.9,3.5,77.0,18256,Danger,Orange,9657.0,1.15,0.05
49,Ward 49,2026-08-19,35.52,67.46,32.3,45.23,56.3,51.9,3.22,82.7,19416,Danger,Orange,10077.0,1.14,0.05
39,Ward 39,2026-08-19,35.64,67.52,32.42,45.44,57.6,51.8,3.24,77.7,21296,Danger,Orange,11031.0,1.14,0.06
18,Ward 18,2026-08-19,35.83,66.79,32.51,45.68,58.6,51.0,3.43,71.1,22267,Danger,Orange,11356.0,1.15,0.06
29,Ward 29,2026-08-19,35.59,67.19,32.32,45.3,56.5,51.0,3.29,78.3,53782,Danger,Orange,27429.0,1.14,0.15
77,Ward 77,2026-08-19,35.6,66.84,32.46,45.6,58.1,50.8,3.4,72.2,45984,Danger,Orange,23360.0,1.15,0.13
54,Ward 54,2026-08-19,35.69,66.98,32.43,45.76,57.7,50.6,3.39,72.5,36235,Danger,Orange,18335.0,1.14,0.1
48,Ward 48,2026-08-19,35.72,67.2,32.46,45.54,58.1,50.4,3.32,70.7,20437,Danger,Orange,10300.0,1.15,0.06
42,Ward 42,2026-08-19,35.46,68.2,32.33,45.18,56.6,50.2,3.06,74.9,21746,Danger,Orange,10916.0,1.14,0.06
43,Ward 43,2026-08-19,35.57,67.78,32.38,45.32,57.2,50.0,3.17,71.9,17677,Danger,Orange,8838.0,1.14,0.05
28,Ward 28,2026-08-19,35.62,67.08,32.34,45.34,56.8,49.8,3.32,72.7,38110,Caution,Yellow,18979.0,1.14,0.11
62,Ward 62,2026-08-19,35.5,67.23,32.42,45.49,57.6,49.4,3.3,68.4,34832,Caution,Yellow,17207.0,1.14,0.1
19,Ward 19,2026-08-19,35.71,67.25,32.45,45.51,58.0,48.7,3.31,64.3,21158,Caution,Yellow,10304.0,1.15,0.06
41,Ward 41,2026-08-19,35.46,68.2,32.33,45.18,56.6,48.6,3.06,68.6,19946,Caution,Yellow,9694.0,1.14,0.06
37,Ward 37,2026-08-19,35.46,67.7,32.27,45.15,56.0,48.5,3.16,70.2,24020,Caution,Yellow,11650.0,1.14,0.07
78,Ward 78,2026-08-19,35.38,67.69,32.36,45.32,57.0,48.5,3.18,66.7,54090,Caution,Yellow,26234.0,1.14,0.15
26,Ward 26,2026-08-19,35.48,68.13,32.33,45.19,56.6,47.9,3.08,65.9,25371,Caution,Yellow,12153.0,1.14,0.07
25,Ward 25,2026-08-19,35.53,67.93,32.36,45.25,57.0,47.7,3.13,63.8,27484,Caution,Yellow,13110.0,1.14,0.08
21,Ward 21,2026-08-19,35.36,68.59,32.27,45.02,56.0,47.4,2.96,65.8,21187,Caution,Yellow,10043.0,1.14,0.06
135,Ward 135,2026-08-19,34.88,69.62,32.11,44.61,54.3,47.4,2.68,71.9,33258,Caution,Yellow,15764.0,1.14,0.09
44,Ward 44,2026-08-19,35.27,68.94,32.23,44.89,55.6,46.9,2.87,65.2,29600,Caution,Yellow,13882.0,1.14,0.08
20,Ward 20,2026-08-19,35.46,68.2,32.33,45.18,56.6,46.8,3.06,61.7,21576,Caution,Yellow,10098.0,1.14,0.06
52,Ward 52,2026-08-19,35.27,68.11,32.29,45.13,56.2,46.7,3.07,62.4,16869,Caution,Yellow,7878.0,1.14,0.05
60,Ward 60,2026-08-19,35.24,68.71,32.21,45.12,55.4,46.6,2.94,64.6,35732,Caution,Yellow,16651.0,1.14,0.1
134,Ward 134,2026-08-19,34.65,70.54,31.99,44.28,53.0,46.4,2.45,72.2,35780,Caution,Yellow,16602.0,1.13,0.09
53,Ward 53,2026-08-19,35.29,68.03,32.31,45.19,56.4,46.2,3.09,59.7,25598,Caution,Yellow,11826.0,1.14,0.07
65,Ward 65,2026-08-19,35.2,68.88,32.19,45.09,55.1,46.2,2.9,64.2,72427,Caution,Yellow,33461.0,1.14,0.2
66,Ward 66,2026-08-19,35.15,69.07,32.17,45.04,54.9,46.1,2.85,64.3,98024,Caution,Yellow,45189.0,1.14,0.27
16,Ward 16,2026-08-19,35.36,68.08,32.21,44.99,55.4,45.6,3.06,60.7,20904,Caution,Yellow,9532.0,1.14,0.06
56,Ward 56,2026-08-19,35.25,68.68,32.22,45.15,55.5,45.3,2.95,59.2,43622,Caution,Yellow,19761.0,1.14,0.12
11,Ward 11,2026-08-19,35.36,68.08,32.21,44.99,55.4,45.2,3.06,59.0,22152,Caution,Yellow,10013.0,1.14,0.06
61,Ward 61,2026-08-19,34.91,69.5,32.12,44.66,54.4,45.0,2.71,61.6,29704,Caution,Yellow,13367.0,1.14,0.08
75,Ward 75,2026-08-19,34.91,69.5,32.12,44.66,54.4,44.9,2.71,61.0,26925,Caution,Yellow,12089.0,1.14,0.07
38,Ward 38,2026-08-19,35.22,68.62,32.14,44.8,54.6,44.7,2.92,59.7,28791,Caution,Yellow,12870.0,1.14,0.08
88,Ward 88,2026-08-19,35.0,69.15,32.17,44.79,54.9,44.5,2.8,58.0,23672,Caution,Yellow,10534.0,1.14,0.06
83,Ward 83,2026-08-19,34.98,69.22,32.15,44.73,54.7,44.3,2.78,57.9,22163,Caution,Yellow,9818.0,1.14,0.06
10,Ward 10,2026-08-19,35.27,68.42,32.16,44.86,54.8,44.1,2.97,56.8,27700,Caution,Yellow,12216.0,1.14,0.08
40,Ward 40,2026-08-19,35.13,68.97,32.1,44.67,54.2,44.0,2.83,58.1,20549,Caution,Yellow,9042.0,1.14,0.06
84,Ward 84,2026-08-19,34.82,69.86,32.08,44.52,54.0,43.9,2.62,58.6,19230,Caution,Yellow,8442.0,1.14,0.05
9,Ward 9,2026-08-19,35.22,69.13,32.2,44.83,55.2,43.6,2.82,53.2,16420,Caution,Yellow,7159.0,1.14,0.04
76,Ward 76,2026-08-19,34.95,69.35,32.13,44.68,54.5,43.6,2.75,55.5,21946,Caution,Yellow,9568.0,1.14,0.06
73,Ward 73,2026-08-19,34.87,69.67,32.1,44.58,54.2,43.4,2.67,55.8,23512,Caution,Yellow,10204.0,1.14,0.06
22,Ward 22,2026-08-19,34.91,70.37,32.05,44.39,53.6,43.2,2.51,56.7,15730,Caution,Yellow,6795.0,1.14,0.04
82,Ward 82,2026-08-19,34.84,69.78,32.08,44.54,54.0,43.2,2.64,55.7,38838,Caution,Yellow,16778.0,1.14,0.1
85,Ward 85,2026-08-19,34.81,69.9,32.07,44.49,53.9,43.2,2.61,56.0,29566,Caution,Yellow,12773.0,1.14,0.08
30,Ward 30,2026-08-19,35.1,69.08,32.08,44.63,54.0,43.1,2.8,55.1,30050,Caution,Yellow,12952.0,1.14,0.08
47,Ward 47,2026-08-19,34.94,70.25,32.07,44.44,53.9,42.9,2.54,54.7,14684,Caution,Yellow,6299.0,1.14,0.04
36,Ward 36,2026-08-19,34.4,71.88,31.73,43.64,50.3,42.8,2.1,66.9,27238,Caution,Yellow,11658.0,1.13,0.07
59,Ward 59,2026-08-19,34.76,70.61,31.97,44.45,52.8,42.8,2.46,57.8,70261,Caution,Yellow,30072.0,1.13,0.18
50,Ward 50,2026-08-19,34.83,69.81,32.08,44.55,54.0,42.6,2.63,53.0,17251,Caution,Yellow,7349.0,1.14,0.05
14,Ward 14,2026-08-19,35.01,69.43,32.03,44.49,53.4,42.4,2.71,54.2,53343,Caution,Yellow,22617.0,1.13,0.14
17,Ward 17,2026-08-19,35.14,68.93,32.11,44.7,54.3,42.3,2.84,51.0,21023,Caution,Yellow,8893.0,1.14,0.06
81,Ward 81,2026-08-19,34.64,70.57,31.98,44.25,52.9,42.2,2.44,55.1,41501,Caution,Yellow,17513.0,1.13,0.11
3,Ward 3,2026-08-19,34.88,69.96,31.97,44.33,52.8,42.0,2.58,54.4,53855,Caution,Yellow,22619.0,1.13,0.14
8,Ward 8,2026-08-19,35.08,69.16,32.07,44.61,53.9,42.0,2.78,50.9,18760,Caution,Yellow,7879.0,1.14,0.05
13,Ward 13,2026-08-19,34.82,70.19,31.94,44.24,52.5,42.0,2.52,55.4,33066,Caution,Yellow,13888.0,1.13,0.09
27,Ward 27,2026-08-19,34.93,69.74,32.0,44.39,53.1,42.0,2.63,53.7,19350,Caution,Yellow,8127.0,1.13,0.05
133,Ward 133,2026-08-19,34.57,70.85,31.95,44.18,52.6,42.0,2.37,55.1,25588,Caution,Yellow,10747.0,1.13,0.07
91,Ward 91,2026-08-19,34.83,70.33,32.01,44.57,53.2,41.8,2.53,52.5,38450,Caution,Yellow,16072.0,1.13,0.1
7,Ward 7,2026-08-19,34.91,69.83,31.99,44.37,53.0,41.7,2.61,52.6,19180,Caution,Yellow,7998.0,1.13,0.05
132,Ward 132,2026-08-19,34.58,70.82,31.95,44.16,52.6,41.7,2.38,53.9,26274,Caution,Yellow,10956.0,1.13,0.07
1,Ward 1,2026-08-19,34.83,70.15,31.95,44.27,52.6,41.6,2.53,53.6,53125,Caution,Yellow,22100.0,1.13,0.14
15,Ward 15,2026-08-19,34.91,69.83,31.99,44.37,53.0,41.6,2.61,52.4,23922,Caution,Yellow,9952.0,1.13,0.06
67,Ward 67,2026-08-19,34.71,70.8,31.95,44.39,52.6,41.6,2.41,53.4,56284,Caution,Yellow,23414.0,1.13,0.15
51,Ward 51,2026-08-19,34.76,70.1,32.04,44.43,53.5,41.5,2.56,50.0,13556,Caution,Yellow,5626.0,1.13,0.04
72,Ward 72,2026-08-19,34.6,70.73,31.97,44.22,52.8,41.5,2.4,52.6,19167,Caution,Yellow,7954.0,1.13,0.05
138,Ward 138,2026-08-19,33.6,75.18,31.74,43.83,50.4,41.5,1.8,60.7,28858,Caution,Yellow,11976.0,1.13,0.07
117,Ward 117,2026-08-19,34.54,70.98,31.94,44.13,52.5,41.4,2.34,53.1,21824,Caution,Yellow,9035.0,1.13,0.06
35,Ward 35,2026-08-19,34.94,69.7,32.01,44.42,53.2,41.2,2.64,49.9,35024,Caution,Yellow,14430.0,1.13,0.09
34,Ward 34,2026-08-19,34.86,70.2,32.02,44.62,53.3,41.1,2.56,49.0,29773,Caution,Yellow,12237.0,1.13,0.08
55,Ward 55,2026-08-19,34.62,71.17,31.9,44.25,52.1,41.1,2.32,52.9,32254,Caution,Yellow,13256.0,1.13,0.08
99,Ward 99,2026-08-19,34.71,71.1,32.04,44.89,53.5,41.1,2.41,48.4,26739,Caution,Yellow,10990.0,1.13,0.07
4,Ward 4,2026-08-19,34.81,70.23,31.93,44.21,52.4,41.0,2.51,51.5,34476,Caution,Yellow,14135.0,1.13,0.09
64,Ward 64,2026-08-19,34.55,71.46,31.87,44.18,51.7,41.0,2.25,54.1,31280,Caution,Yellow,12825.0,1.13,0.08
89,Ward 89,2026-08-19,34.63,70.62,31.98,44.27,52.9,41.0,2.43,50.0,22304,Caution,Yellow,9145.0,1.13,0.06
118,Ward 118,2026-08-19,34.5,71.15,31.91,44.06,52.2,41.0,2.3,52.3,21810,Caution,Yellow,8942.0,1.13,0.06
120,Ward 120,2026-08-19,34.57,70.85,31.95,44.18,52.6,40.7,2.37,49.9,19710,Caution,Yellow,8022.0,1.13,0.05
103,Ward 103,2026-08-19,34.61,71.51,31.99,44.76,53.0,40.4,2.31,47.3,25428,Caution,Yellow,10273.0,1.13,0.07
71,Ward 71,2026-08-19,34.48,71.23,31.91,44.04,52.2,40.0,2.28,48.2,29922,Caution,Yellow,11969.0,1.13,0.08
101,Ward 101,2026-08-19,34.5,71.97,31.94,44.61,52.5,40.0,2.2,47.2,40208,Caution,Yellow,16083.0,1.13,0.1
130,Ward 130,2026-08-19,34.4,71.55,31.87,43.93,51.7,40.0,2.2,49.8,23227,Caution,Yellow,9291.0,1.13,0.06
95,Ward 95,2026-08-19,34.49,71.4,31.91,44.38,52.2,39.9,2.29,47.6,26737,Caution,Yellow,10668.0,1.13,0.07
96,Ward 96,2026-08-19,34.53,71.24,31.92,44.41,52.3,39.9,2.33,47.3,31033,Caution,Yellow,12382.0,1.13,0.08
12,Ward 12,2026-08-19,34.51,71.43,31.79,43.79,50.9,39.7,2.21,51.1,21493,Caution,Yellow,8533.0,1.13,0.05
98,Ward 98,2026-08-19,34.53,71.24,31.92,44.41,52.3,39.7,2.33,46.3,31708,Caution,Yellow,12588.0,1.13,0.08
105,Ward 105,2026-08-19,34.68,70.94,31.93,44.35,52.4,39.6,2.38,45.8,21267,Caution,Yellow,8422.0,1.13,0.06
131,Ward 131,2026-08-19,34.35,71.76,31.84,43.87,51.4,39.6,2.15,48.9,30911,Caution,Yellow,12241.0,1.13,0.08
32,Ward 32,2026-08-19,34.3,72.3,31.69,43.51,49.8,39.5,2.0,54.1,45636,Caution,Yellow,18026.0,1.12,0.11
68,Ward 68,2026-08-19,34.43,71.96,31.81,43.99,51.1,39.5,2.13,49.4,20724,Caution,Yellow,8186.0,1.13,0.05
116,Ward 116,2026-08-19,34.29,72.21,31.8,44.08,51.0,39.5,2.09,49.7,28338,Caution,Yellow,11194.0,1.13,0.07
6,Ward 6,2026-08-19,34.33,72.18,31.7,43.56,50.0,39.4,2.03,52.9,42346,Caution,Yellow,16684.0,1.12,0.1
31,Ward 31,2026-08-19,34.5,71.48,31.78,43.76,50.8,39.4,2.2,50.1,39025,Caution,Yellow,15376.0,1.13,0.1
69,Ward 69,2026-08-19,34.18,72.45,31.76,43.62,50.6,39.4,1.98,50.6,44111,Caution,Yellow,17380.0,1.13,0.11
136,Ward 136,2026-08-19,34.17,72.5,31.75,43.59,50.5,39.4,1.97,51.0,21482,Caution,Yellow,8464.0,1.13,0.05
139,Ward 139,2026-08-19,33.2,76.94,31.54,43.23,48.3,39.3,1.4,58.5,42014,Caution,Yellow,16512.0,1.12,0.1
93,Ward 93,2026-08-19,34.32,71.87,31.83,43.82,51.3,39.2,2.12,47.7,44364,Caution,Yellow,17391.0,1.13,0.11
102,Ward 102,2026-08-19,34.4,72.37,31.88,44.43,51.8,39.1,2.1,45.5,21503,Caution,Yellow,8408.0,1.13,0.06
119,Ward 119,2026-08-19,34.36,71.71,31.84,43.86,51.4,39.1,2.16,46.9,16491,Caution,Yellow,6448.0,1.13,0.04
137,Ward 137,2026-08-19,33.81,74.0,31.57,43.06,48.6,39.1,1.61,56.7,19385,Caution,Yellow,7580.0,1.12,0.05
2,Ward 2,2026-08-19,34.61,71.02,31.83,43.92,51.3,38.9,2.31,46.3,48190,Caution,Yellow,18746.0,1.13,0.12
104,Ward 104,2026-08-19,34.61,71.22,31.9,44.27,52.1,38.9,2.31,43.9,33185,Caution,Yellow,12909.0,1.13,0.09
112,Ward 112,2026-08-19,34.24,72.44,31.78,44.02,50.8,38.8,2.04,47.5,32404,Caution,Yellow,12573.0,1.13,0.08
113,Ward 113,2026-08-19,34.21,72.55,31.77,43.97,50.7,38.8,2.01,47.7,33475,Caution,Yellow,12988.0,1.13,0.08
115,Ward 115,2026-08-19,34.3,72.2,31.81,44.11,51.1,38.7,2.1,46.0,31919,Caution,Yellow,12353.0,1.13,0.08
129,Ward 129,2026-08-19,34.18,72.45,31.76,43.62,50.6,38.7,1.98,47.9,39654,Caution,Yellow,15346.0,1.13,0.1
70,Ward 70,2026-08-19,34.26,72.13,31.8,43.73,51.0,38.6,2.06,46.0,18618,Caution,Yellow,7187.0,1.13,0.05
123,Ward 123,2026-08-19,34.2,72.6,31.76,43.94,50.6,38.6,2.0,47.5,35386,Caution,Yellow,13659.0,1.13,0.09
92,Ward 92,2026-08-19,34.44,71.9,31.81,44.02,51.1,38.4,2.14,44.8,36450,Caution,Yellow,13997.0,1.13,0.09
86,Ward 86,2026-08-19,34.13,72.65,31.73,43.56,50.3,38.3,1.93,47.1,19195,Caution,Yellow,7352.0,1.13,0.05
107,Ward 107,2026-08-19,34.2,72.9,31.7,43.69,50.0,38.3,1.9,47.8,54260,Caution,Yellow,20782.0,1.12,0.13
114,Ward 114,2026-08-19,34.14,72.84,31.72,43.85,50.2,38.3,1.94,47.4,41913,Caution,Yellow,16053.0,1.12,0.1
121,Ward 121,2026-08-19,34.12,72.93,31.72,43.83,50.2,38.3,1.92,47.5,29921,Caution,Yellow,11460.0,1.12,0.07
106,Ward 106,2026-08-19,34.3,72.49,31.74,43.81,50.4,38.2,2.0,46.1,40618,Caution,Yellow,15516.0,1.13,0.1
100,Ward 100,2026-08-19,34.25,72.99,31.81,44.24,51.1,38.1,1.95,43.6,25507,Caution,Yellow,9718.0,1.13,0.06
111,Ward 111,2026-08-19,34.12,73.54,31.75,44.06,50.5,38.1,1.82,45.5,38647,Caution,Yellow,14725.0,1.13,0.1
57,Ward 57,2026-08-19,34.02,73.65,31.6,43.4,48.9,38.0,1.72,50.6,49856,Caution,Yellow,18945.0,1.12,0.12
124,Ward 124,2026-08-19,34.03,73.31,31.68,43.73,49.7,38.0,1.83,47.9,39179,Caution,Yellow,14888.0,1.12,0.1
128,Ward 128,2026-08-19,34.12,72.93,31.72,43.83,50.2,38.0,1.92,46.1,32179,Caution,Yellow,12228.0,1.12,0.08
141,Ward 141,2026-08-19,32.98,77.91,31.44,42.9,47.3,37.9,1.18,55.9,41152,Caution,Yellow,15597.0,1.12,0.1
110,Ward 110,2026-08-19,34.03,73.93,31.7,43.91,50.0,37.6,1.73,44.7,27470,Caution,Yellow,10329.0,1.12,0.07
125,Ward 125,2026-08-19,34.01,73.38,31.66,43.67,49.5,37.6,1.81,46.6,44850,Caution,Yellow,16864.0,1.12,0.11
140,Ward 140,2026-08-19,32.87,78.41,31.38,42.71,46.6,37.5,1.07,56.8,30504,Caution,Yellow,11439.0,1.12,0.07
79,Ward 79,2026-08-19,33.65,74.68,31.5,42.87,47.9,37.0,1.45,49.2,44303,Caution,Yellow,16392.0,1.12,0.1
33,Ward 33,2026-08-19,33.99,73.78,31.58,43.35,48.7,36.1,1.69,42.5,45919,Caution,Yellow,16577.0,1.12,0.11
122,Ward 122,2026-08-19,33.75,74.49,31.54,43.31,48.3,36.1,1.55,43.9,39198,Caution,Yellow,14150.0,1.12,0.09
127,Ward 127,2026-08-19,33.77,74.4,31.54,43.33,48.3,36.1,1.57,44.0,43782,Caution,Yellow,15805.0,1.12,0.1
5,Ward 5,2026-08-19,34.0,73.55,31.54,43.07,48.3,35.7,1.7,42.1,23707,Caution,Yellow,8463.0,1.12,0.06
109,Ward 109,2026-08-19,33.44,76.45,31.41,43.07,47.0,35.6,1.14,46.2,64567,Caution,Yellow,22986.0,1.12,0.15
58,Ward 58,2026-08-19,33.25,76.97,31.22,42.29,45.0,35.2,0.95,51.8,88465,Caution,Yellow,31140.0,1.11,0.19
46,Ward 46,2026-08-19,33.23,76.51,31.29,42.25,45.7,35.1,1.03,48.6,12823,Caution,Yellow,4501.0,1.11,0.03
74,Ward 74,2026-08-19,33.41,75.71,31.38,42.51,46.6,35.1,1.21,45.1,42176,Caution,Yellow,14804.0,1.12,0.1
126,Ward 126,2026-08-19,33.62,75.04,31.47,43.13,47.6,35.0,1.42,41.4,31631,Caution,Yellow,11071.0,1.12,0.07
97,Ward 97,2026-08-19,33.55,75.34,31.43,43.0,47.2,33.9,1.35,37.4,37199,Caution,Yellow,12610.0,1.12,0.09
87,Ward 87,2026-08-19,33.25,76.41,31.3,42.27,45.8,33.1,1.05,38.2,12675,Caution,Yellow,4195.0,1.11,0.03
80,Ward 80,2026-08-19,32.24,80.99,30.79,40.73,40.7,31.8,0.04,51.2,31094,Caution,Yellow,9888.0,1.1,0.06
45,Ward 45,2026-08-19,32.4,81.25,30.81,40.66,40.9,31.6,0.0,49.3,8394,Caution,Yellow,2653.0,1.1,0.02
108,Ward 108,2026-08-19,32.66,79.64,30.93,41.37,42.1,31.5,0.36,44.3,64777,Caution,Yellow,20405.0,1.1,0.13
90,Ward 90,2026-08-19,32.65,79.1,31.0,41.38,42.8,30.5,0.45,36.3,18857,Caution,Yellow,5751.0,1.1,0.04
94,Ward 94,2026-08-19,32.77,78.8,31.05,41.87,43.3,30.5,0.57,34.3,27469,Caution,Yellow,8378.0,1.11,0.06
63,Ward 63,2026-08-19,32.28,80.8,30.82,40.81,41.0,30.1,0.08,41.1,24387,Caution,Yellow,7340.0,1.1,0.05
24,Ward 24,2026-08-20,36.47,68.12,33.52,46.06,69.9,63.8,3.47,80.5,19824,Danger,Orange,12648.0,1.18,0.07
23,Ward 23,2026-08-20,36.5,68.02,33.53,46.1,70.0,62.8,3.5,77.0,18256,Danger,Orange,11465.0,1.18,0.06
39,Ward 39,2026-08-20,36.24,69.01,33.39,45.75,68.4,61.5,3.24,77.7,21296,Danger,Orange,13097.0,1.17,0.07
18,Ward 18,2026-08-20,36.43,68.27,33.49,45.99,69.6,60.5,3.43,71.1,22267,Danger,Orange,13472.0,1.18,0.08
48,Ward 48,2026-08-20,36.32,68.7,33.44,45.85,69.0,59.9,3.32,70.7,20437,Danger,Orange,12242.0,1.18,0.07
42,Ward 42,2026-08-20,36.06,69.72,33.3,45.49,67.4,59.8,3.06,74.9,21746,Danger,Orange,13004.0,1.17,0.07
43,Ward 43,2026-08-20,36.17,69.28,33.36,45.63,68.1,59.5,3.17,71.9,17677,Danger,Orange,10518.0,1.17,0.06
41,Ward 41,2026-08-20,36.06,69.72,33.3,45.49,67.4,57.9,3.06,68.6,19946,Danger,Orange,11549.0,1.17,0.07
49,Ward 49,2026-08-20,36.52,68.51,32.89,45.76,62.8,57.9,3.22,82.7,19416,Danger,Orange,11242.0,1.16,0.06
19,Ward 19,2026-08-20,36.31,68.73,33.43,45.82,68.9,57.8,3.31,64.3,21158,Danger,Orange,12229.0,1.17,0.07
54,Ward 54,2026-08-20,36.29,68.9,33.14,46.54,65.6,57.5,3.39,72.5,36235,Danger,Orange,20835.0,1.17,0.12
26,Ward 26,2026-08-20,36.08,69.64,33.32,45.5,67.6,57.2,3.08,65.9,25371,Danger,Orange,14512.0,1.17,0.09
29,Ward 29,2026-08-20,36.59,68.25,32.93,45.89,63.2,57.0,3.29,78.3,53782,Danger,Orange,30656.0,1.16,0.17
25,Ward 25,2026-08-20,36.13,69.45,33.34,45.61,67.9,56.8,3.13,63.8,27484,Danger,Orange,15611.0,1.17,0.09
77,Ward 77,2026-08-20,35.8,68.94,33.07,46.35,64.8,56.7,3.4,72.2,45984,Danger,Orange,26073.0,1.16,0.15
21,Ward 21,2026-08-20,35.96,70.1,33.25,45.33,66.8,56.5,2.96,65.8,21187,Danger,Orange,11971.0,1.17,0.07
44,Ward 44,2026-08-20,35.87,70.47,33.21,45.24,66.4,56.0,2.87,65.2,29600,Danger,Orange,16576.0,1.17,0.1
20,Ward 20,2026-08-20,36.06,69.72,33.3,45.49,67.4,55.8,3.06,61.7,21576,Danger,Orange,12039.0,1.17,0.07
28,Ward 28,2026-08-20,36.62,68.13,32.94,45.94,63.4,55.6,3.32,72.7,38110,Danger,Orange,21189.0,1.16,0.12
62,Ward 62,2026-08-20,35.7,69.32,33.02,46.19,64.3,55.2,3.3,68.4,34832,Danger,Orange,19227.0,1.16,0.11
37,Ward 37,2026-08-20,36.46,68.75,32.87,45.72,62.6,54.2,3.16,70.2,24020,Danger,Orange,13019.0,1.16,0.07
78,Ward 78,2026-08-20,35.58,69.8,32.97,46.01,63.7,54.2,3.18,66.7,54090,Danger,Orange,29317.0,1.16,0.17
135,Ward 135,2026-08-20,35.08,71.79,32.71,45.32,60.8,53.1,2.68,71.9,33258,Danger,Orange,17660.0,1.15,0.1
60,Ward 60,2026-08-20,35.84,70.68,32.91,45.91,63.0,53.0,2.94,64.6,35732,Danger,Orange,18938.0,1.16,0.11
65,Ward 65,2026-08-20,35.8,70.85,32.9,45.83,62.9,52.8,2.9,64.2,72427,Danger,Orange,38241.0,1.16,0.23
66,Ward 66,2026-08-20,35.75,71.04,32.87,45.76,62.6,52.5,2.85,64.3,98024,Danger,Orange,51463.0,1.16,0.31
9,Ward 9,2026-08-20,35.82,70.67,33.19,45.14,66.2,52.3,2.82,53.2,16420,Danger,Orange,8588.0,1.17,0.05
52,Ward 52,2026-08-20,35.47,70.24,32.91,45.86,63.0,52.3,3.07,62.4,16869,Danger,Orange,8822.0,1.16,0.05
134,Ward 134,2026-08-20,34.85,72.75,32.59,44.98,59.5,52.1,2.45,72.2,35780,Danger,Orange,18641.0,1.15,0.11
22,Ward 22,2026-08-20,35.51,71.92,33.04,44.7,64.5,51.9,2.51,56.7,15730,Danger,Orange,8164.0,1.16,0.05
53,Ward 53,2026-08-20,35.49,70.16,32.91,45.88,63.0,51.6,3.09,59.7,25598,Danger,Orange,13209.0,1.16,0.08
56,Ward 56,2026-08-20,35.85,70.65,32.92,45.95,63.1,51.5,2.95,59.2,43622,Danger,Orange,22465.0,1.16,0.14
47,Ward 47,2026-08-20,35.54,71.79,33.05,44.75,64.6,51.4,2.54,54.7,14684,Danger,Orange,7548.0,1.16,0.05
16,Ward 16,2026-08-20,36.36,69.14,32.81,45.54,61.9,51.0,3.06,60.7,20904,Danger,Orange,10661.0,1.16,0.06
11,Ward 11,2026-08-20,36.36,69.14,32.81,45.54,61.9,50.5,3.06,59.0,22152,Danger,Orange,11187.0,1.16,0.07
61,Ward 61,2026-08-20,35.11,71.68,32.72,45.37,60.9,50.4,2.71,61.6,29704,Danger,Orange,14971.0,1.15,0.09
75,Ward 75,2026-08-20,35.11,71.68,32.72,45.37,60.9,50.2,2.71,61.0,26925,Danger,Orange,13516.0,1.15,0.08
138,Ward 138,2026-08-20,33.8,78.4,32.73,44.95,61.0,50.2,1.8,60.7,28858,Danger,Orange,14487.0,1.15,0.09
38,Ward 38,2026-08-20,36.22,69.68,32.74,45.38,61.1,50.0,2.92,59.7,28791,Danger,Orange,14396.0,1.15,0.09
88,Ward 88,2026-08-20,35.2,71.31,32.77,45.51,61.5,49.9,2.8,58.0,23672,Caution,Yellow,11812.0,1.16,0.07
95,Ward 95,2026-08-20,34.39,75.62,33.11,45.98,65.3,49.9,2.29,47.6,26737,Caution,Yellow,13342.0,1.16,0.09
96,Ward 96,2026-08-20,34.43,75.45,33.12,46.06,65.4,49.9,2.33,47.3,31033,Caution,Yellow,15485.0,1.16,0.1
83,Ward 83,2026-08-20,35.18,71.4,32.76,45.45,61.4,49.8,2.78,57.9,22163,Caution,Yellow,11037.0,1.16,0.07
98,Ward 98,2026-08-20,34.43,75.45,33.12,46.06,65.4,49.6,2.33,46.3,31708,Caution,Yellow,15727.0,1.16,0.1
116,Ward 116,2026-08-20,34.19,76.48,33.01,45.71,64.1,49.6,2.09,49.7,28338,Caution,Yellow,14056.0,1.16,0.09
10,Ward 10,2026-08-20,36.27,69.49,32.77,45.44,61.5,49.5,2.97,56.8,27700,Caution,Yellow,13712.0,1.16,0.08
99,Ward 99,2026-08-20,34.71,74.44,33.03,47.14,64.4,49.4,2.41,48.4,26739,Caution,Yellow,13209.0,1.16,0.09
40,Ward 40,2026-08-20,36.13,70.04,32.7,45.23,60.7,49.3,2.83,58.1,20549,Caution,Yellow,10131.0,1.15,0.06
84,Ward 84,2026-08-20,35.02,72.05,32.68,45.23,60.5,49.2,2.62,58.6,19230,Caution,Yellow,9461.0,1.15,0.06
59,Ward 59,2026-08-20,35.36,72.62,32.68,45.2,60.5,49.0,2.46,57.8,70261,Caution,Yellow,34428.0,1.15,0.21
76,Ward 76,2026-08-20,35.15,71.51,32.75,45.4,61.2,48.9,2.75,55.5,21946,Caution,Yellow,10732.0,1.16,0.07
103,Ward 103,2026-08-20,34.61,74.85,32.98,46.96,63.8,48.7,2.31,47.3,25428,Caution,Yellow,12383.0,1.16,0.08
112,Ward 112,2026-08-20,34.14,76.69,32.98,45.6,63.8,48.7,2.04,47.5,32404,Caution,Yellow,15781.0,1.16,0.1
113,Ward 113,2026-08-20,34.11,76.85,32.97,45.59,63.7,48.7,2.01,47.7,33475,Caution,Yellow,16302.0,1.16,0.11
115,Ward 115,2026-08-20,34.2,76.45,33.02,45.7,64.3,48.7,2.1,46.0,31919,Caution,Yellow,15545.0,1.16,0.1
123,Ward 123,2026-08-20,34.1,76.88,32.97,45.56,63.7,48.7,2.0,47.5,35386,Caution,Yellow,17233.0,1.16,0.11
73,Ward 73,2026-08-20,35.07,71.84,32.7,45.29,60.7,48.6,2.67,55.8,23512,Caution,Yellow,11427.0,1.15,0.07
82,Ward 82,2026-08-20,35.04,71.97,32.69,45.25,60.6,48.5,2.64,55.7,38838,Caution,Yellow,18836.0,1.15,0.12
30,Ward 30,2026-08-20,36.1,70.16,32.69,45.18,60.6,48.4,2.8,55.1,30050,Caution,Yellow,14544.0,1.15,0.09
85,Ward 85,2026-08-20,35.01,72.07,32.67,45.2,60.4,48.4,2.61,56.0,29566,Caution,Yellow,14310.0,1.15,0.09
114,Ward 114,2026-08-20,34.04,77.14,32.94,45.46,63.4,48.4,1.94,47.4,41913,Caution,Yellow,20286.0,1.16,0.13
121,Ward 121,2026-08-20,34.02,77.23,32.93,45.44,63.2,48.3,1.92,47.5,29921,Caution,Yellow,14452.0,1.16,0.09
36,Ward 36,2026-08-20,35.4,73.0,32.33,44.16,56.6,48.2,2.1,66.9,27238,Caution,Yellow,13129.0,1.14,0.08
101,Ward 101,2026-08-20,34.5,75.32,32.93,46.8,63.2,48.2,2.2,47.2,40208,Caution,Yellow,19380.0,1.16,0.13
124,Ward 124,2026-08-20,33.93,77.62,32.88,45.29,62.7,48.0,1.83,47.9,39179,Caution,Yellow,18806.0,1.16,0.12
91,Ward 91,2026-08-20,35.43,72.35,32.72,45.29,60.9,47.9,2.53,52.5,38450,Caution,Yellow,18418.0,1.15,0.12
128,Ward 128,2026-08-20,34.02,77.23,32.93,45.44,63.2,47.9,1.92,46.1,32179,Caution,Yellow,15414.0,1.16,0.1
50,Ward 50,2026-08-20,35.03,72.0,32.69,45.26,60.6,47.8,2.63,53.0,17251,Caution,Yellow,8246.0,1.15,0.05
139,Ward 139,2026-08-20,33.4,80.21,32.53,44.37,58.8,47.8,1.4,58.5,42014,Caution,Yellow,20083.0,1.15,0.12
14,Ward 14,2026-08-20,36.01,70.51,32.64,45.03,60.0,47.6,2.71,54.2,53343,Caution,Yellow,25391.0,1.15,0.16
81,Ward 81,2026-08-20,34.84,72.78,32.6,44.95,59.6,47.6,2.44,55.1,41501,Caution,Yellow,19754.0,1.15,0.12
125,Ward 125,2026-08-20,33.91,77.72,32.88,45.27,62.7,47.6,1.81,46.6,44850,Caution,Yellow,21349.0,1.16,0.14
67,Ward 67,2026-08-20,35.31,72.83,32.65,45.13,60.1,47.5,2.41,53.4,56284,Caution,Yellow,26735.0,1.15,0.17
17,Ward 17,2026-08-20,36.14,70.0,32.7,45.26,60.7,47.3,2.84,51.0,21023,Caution,Yellow,9944.0,1.15,0.06
102,Ward 102,2026-08-20,34.4,75.75,32.88,46.67,62.7,47.3,2.1,45.5,21503,Caution,Yellow,10171.0,1.16,0.07
3,Ward 3,2026-08-20,35.88,71.04,32.58,44.85,59.4,47.2,2.58,54.4,53855,Caution,Yellow,25420.0,1.15,0.16
133,Ward 133,2026-08-20,34.77,73.07,32.56,44.87,59.2,47.2,2.37,55.1,25588,Caution,Yellow,12078.0,1.15,0.08
8,Ward 8,2026-08-20,36.08,70.23,32.67,45.16,60.4,47.1,2.78,50.9,18760,Caution,Yellow,8836.0,1.15,0.06
13,Ward 13,2026-08-20,35.82,71.28,32.54,44.79,58.9,47.1,2.52,55.4,33066,Caution,Yellow,15574.0,1.15,0.1
27,Ward 27,2026-08-20,35.93,70.82,32.59,44.91,59.5,47.1,2.63,53.7,19350,Caution,Yellow,9114.0,1.15,0.06
64,Ward 64,2026-08-20,35.15,73.5,32.57,44.88,59.3,47.1,2.25,54.1,31280,Caution,Yellow,14733.0,1.15,0.09
34,Ward 34,2026-08-20,35.46,72.21,32.73,45.34,61.0,47.0,2.56,49.0,29773,Caution,Yellow,13993.0,1.15,0.09
55,Ward 55,2026-08-20,35.22,73.21,32.61,45.02,59.7,47.0,2.32,52.9,32254,Caution,Yellow,15159.0,1.15,0.1
7,Ward 7,2026-08-20,35.91,70.92,32.59,44.9,59.5,46.8,2.61,52.6,19180,Caution,Yellow,8976.0,1.15,0.06
15,Ward 15,2026-08-20,35.91,70.92,32.59,44.9,59.5,46.8,2.61,52.4,23922,Caution,Yellow,11195.0,1.15,0.07
132,Ward 132,2026-08-20,34.78,73.03,32.55,44.9,59.0,46.8,2.38,53.9,26274,Caution,Yellow,12296.0,1.15,0.08
1,Ward 1,2026-08-20,35.83,71.24,32.55,44.78,59.0,46.7,2.53,53.6,53125,Caution,Yellow,24809.0,1.15,0.16
72,Ward 72,2026-08-20,34.8,72.96,32.57,44.92,59.3,46.7,2.4,52.6,19167,Caution,Yellow,8951.0,1.15,0.06
51,Ward 51,2026-08-20,34.96,72.29,32.65,45.14,60.1,46.6,2.56,50.0,13556,Caution,Yellow,6317.0,1.15,0.04
117,Ward 117,2026-08-20,34.74,73.2,32.54,44.83,58.9,46.5,2.34,53.1,21824,Caution,Yellow,10148.0,1.15,0.06
35,Ward 35,2026-08-20,35.94,70.8,32.6,44.95,59.6,46.2,2.64,49.9,35024,Caution,Yellow,16181.0,1.15,0.1
89,Ward 89,2026-08-20,34.83,72.81,32.59,44.97,59.5,46.1,2.43,50.0,22304,Caution,Yellow,10282.0,1.15,0.07
100,Ward 100,2026-08-20,34.25,76.41,32.8,46.47,61.8,46.1,1.95,43.6,25507,Caution,Yellow,11759.0,1.16,0.08
111,Ward 111,2026-08-20,34.12,76.97,32.74,46.29,61.1,46.1,1.82,45.5,38647,Caution,Yellow,17816.0,1.15,0.12
118,Ward 118,2026-08-20,34.7,73.36,32.52,44.79,58.7,46.1,2.3,52.3,21810,Caution,Yellow,10054.0,1.15,0.06
141,Ward 141,2026-08-20,33.18,81.23,32.41,44.04,57.5,46.1,1.18,55.9,41152,Caution,Yellow,18971.0,1.14,0.12
4,Ward 4,2026-08-20,35.81,71.32,32.54,44.76,58.9,46.0,2.51,51.5,34476,Caution,Yellow,15859.0,1.15,0.1
140,Ward 140,2026-08-20,33.07,81.73,32.37,43.85,57.1,46.0,1.07,56.8,30504,Caution,Yellow,14032.0,1.14,0.09
120,Ward 120,2026-08-20,34.77,73.07,32.56,44.87,59.2,45.9,2.37,49.9,19710,Caution,Yellow,9047.0,1.15,0.06
127,Ward 127,2026-08-20,33.67,78.79,32.76,44.95,61.4,45.9,1.57,44.0,43782,Caution,Yellow,20096.0,1.16,0.13
122,Ward 122,2026-08-20,33.65,78.88,32.74,44.88,61.1,45.7,1.55,43.9,39198,Caution,Yellow,17913.0,1.15,0.12
110,Ward 110,2026-08-20,34.03,77.37,32.69,46.14,60.6,45.5,1.73,44.7,27470,Caution,Yellow,12499.0,1.15,0.08
68,Ward 68,2026-08-20,35.03,74.01,32.51,44.72,58.6,45.3,2.13,49.4,20724,Caution,Yellow,9388.0,1.15,0.06
105,Ward 105,2026-08-20,35.28,72.95,32.63,45.08,59.9,45.3,2.38,45.8,21267,Caution,Yellow,9634.0,1.15,0.06
130,Ward 130,2026-08-20,34.6,73.78,32.47,44.62,58.2,45.1,2.2,49.8,23227,Caution,Yellow,10475.0,1.15,0.07
71,Ward 71,2026-08-20,34.68,73.44,32.51,44.73,58.6,44.9,2.28,48.2,29922,Caution,Yellow,13435.0,1.15,0.09
131,Ward 131,2026-08-20,34.55,73.99,32.45,44.55,58.0,44.7,2.15,48.9,30911,Caution,Yellow,13817.0,1.15,0.09
12,Ward 12,2026-08-20,35.51,72.54,32.38,44.33,57.2,44.6,2.21,51.1,21493,Caution,Yellow,9586.0,1.14,0.06
104,Ward 104,2026-08-20,35.21,73.25,32.6,44.99,59.6,44.6,2.31,43.9,33185,Caution,Yellow,14801.0,1.15,0.1
32,Ward 32,2026-08-20,35.3,73.42,32.28,44.01,56.1,44.5,2.0,54.1,45636,Caution,Yellow,20308.0,1.14,0.13
126,Ward 126,2026-08-20,33.52,79.46,32.68,44.68,60.5,44.5,1.42,41.4,31631,Caution,Yellow,14076.0,1.15,0.1
136,Ward 136,2026-08-20,34.37,74.76,32.36,44.31,57.0,44.4,1.97,51.0,21482,Caution,Yellow,9538.0,1.14,0.06
6,Ward 6,2026-08-20,35.33,73.28,32.29,44.06,56.2,44.3,2.03,52.9,42346,Caution,Yellow,18759.0,1.14,0.12
31,Ward 31,2026-08-20,35.5,72.59,32.37,44.3,57.1,44.3,2.2,50.1,39025,Caution,Yellow,17288.0,1.14,0.11
69,Ward 69,2026-08-20,34.38,74.71,32.36,44.29,57.0,44.3,1.98,50.6,44111,Caution,Yellow,19541.0,1.14,0.12
137,Ward 137,2026-08-20,34.01,76.3,32.18,43.75,55.0,44.3,1.61,56.7,19385,Caution,Yellow,8588.0,1.14,0.05
92,Ward 92,2026-08-20,35.04,73.97,32.52,44.75,58.7,44.1,2.14,44.8,36450,Caution,Yellow,16074.0,1.15,0.11
93,Ward 93,2026-08-20,34.52,74.11,32.43,44.51,57.7,44.1,2.12,47.7,44364,Caution,Yellow,19565.0,1.14,0.13
119,Ward 119,2026-08-20,34.56,73.95,32.44,44.59,57.8,44.0,2.16,46.9,16491,Caution,Yellow,7256.0,1.15,0.05
57,Ward 57,2026-08-20,34.62,75.75,32.31,44.08,56.4,43.9,1.72,50.6,49856,Caution,Yellow,21887.0,1.14,0.14
106,Ward 106,2026-08-20,34.9,74.56,32.45,44.52,58.0,43.9,2.0,46.1,40618,Caution,Yellow,17831.0,1.15,0.12
2,Ward 2,2026-08-20,35.61,72.13,32.43,44.48,57.7,43.8,2.31,46.3,48190,Caution,Yellow,21107.0,1.14,0.14
107,Ward 107,2026-08-20,34.8,74.98,32.39,44.37,57.3,43.8,1.9,47.8,54260,Caution,Yellow,23766.0,1.14,0.15
129,Ward 129,2026-08-20,34.38,74.71,32.36,44.29,57.0,43.6,1.98,47.9,39654,Caution,Yellow,17289.0,1.14,0.11
70,Ward 70,2026-08-20,34.46,74.37,32.4,44.41,57.4,43.5,2.06,46.0,18618,Caution,Yellow,8099.0,1.14,0.05
109,Ward 109,2026-08-20,33.44,80.02,32.4,45.27,57.4,43.5,1.14,46.2,64567,Caution,Yellow,28087.0,1.14,0.18
86,Ward 86,2026-08-20,34.33,74.92,32.34,44.23,56.8,43.3,1.93,47.1,19195,Caution,Yellow,8311.0,1.14,0.05
97,Ward 97,2026-08-20,33.45,79.78,32.65,44.59,60.1,43.2,1.35,37.4,37199,Caution,Yellow,16070.0,1.15,0.11
79,Ward 79,2026-08-20,33.85,77.0,32.1,43.56,54.2,41.8,1.45,49.2,44303,Caution,Yellow,18519.0,1.14,0.12
33,Ward 33,2026-08-20,34.59,75.88,32.29,44.07,56.2,41.7,1.69,42.5,45919,Caution,Yellow,19148.0,1.14,0.13
58,Ward 58,2026-08-20,33.85,79.15,31.92,42.89,52.3,41.0,0.95,51.8,88465,Caution,Yellow,36271.0,1.13,0.23
5,Ward 5,2026-08-20,35.0,74.68,32.13,43.56,54.5,40.3,1.7,42.1,23707,Caution,Yellow,9554.0,1.14,0.06
46,Ward 46,2026-08-20,33.43,78.87,31.88,42.91,51.8,39.8,1.03,48.6,12823,Caution,Yellow,5104.0,1.13,0.03
74,Ward 74,2026-08-20,33.61,78.06,31.97,43.18,52.8,39.8,1.21,45.1,42176,Caution,Yellow,16786.0,1.13,0.11
94,Ward 94,2026-08-20,32.67,83.45,32.27,43.41,56.0,39.4,0.57,34.3,27469,Caution,Yellow,10823.0,1.14,0.08
45,Ward 45,2026-08-20,33.0,83.02,31.78,41.01,50.8,39.2,0.0,49.3,8394,Caution,Yellow,3290.0,1.13,0.02
87,Ward 87,2026-08-20,33.45,78.79,31.9,42.93,52.1,37.6,1.05,38.2,12675,Caution,Yellow,4766.0,1.13,0.03
108,Ward 108,2026-08-20,33.26,81.9,31.62,41.94,49.1,36.8,0.36,44.3,64777,Caution,Yellow,23838.0,1.12,0.16
80,Ward 80,2026-08-20,32.44,83.5,31.39,41.39,46.7,36.4,0.04,51.2,31094,Caution,Yellow,11318.0,1.12,0.07
90,Ward 90,2026-08-20,32.85,81.54,31.6,42.04,48.9,34.9,0.45,36.3,18857,Caution,Yellow,6581.0,1.12,0.05
63,Ward 63,2026-08-20,32.48,83.3,31.41,41.45,47.0,34.5,0.08,41.1,24387,Caution,Yellow,8414.0,1.12,0.06
24,Ward 24,2026-08-21,36.67,70.67,33.81,49.68,73.3,66.9,3.47,80.5,19824,Danger,Orange,13262.0,1.19,0.07
23,Ward 23,2026-08-21,36.7,70.54,33.83,49.72,73.5,65.9,3.5,77.0,18256,Danger,Orange,12031.0,1.19,0.07
77,Ward 77,2026-08-21,36.6,71.1,33.95,49.98,74.9,65.5,3.4,72.2,45984,Danger,Orange,30120.0,1.19,0.17
39,Ward 39,2026-08-21,36.44,71.57,33.69,49.33,71.9,64.7,3.24,77.7,21296,Danger,Orange,13779.0,1.18,0.08
62,Ward 62,2026-08-21,36.5,71.48,33.9,49.82,74.3,63.7,3.3,68.4,34832,Danger,Orange,22188.0,1.19,0.13
18,Ward 18,2026-08-21,36.63,70.81,33.79,49.61,73.1,63.6,3.43,71.1,22267,Danger,Orange,14162.0,1.18,0.08
42,Ward 42,2026-08-21,36.26,72.3,33.6,49.09,70.9,62.9,3.06,74.9,21746,Danger,Orange,13678.0,1.18,0.08
48,Ward 48,2026-08-21,36.52,71.26,33.74,49.48,72.5,62.9,3.32,70.7,20437,Danger,Orange,12855.0,1.18,0.07
43,Ward 43,2026-08-21,36.37,71.86,33.67,49.28,71.7,62.6,3.17,71.9,17677,Danger,Orange,11066.0,1.18,0.06
78,Ward 78,2026-08-21,36.38,71.98,33.84,49.66,73.6,62.6,3.18,66.7,54090,Danger,Orange,33860.0,1.19,0.2
54,Ward 54,2026-08-21,36.79,71.47,33.58,49.25,70.6,61.9,3.39,72.5,36235,Danger,Orange,22429.0,1.18,0.13
135,Ward 135,2026-08-21,35.88,74.02,33.6,48.97,70.9,61.9,2.68,71.9,33258,Danger,Orange,20587.0,1.18,0.12
49,Ward 49,2026-08-21,36.52,71.9,33.2,47.98,66.3,61.1,3.22,82.7,19416,Danger,Orange,11863.0,1.17,0.06
41,Ward 41,2026-08-21,36.26,72.3,33.6,49.09,70.9,60.9,3.06,68.6,19946,Danger,Orange,12147.0,1.18,0.07
134,Ward 134,2026-08-21,35.65,75.0,33.49,48.66,69.6,60.9,2.45,72.2,35780,Danger,Orange,21790.0,1.18,0.12
19,Ward 19,2026-08-21,36.51,71.3,33.73,49.45,72.4,60.8,3.31,64.3,21158,Danger,Orange,12864.0,1.18,0.08
52,Ward 52,2026-08-21,36.27,72.43,33.79,49.53,73.1,60.7,3.07,62.4,16869,Danger,Orange,10239.0,1.18,0.06
26,Ward 26,2026-08-21,36.28,72.23,33.61,49.1,71.0,60.1,3.08,65.9,25371,Danger,Orange,15248.0,1.18,0.09
29,Ward 29,2026-08-21,36.59,71.62,33.23,48.09,66.6,60.1,3.29,78.3,53782,Danger,Orange,32323.0,1.17,0.18
53,Ward 53,2026-08-21,36.29,72.35,33.8,49.53,73.2,59.9,3.09,59.7,25598,Danger,Orange,15333.0,1.18,0.09
25,Ward 25,2026-08-21,36.33,72.03,33.64,49.21,71.3,59.7,3.13,63.8,27484,Danger,Orange,16408.0,1.18,0.1
21,Ward 21,2026-08-21,36.16,72.71,33.55,48.94,70.3,59.5,2.96,65.8,21187,Danger,Orange,12606.0,1.18,0.07
44,Ward 44,2026-08-21,36.07,73.08,33.51,48.81,69.8,58.9,2.87,65.2,29600,Danger,Orange,17434.0,1.18,0.1
20,Ward 20,2026-08-21,36.26,72.3,33.6,49.09,70.9,58.7,3.06,61.7,21576,Danger,Orange,12665.0,1.18,0.08
61,Ward 61,2026-08-21,35.91,73.91,33.61,49.02,71.0,58.7,2.71,61.6,29704,Danger,Orange,17436.0,1.18,0.11
28,Ward 28,2026-08-21,36.62,71.5,33.24,48.14,66.7,58.5,3.32,72.7,38110,Danger,Orange,22294.0,1.17,0.13
75,Ward 75,2026-08-21,35.91,73.91,33.61,49.02,71.0,58.5,2.71,61.0,26925,Danger,Orange,15751.0,1.18,0.1
88,Ward 88,2026-08-21,36.0,73.54,33.66,49.15,71.5,58.0,2.8,58.0,23672,Danger,Orange,13730.0,1.18,0.08
83,Ward 83,2026-08-21,35.98,73.63,33.65,49.14,71.4,57.9,2.78,57.9,22163,Danger,Orange,12832.0,1.18,0.08
84,Ward 84,2026-08-21,35.82,74.29,33.57,48.89,70.5,57.4,2.62,58.6,19230,Danger,Orange,11038.0,1.18,0.07
60,Ward 60,2026-08-21,36.34,73.3,33.35,48.61,68.0,57.2,2.94,64.6,35732,Danger,Orange,20439.0,1.17,0.12
37,Ward 37,2026-08-21,36.46,72.15,33.16,47.9,65.8,57.0,3.16,70.2,24020,Danger,Orange,13691.0,1.17,0.08
65,Ward 65,2026-08-21,36.3,73.45,33.34,48.54,67.9,57.0,2.9,64.2,72427,Danger,Orange,41283.0,1.17,0.25
76,Ward 76,2026-08-21,35.95,73.74,33.64,49.09,71.3,57.0,2.75,55.5,21946,Danger,Orange,12509.0,1.18,0.08
66,Ward 66,2026-08-21,36.25,73.67,33.31,48.49,67.5,56.7,2.85,64.3,98024,Danger,Orange,55580.0,1.17,0.33
73,Ward 73,2026-08-21,35.87,74.07,33.59,48.94,70.7,56.6,2.67,55.8,23512,Danger,Orange,13308.0,1.18,0.08
85,Ward 85,2026-08-21,35.81,74.32,33.56,48.85,70.4,56.5,2.61,56.0,29566,Danger,Orange,16705.0,1.18,0.1
82,Ward 82,2026-08-21,35.84,74.2,33.57,48.9,70.5,56.4,2.64,55.7,38838,Danger,Orange,21905.0,1.18,0.14
50,Ward 50,2026-08-21,35.83,74.24,33.58,48.92,70.6,55.7,2.63,53.0,17251,Danger,Orange,9609.0,1.18,0.06
56,Ward 56,2026-08-21,36.35,73.24,33.36,48.64,68.1,55.6,2.95,59.2,43622,Danger,Orange,24254.0,1.17,0.15
81,Ward 81,2026-08-21,35.64,75.04,33.48,48.62,69.5,55.5,2.44,55.1,41501,Danger,Orange,23033.0,1.18,0.14
138,Ward 138,2026-08-21,34.7,80.4,33.26,47.95,67.0,55.2,1.8,60.7,28858,Danger,Orange,15930.0,1.17,0.1
133,Ward 133,2026-08-21,35.57,75.34,33.45,48.56,69.1,55.1,2.37,55.1,25588,Danger,Orange,14099.0,1.18,0.09
9,Ward 9,2026-08-21,36.02,73.28,33.49,48.76,69.6,54.9,2.82,53.2,16420,Danger,Orange,9015.0,1.18,0.06
132,Ward 132,2026-08-21,35.58,75.29,33.45,48.54,69.1,54.8,2.38,53.9,26274,Danger,Orange,14398.0,1.18,0.09
22,Ward 22,2026-08-21,35.71,74.58,33.34,48.36,67.9,54.7,2.51,56.7,15730,Danger,Orange,8604.0,1.17,0.05
51,Ward 51,2026-08-21,35.76,74.53,33.54,48.8,70.2,54.4,2.56,50.0,13556,Danger,Orange,7374.0,1.18,0.05
72,Ward 72,2026-08-21,35.6,75.23,33.46,48.6,69.2,54.4,2.4,52.6,19167,Danger,Orange,10427.0,1.18,0.07
117,Ward 117,2026-08-21,35.54,75.46,33.43,48.51,68.9,54.4,2.34,53.1,21824,Danger,Orange,11872.0,1.17,0.08
47,Ward 47,2026-08-21,35.74,74.45,33.36,48.4,68.1,54.2,2.54,54.7,14684,Danger,Orange,7959.0,1.17,0.05
118,Ward 118,2026-08-21,35.5,75.63,33.41,48.43,68.7,54.0,2.3,52.3,21810,Danger,Orange,11777.0,1.17,0.07
89,Ward 89,2026-08-21,35.63,75.08,33.48,48.65,69.5,53.9,2.43,50.0,22304,Danger,Orange,12022.0,1.18,0.08
16,Ward 16,2026-08-21,36.36,72.55,33.12,47.75,65.4,53.8,3.06,60.7,20904,Danger,Orange,11246.0,1.16,0.07
120,Ward 120,2026-08-21,35.57,75.34,33.45,48.56,69.1,53.5,2.37,49.9,19710,Danger,Orange,10545.0,1.18,0.07
11,Ward 11,2026-08-21,36.36,72.55,33.12,47.75,65.4,53.3,3.06,59.0,22152,Danger,Orange,11807.0,1.16,0.07
96,Ward 96,2026-08-21,35.53,76.64,33.49,48.92,69.6,53.1,2.33,47.3,31033,Danger,Orange,16479.0,1.18,0.11
59,Ward 59,2026-08-21,35.86,75.3,33.11,47.97,65.3,52.9,2.46,57.8,70261,Danger,Orange,37168.0,1.16,0.23
95,Ward 95,2026-08-21,35.49,76.82,33.46,48.84,69.2,52.9,2.29,47.6,26737,Danger,Orange,14144.0,1.18,0.09
38,Ward 38,2026-08-21,36.22,73.12,33.04,47.57,64.5,52.8,2.92,59.7,28791,Danger,Orange,15202.0,1.16,0.09
98,Ward 98,2026-08-21,35.53,76.64,33.49,48.92,69.6,52.8,2.33,46.3,31708,Danger,Orange,16742.0,1.18,0.11
130,Ward 130,2026-08-21,35.4,76.08,33.37,48.32,68.2,52.8,2.2,49.8,23227,Danger,Orange,12264.0,1.17,0.08
116,Ward 116,2026-08-21,35.29,77.7,33.36,48.55,68.1,52.7,2.09,49.7,28338,Danger,Orange,14934.0,1.17,0.1
71,Ward 71,2026-08-21,35.48,75.72,33.4,48.42,68.6,52.6,2.28,48.2,29922,Danger,Orange,15739.0,1.17,0.1
139,Ward 139,2026-08-21,34.3,82.24,33.06,47.35,64.7,52.6,1.4,58.5,42014,Danger,Orange,22099.0,1.16,0.14
10,Ward 10,2026-08-21,36.27,72.92,33.08,47.62,64.9,52.3,2.97,56.8,27700,Danger,Orange,14487.0,1.16,0.09
131,Ward 131,2026-08-21,35.35,76.28,33.33,48.21,67.8,52.2,2.15,48.9,30911,Danger,Orange,16136.0,1.17,0.1
137,Ward 137,2026-08-21,34.81,78.65,33.07,47.47,64.8,52.2,1.61,56.7,19385,Danger,Orange,10119.0,1.16,0.06
99,Ward 99,2026-08-21,35.51,76.37,33.33,48.52,67.8,52.1,2.41,48.4,26739,Danger,Orange,13931.0,1.17,0.09
136,Ward 136,2026-08-21,35.17,77.07,33.25,47.99,66.8,52.1,1.97,51.0,21482,Danger,Orange,11192.0,1.17,0.07
69,Ward 69,2026-08-21,35.18,77.01,33.25,47.97,66.8,52.0,1.98,50.6,44111,Danger,Orange,22938.0,1.17,0.15
40,Ward 40,2026-08-21,36.13,73.49,33.0,47.45,64.0,51.9,2.83,58.1,20549,Danger,Orange,10665.0,1.16,0.07
112,Ward 112,2026-08-21,35.24,77.92,33.34,48.49,67.9,51.9,2.04,47.5,32404,Danger,Orange,16818.0,1.17,0.11
93,Ward 93,2026-08-21,35.32,76.41,33.33,48.22,67.8,51.8,2.12,47.7,44364,Danger,Orange,22981.0,1.17,0.15
113,Ward 113,2026-08-21,35.21,78.05,33.33,48.45,67.8,51.8,2.01,47.7,33475,Danger,Orange,17340.0,1.17,0.11
91,Ward 91,2026-08-21,35.93,75.0,33.15,48.02,65.7,51.7,2.53,52.5,38450,Danger,Orange,19879.0,1.17,0.13
119,Ward 119,2026-08-21,35.36,76.25,33.34,48.24,67.9,51.7,2.16,46.9,16491,Danger,Orange,8526.0,1.17,0.06
115,Ward 115,2026-08-21,35.3,77.65,33.37,48.59,68.2,51.6,2.1,46.0,31919,Danger,Orange,16470.0,1.17,0.11
123,Ward 123,2026-08-21,35.2,78.09,33.32,48.41,67.6,51.6,2.0,47.5,35386,Danger,Orange,18259.0,1.17,0.12
67,Ward 67,2026-08-21,35.81,75.5,33.09,47.86,65.0,51.4,2.41,53.4,56284,Danger,Orange,28930.0,1.16,0.18
114,Ward 114,2026-08-21,35.14,78.36,33.3,48.37,67.4,51.4,1.94,47.4,41913,Danger,Orange,21543.0,1.17,0.14
103,Ward 103,2026-08-21,35.41,76.82,33.28,48.4,67.2,51.3,2.31,47.3,25428,Danger,Orange,13045.0,1.17,0.09
121,Ward 121,2026-08-21,35.12,78.45,33.28,48.31,67.2,51.3,1.92,47.5,29921,Danger,Orange,15349.0,1.17,0.1
36,Ward 36,2026-08-21,35.4,76.6,32.65,46.43,60.1,51.1,2.1,66.9,27238,Danger,Orange,13919.0,1.15,0.08
124,Ward 124,2026-08-21,35.03,78.85,33.24,48.22,66.7,51.1,1.83,47.9,39179,Danger,Orange,20020.0,1.17,0.13
129,Ward 129,2026-08-21,35.18,77.01,33.25,47.97,66.8,51.1,1.98,47.9,39654,Danger,Orange,20263.0,1.17,0.13
30,Ward 30,2026-08-21,36.1,73.62,32.99,47.41,63.9,51.0,2.8,55.1,30050,Danger,Orange,15326.0,1.16,0.1
64,Ward 64,2026-08-21,35.65,76.21,33.02,47.67,64.3,51.0,2.25,54.1,31280,Danger,Orange,15953.0,1.16,0.1
70,Ward 70,2026-08-21,35.26,76.67,33.3,48.13,67.4,51.0,2.06,46.0,18618,Danger,Orange,9495.0,1.17,0.06
128,Ward 128,2026-08-21,35.12,78.45,33.28,48.31,67.2,50.9,1.92,46.1,32179,Danger,Orange,16379.0,1.17,0.11
141,Ward 141,2026-08-21,34.08,83.28,32.95,47.01,63.5,50.9,1.18,55.9,41152,Danger,Orange,20946.0,1.16,0.13
34,Ward 34,2026-08-21,35.96,74.87,33.17,48.07,65.9,50.8,2.56,49.0,29773,Danger,Orange,15125.0,1.17,0.1
55,Ward 55,2026-08-21,35.72,75.91,33.04,47.73,64.5,50.8,2.32,52.9,32254,Danger,Orange,16385.0,1.16,0.1
101,Ward 101,2026-08-21,35.3,77.28,33.23,48.25,66.6,50.8,2.2,47.2,40208,Danger,Orange,20426.0,1.17,0.13
86,Ward 86,2026-08-21,35.13,77.24,33.23,47.91,66.6,50.7,1.93,47.1,19195,Danger,Orange,9732.0,1.17,0.06
140,Ward 140,2026-08-21,33.97,83.82,32.9,46.88,62.9,50.7,1.07,56.8,30504,Danger,Orange,15466.0,1.16,0.1
125,Ward 125,2026-08-21,35.01,78.93,33.22,48.15,66.5,50.5,1.81,46.6,44850,Danger,Orange,22649.0,1.17,0.15
14,Ward 14,2026-08-21,36.01,73.99,32.94,47.28,63.4,50.3,2.71,54.2,53343,Danger,Orange,26832.0,1.16,0.17
17,Ward 17,2026-08-21,36.14,73.45,33.01,47.48,64.1,50.0,2.84,51.0,21023,Danger,Orange,10512.0,1.16,0.07
27,Ward 27,2026-08-21,35.93,74.33,32.91,47.18,63.0,49.9,2.63,53.7,19350,Caution,Yellow,9656.0,1.16,0.06
3,Ward 3,2026-08-21,35.88,74.53,32.87,47.08,62.6,49.8,2.58,54.4,53855,Caution,Yellow,26820.0,1.16,0.17
8,Ward 8,2026-08-21,36.08,73.71,32.98,47.4,63.8,49.7,2.78,50.9,18760,Caution,Yellow,9324.0,1.16,0.06
13,Ward 13,2026-08-21,35.82,74.79,32.84,46.99,62.2,49.7,2.52,55.4,33066,Caution,Yellow,16434.0,1.16,0.1
102,Ward 102,2026-08-21,35.2,77.73,33.17,48.08,65.9,49.7,2.1,45.5,21503,Caution,Yellow,10687.0,1.17,0.07
1,Ward 1,2026-08-21,35.83,74.75,32.85,47.02,62.4,49.4,2.53,53.6,53125,Caution,Yellow,26244.0,1.16,0.17
7,Ward 7,2026-08-21,35.91,74.41,32.89,47.12,62.8,49.4,2.61,52.6,19180,Caution,Yellow,9475.0,1.16,0.06
79,Ward 79,2026-08-21,34.65,79.37,33.0,47.25,64.0,49.4,1.45,49.2,44303,Caution,Yellow,21886.0,1.16,0.14
15,Ward 15,2026-08-21,35.91,74.41,32.89,47.12,62.8,49.3,2.61,52.4,23922,Caution,Yellow,11794.0,1.16,0.07
68,Ward 68,2026-08-21,35.53,76.72,32.96,47.5,63.6,49.1,2.13,49.4,20724,Caution,Yellow,10175.0,1.16,0.07
105,Ward 105,2026-08-21,35.78,75.65,33.08,47.82,64.9,49.1,2.38,45.8,21267,Caution,Yellow,10442.0,1.16,0.07
4,Ward 4,2026-08-21,35.81,74.84,32.85,47.01,62.4,48.8,2.51,51.5,34476,Caution,Yellow,16824.0,1.16,0.11
127,Ward 127,2026-08-21,34.77,80.01,33.11,47.81,65.3,48.8,1.57,44.0,43782,Caution,Yellow,21366.0,1.16,0.14
35,Ward 35,2026-08-21,35.94,74.28,32.9,47.16,62.9,48.7,2.64,49.9,35024,Caution,Yellow,17057.0,1.16,0.11
100,Ward 100,2026-08-21,35.05,78.39,33.11,47.89,65.3,48.7,1.95,43.6,25507,Caution,Yellow,12422.0,1.16,0.08
122,Ward 122,2026-08-21,34.75,80.11,33.1,47.8,65.2,48.7,1.55,43.9,39198,Caution,Yellow,19089.0,1.16,0.13
111,Ward 111,2026-08-21,34.92,78.97,33.03,47.67,64.4,48.6,1.82,45.5,38647,Caution,Yellow,18782.0,1.16,0.12
104,Ward 104,2026-08-21,35.71,75.95,33.05,47.76,64.6,48.3,2.31,43.9,33185,Caution,Yellow,16028.0,1.16,0.11
110,Ward 110,2026-08-21,34.83,79.37,33.0,47.57,64.0,48.1,1.73,44.7,27470,Caution,Yellow,13213.0,1.16,0.09
92,Ward 92,2026-08-21,35.54,76.68,32.95,47.48,63.5,47.7,2.14,44.8,36450,Caution,Yellow,17387.0,1.16,0.12
57,Ward 57,2026-08-21,35.12,78.53,32.75,46.92,61.2,47.6,1.72,50.6,49856,Caution,Yellow,23731.0,1.16,0.15
106,Ward 106,2026-08-21,35.4,77.3,32.89,47.3,62.8,47.6,2.0,46.1,40618,Caution,Yellow,19334.0,1.16,0.13
107,Ward 107,2026-08-21,35.3,77.75,32.84,47.19,62.2,47.6,1.9,47.8,54260,Caution,Yellow,25828.0,1.16,0.17
126,Ward 126,2026-08-21,34.62,80.72,33.04,47.62,64.5,47.5,1.42,41.4,31631,Caution,Yellow,15025.0,1.16,0.1
46,Ward 46,2026-08-21,34.23,81.28,32.78,46.61,61.6,47.4,1.03,48.6,12823,Caution,Yellow,6078.0,1.16,0.04
12,Ward 12,2026-08-21,35.51,76.12,32.7,46.57,60.7,47.3,2.21,51.1,21493,Caution,Yellow,10166.0,1.15,0.06
32,Ward 32,2026-08-21,35.3,77.02,32.59,46.26,59.5,47.2,2.0,54.1,45636,Caution,Yellow,21540.0,1.15,0.14
74,Ward 74,2026-08-21,34.41,80.46,32.88,46.91,62.7,47.2,1.21,45.1,42176,Caution,Yellow,19907.0,1.16,0.13
6,Ward 6,2026-08-21,35.33,76.9,32.61,46.3,59.7,47.0,2.03,52.9,42346,Caution,Yellow,19903.0,1.15,0.13
31,Ward 31,2026-08-21,35.5,76.15,32.69,46.54,60.6,47.0,2.2,50.1,39025,Caution,Yellow,18342.0,1.15,0.12
2,Ward 2,2026-08-21,35.61,75.69,32.74,46.74,61.1,46.3,2.31,46.3,48190,Caution,Yellow,22312.0,1.15,0.15
109,Ward 109,2026-08-21,34.24,82.08,32.71,46.71,60.8,46.1,1.14,46.2,64567,Caution,Yellow,29765.0,1.15,0.2
97,Ward 97,2026-08-21,34.55,81.04,33.0,47.49,64.0,46.0,1.35,37.4,37199,Caution,Yellow,17112.0,1.16,0.12
33,Ward 33,2026-08-21,35.09,78.66,32.73,46.88,61.0,45.2,1.69,42.5,45919,Caution,Yellow,20755.0,1.15,0.14
58,Ward 58,2026-08-21,34.35,82.06,32.37,45.81,57.1,44.7,0.95,51.8,88465,Caution,Yellow,39544.0,1.14,0.25
87,Ward 87,2026-08-21,34.25,81.2,32.8,46.68,61.8,44.6,1.05,38.2,12675,Caution,Yellow,5653.0,1.16,0.04
80,Ward 80,2026-08-21,33.24,86.02,32.31,45.15,56.4,44.0,0.04,51.2,31094,Caution,Yellow,13681.0,1.14,0.09
5,Ward 5,2026-08-21,35.0,78.35,32.44,45.85,57.8,42.7,1.7,42.1,23707,Caution,Yellow,10123.0,1.15,0.07
94,Ward 94,2026-08-21,33.77,84.72,32.62,46.34,59.8,42.1,0.57,34.3,27469,Caution,Yellow,11564.0,1.15,0.08
45,Ward 45,2026-08-21,33.2,86.02,32.1,44.7,54.2,41.8,0.0,49.3,8394,Caution,Yellow,3509.0,1.14,0.02
90,Ward 90,2026-08-21,33.65,84.02,32.51,45.78,58.6,41.8,0.45,36.3,18857,Caution,Yellow,7882.0,1.15,0.05
63,Ward 63,2026-08-21,33.28,85.82,32.32,45.19,56.5,41.5,0.08,41.1,24387,Caution,Yellow,10121.0,1.14,0.07
108,Ward 108,2026-08-21,33.76,84.87,32.08,44.96,54.0,40.5,0.36,44.3,64777,Caution,Yellow,26235.0,1.14,0.17
54,Ward 54,2026-08-22,36.49,70.82,33.05,46.62,64.6,56.6,3.39,72.5,36235,Danger,Orange,20509.0,1.16,0.12
49,Ward 49,2026-08-22,36.22,70.77,32.74,46.22,61.1,56.3,3.22,82.7,19416,Danger,Orange,10931.0,1.15,0.06
29,Ward 29,2026-08-22,36.29,70.5,32.78,46.33,61.6,55.6,3.29,78.3,53782,Danger,Orange,29903.0,1.16,0.16
24,Ward 24,2026-08-22,36.37,69.05,32.68,46.42,60.5,55.2,3.47,80.5,19824,Danger,Orange,10943.0,1.15,0.06
23,Ward 23,2026-08-22,36.4,68.93,32.7,46.46,60.7,54.4,3.5,77.0,18256,Danger,Orange,9931.0,1.15,0.06
28,Ward 28,2026-08-22,36.32,70.37,32.79,46.37,61.7,54.1,3.32,72.7,38110,Danger,Orange,20618.0,1.16,0.12
77,Ward 77,2026-08-22,36.4,70.02,32.76,46.61,61.4,53.7,3.4,72.2,45984,Danger,Orange,24693.0,1.16,0.14
39,Ward 39,2026-08-22,36.14,69.96,32.57,46.13,59.3,53.3,3.24,77.7,21296,Danger,Orange,11351.0,1.15,0.06
37,Ward 37,2026-08-22,36.16,71.02,32.7,46.14,60.7,52.6,3.16,70.2,24020,Danger,Orange,12635.0,1.15,0.07
18,Ward 18,2026-08-22,36.33,69.21,32.66,46.35,60.3,52.5,3.43,71.1,22267,Danger,Orange,11690.0,1.15,0.07
60,Ward 60,2026-08-22,36.04,72.64,32.83,46.03,62.1,52.2,2.94,64.6,35732,Danger,Orange,18652.0,1.16,0.11
62,Ward 62,2026-08-22,36.3,70.4,32.71,46.47,60.8,52.2,3.3,68.4,34832,Danger,Orange,18182.0,1.15,0.11
48,Ward 48,2026-08-22,36.22,69.64,32.62,46.22,59.8,51.9,3.32,70.7,20437,Danger,Orange,10607.0,1.15,0.06
65,Ward 65,2026-08-22,36.0,72.8,32.81,45.97,61.9,51.9,2.9,64.2,72427,Danger,Orange,37590.0,1.16,0.22
42,Ward 42,2026-08-22,35.96,70.67,32.49,45.88,58.4,51.8,3.06,74.9,21746,Danger,Orange,11264.0,1.15,0.06
66,Ward 66,2026-08-22,35.95,73.01,32.79,45.92,61.7,51.8,2.85,64.3,98024,Danger,Orange,50776.0,1.16,0.3
43,Ward 43,2026-08-22,36.07,70.23,32.54,46.01,58.9,51.5,3.17,71.9,17677,Danger,Orange,9104.0,1.15,0.05
78,Ward 78,2026-08-22,36.18,70.88,32.66,46.27,60.3,51.3,3.18,66.7,54090,Danger,Orange,27748.0,1.15,0.16
56,Ward 56,2026-08-22,36.05,72.6,32.84,46.06,62.2,50.8,2.95,59.2,43622,Danger,Orange,22160.0,1.16,0.14
19,Ward 19,2026-08-22,36.21,69.68,32.61,46.19,59.7,50.1,3.31,64.3,21158,Danger,Orange,10600.0,1.15,0.06
41,Ward 41,2026-08-22,35.96,70.67,32.49,45.88,58.4,50.1,3.06,68.6,19946,Danger,Orange,9993.0,1.15,0.06
135,Ward 135,2026-08-22,35.68,72.9,32.4,45.59,57.4,50.1,2.68,71.9,33258,Danger,Orange,16662.0,1.14,0.09
16,Ward 16,2026-08-22,36.06,71.41,32.65,45.98,60.1,49.5,3.06,60.7,20904,Caution,Yellow,10347.0,1.15,0.06
52,Ward 52,2026-08-22,36.07,71.33,32.6,46.14,59.6,49.5,3.07,62.4,16869,Caution,Yellow,8350.0,1.15,0.05
26,Ward 26,2026-08-22,35.98,70.58,32.49,45.89,58.4,49.4,3.08,65.9,25371,Caution,Yellow,12533.0,1.15,0.07
134,Ward 134,2026-08-22,35.45,73.86,32.29,45.31,56.2,49.2,2.45,72.2,35780,Caution,Yellow,17604.0,1.14,0.1
25,Ward 25,2026-08-22,36.03,70.39,32.51,45.94,58.6,49.1,3.13,63.8,27484,Caution,Yellow,13495.0,1.15,0.08
11,Ward 11,2026-08-22,36.06,71.41,32.65,45.98,60.1,49.0,3.06,59.0,22152,Caution,Yellow,10854.0,1.15,0.07
53,Ward 53,2026-08-22,36.09,71.24,32.62,46.15,59.8,49.0,3.09,59.7,25598,Caution,Yellow,12543.0,1.15,0.08
21,Ward 21,2026-08-22,35.86,71.07,32.44,45.72,57.8,48.9,2.96,65.8,21187,Caution,Yellow,10360.0,1.15,0.06
38,Ward 38,2026-08-22,35.92,71.99,32.59,45.81,59.5,48.7,2.92,59.7,28791,Caution,Yellow,14021.0,1.15,0.09
20,Ward 20,2026-08-22,35.96,70.67,32.49,45.88,58.4,48.3,3.06,61.7,21576,Caution,Yellow,10421.0,1.15,0.06
44,Ward 44,2026-08-22,35.77,71.42,32.38,45.59,57.2,48.2,2.87,65.2,29600,Caution,Yellow,14267.0,1.14,0.08
59,Ward 59,2026-08-22,35.56,74.65,32.59,45.38,59.5,48.2,2.46,57.8,70261,Caution,Yellow,33866.0,1.15,0.21
10,Ward 10,2026-08-22,35.97,71.77,32.61,45.86,59.7,48.1,2.97,56.8,27700,Caution,Yellow,13324.0,1.15,0.08
40,Ward 40,2026-08-22,35.83,72.33,32.53,45.68,58.8,47.7,2.83,58.1,20549,Caution,Yellow,9802.0,1.15,0.06
61,Ward 61,2026-08-22,35.71,72.78,32.42,45.63,57.6,47.6,2.71,61.6,29704,Caution,Yellow,14139.0,1.14,0.09
75,Ward 75,2026-08-22,35.71,72.78,32.42,45.63,57.6,47.5,2.71,61.0,26925,Caution,Yellow,12789.0,1.14,0.08
83,Ward 83,2026-08-22,35.78,72.5,32.46,45.74,58.1,47.1,2.78,57.9,22163,Caution,Yellow,10439.0,1.15,0.06
88,Ward 88,2026-08-22,35.8,72.41,32.46,45.75,58.1,47.1,2.8,58.0,23672,Caution,Yellow,11150.0,1.15,0.07
91,Ward 91,2026-08-22,35.63,74.34,32.63,45.49,59.9,47.1,2.53,52.5,38450,Caution,Yellow,18110.0,1.15,0.11
30,Ward 30,2026-08-22,35.8,72.46,32.52,45.64,58.7,46.8,2.8,55.1,30050,Caution,Yellow,14063.0,1.15,0.09
67,Ward 67,2026-08-22,35.51,74.85,32.56,45.29,59.2,46.8,2.41,53.4,56284,Caution,Yellow,26341.0,1.15,0.17
36,Ward 36,2026-08-22,35.1,75.38,32.17,44.65,54.9,46.7,2.1,66.9,27238,Caution,Yellow,12720.0,1.14,0.07
84,Ward 84,2026-08-22,35.62,73.16,32.38,45.52,57.2,46.5,2.62,58.6,19230,Caution,Yellow,8942.0,1.14,0.05
14,Ward 14,2026-08-22,35.71,72.83,32.48,45.51,58.3,46.3,2.71,54.2,53343,Caution,Yellow,24698.0,1.15,0.15
55,Ward 55,2026-08-22,35.42,75.23,32.52,45.17,58.7,46.3,2.32,52.9,32254,Caution,Yellow,14934.0,1.15,0.09
64,Ward 64,2026-08-22,35.35,75.53,32.48,45.06,58.3,46.3,2.25,54.1,31280,Caution,Yellow,14483.0,1.15,0.09
34,Ward 34,2026-08-22,35.66,74.22,32.64,45.53,60.0,46.2,2.56,49.0,29773,Caution,Yellow,13755.0,1.15,0.09
76,Ward 76,2026-08-22,35.75,72.62,32.44,45.7,57.8,46.2,2.75,55.5,21946,Caution,Yellow,10139.0,1.15,0.06
73,Ward 73,2026-08-22,35.67,72.95,32.4,45.61,57.4,46.0,2.67,55.8,23512,Caution,Yellow,10816.0,1.14,0.07
17,Ward 17,2026-08-22,35.84,72.29,32.54,45.71,58.9,45.9,2.84,51.0,21023,Caution,Yellow,9650.0,1.15,0.06
99,Ward 99,2026-08-22,35.31,76.0,32.62,45.73,59.8,45.9,2.41,48.4,26739,Caution,Yellow,12273.0,1.15,0.08
27,Ward 27,2026-08-22,35.63,73.16,32.44,45.41,57.8,45.8,2.63,53.7,19350,Caution,Yellow,8862.0,1.15,0.06
82,Ward 82,2026-08-22,35.64,73.07,32.38,45.53,57.2,45.8,2.64,55.7,38838,Caution,Yellow,17788.0,1.14,0.11
85,Ward 85,2026-08-22,35.61,73.2,32.37,45.49,57.1,45.8,2.61,56.0,29566,Caution,Yellow,13541.0,1.14,0.08
3,Ward 3,2026-08-22,35.58,73.38,32.41,45.36,57.5,45.7,2.58,54.4,53855,Caution,Yellow,24612.0,1.14,0.15
8,Ward 8,2026-08-22,35.78,72.54,32.51,45.62,58.6,45.7,2.78,50.9,18760,Caution,Yellow,8573.0,1.15,0.05
13,Ward 13,2026-08-22,35.52,73.62,32.38,45.27,57.2,45.7,2.52,55.4,33066,Caution,Yellow,15111.0,1.14,0.09
7,Ward 7,2026-08-22,35.61,73.24,32.43,45.4,57.7,45.4,2.61,52.6,19180,Caution,Yellow,8708.0,1.14,0.06
1,Ward 1,2026-08-22,35.53,73.58,32.39,45.25,57.3,45.3,2.53,53.6,53125,Caution,Yellow,24066.0,1.14,0.15
15,Ward 15,2026-08-22,35.61,73.24,32.43,45.4,57.7,45.3,2.61,52.4,23922,Caution,Yellow,10837.0,1.14,0.07
50,Ward 50,2026-08-22,35.63,73.11,32.39,45.55,57.3,45.2,2.63,53.0,17251,Caution,Yellow,7797.0,1.14,0.05
103,Ward 103,2026-08-22,35.21,76.44,32.56,45.58,59.2,45.2,2.31,47.3,25428,Caution,Yellow,11493.0,1.15,0.07
9,Ward 9,2026-08-22,35.72,71.62,32.36,45.54,57.0,45.0,2.82,53.2,16420,Caution,Yellow,7389.0,1.14,0.05
35,Ward 35,2026-08-22,35.64,73.12,32.44,45.44,57.8,44.8,2.64,49.9,35024,Caution,Yellow,15691.0,1.15,0.1
81,Ward 81,2026-08-22,35.44,73.9,32.28,45.28,56.1,44.8,2.44,55.1,41501,Caution,Yellow,18592.0,1.14,0.12
101,Ward 101,2026-08-22,35.1,76.92,32.51,45.45,58.6,44.7,2.2,47.2,40208,Caution,Yellow,17973.0,1.15,0.12
4,Ward 4,2026-08-22,35.51,73.66,32.37,45.24,57.1,44.6,2.51,51.5,34476,Caution,Yellow,15376.0,1.14,0.1
68,Ward 68,2026-08-22,35.23,76.05,32.42,44.91,57.6,44.5,2.13,49.4,20724,Caution,Yellow,9222.0,1.14,0.06
105,Ward 105,2026-08-22,35.48,74.98,32.54,45.25,58.9,44.5,2.38,45.8,21267,Caution,Yellow,9464.0,1.15,0.06
133,Ward 133,2026-08-22,35.37,74.19,32.25,45.17,55.8,44.5,2.37,55.1,25588,Caution,Yellow,11387.0,1.14,0.07
22,Ward 22,2026-08-22,35.41,72.88,32.2,45.08,55.2,44.4,2.51,56.7,15730,Caution,Yellow,6984.0,1.14,0.04
132,Ward 132,2026-08-22,35.38,74.16,32.25,45.2,55.8,44.2,2.38,53.9,26274,Caution,Yellow,11613.0,1.14,0.07
47,Ward 47,2026-08-22,35.44,72.76,32.21,45.12,55.4,44.1,2.54,54.7,14684,Caution,Yellow,6476.0,1.14,0.04
51,Ward 51,2026-08-22,35.56,73.4,32.35,45.44,56.9,44.1,2.56,50.0,13556,Caution,Yellow,5978.0,1.14,0.04
72,Ward 72,2026-08-22,35.4,74.08,32.27,45.21,56.0,44.1,2.4,52.6,19167,Caution,Yellow,8453.0,1.14,0.05
96,Ward 96,2026-08-22,35.23,76.71,32.43,45.61,57.7,44.0,2.33,47.3,31033,Caution,Yellow,13655.0,1.14,0.09
95,Ward 95,2026-08-22,35.19,76.88,32.4,45.53,57.4,43.9,2.29,47.6,26737,Caution,Yellow,11738.0,1.14,0.08
102,Ward 102,2026-08-22,35.0,77.36,32.46,45.29,58.1,43.9,2.1,45.5,21503,Caution,Yellow,9440.0,1.15,0.06
104,Ward 104,2026-08-22,35.41,75.27,32.52,45.19,58.7,43.9,2.31,43.9,33185,Caution,Yellow,14568.0,1.15,0.1
117,Ward 117,2026-08-22,35.34,74.32,32.24,45.13,55.7,43.9,2.34,53.1,21824,Caution,Yellow,9581.0,1.14,0.06
98,Ward 98,2026-08-22,35.23,76.71,32.43,45.61,57.7,43.8,2.33,46.3,31708,Caution,Yellow,13888.0,1.14,0.09
116,Ward 116,2026-08-22,34.99,77.77,32.31,45.26,56.4,43.6,2.09,49.7,28338,Caution,Yellow,12355.0,1.14,0.08
118,Ward 118,2026-08-22,35.3,74.49,32.22,45.11,55.5,43.6,2.3,52.3,21810,Caution,Yellow,9509.0,1.14,0.06
89,Ward 89,2026-08-22,35.43,73.95,32.28,45.25,56.1,43.5,2.43,50.0,22304,Caution,Yellow,9702.0,1.14,0.06
12,Ward 12,2026-08-22,35.21,74.92,32.23,44.8,55.6,43.4,2.21,51.1,21493,Caution,Yellow,9328.0,1.14,0.06
92,Ward 92,2026-08-22,35.24,76.0,32.43,44.94,57.7,43.4,2.14,44.8,36450,Caution,Yellow,15819.0,1.14,0.1
32,Ward 32,2026-08-22,35.0,75.8,32.12,44.53,54.4,43.2,2.0,54.1,45636,Caution,Yellow,19715.0,1.14,0.12
57,Ward 57,2026-08-22,34.82,77.84,32.22,44.38,55.5,43.2,1.72,50.6,49856,Caution,Yellow,21538.0,1.14,0.14
106,Ward 106,2026-08-22,35.1,76.62,32.36,44.77,57.0,43.2,2.0,46.1,40618,Caution,Yellow,17547.0,1.14,0.11
107,Ward 107,2026-08-22,35.0,77.04,32.31,44.62,56.4,43.2,1.9,47.8,54260,Caution,Yellow,23440.0,1.14,0.15
120,Ward 120,2026-08-22,35.37,74.19,32.25,45.17,55.8,43.2,2.37,49.9,19710,Caution,Yellow,8515.0,1.14,0.05
31,Ward 31,2026-08-22,35.2,74.95,32.22,44.81,55.5,43.0,2.2,50.1,39025,Caution,Yellow,16781.0,1.14,0.11
6,Ward 6,2026-08-22,35.03,75.68,32.13,44.57,54.5,42.9,2.03,52.9,42346,Caution,Yellow,18166.0,1.14,0.11
112,Ward 112,2026-08-22,34.94,78.0,32.27,45.2,56.0,42.8,2.04,47.5,32404,Caution,Yellow,13869.0,1.14,0.09
100,Ward 100,2026-08-22,34.85,78.01,32.38,45.08,57.2,42.7,1.95,43.6,25507,Caution,Yellow,10891.0,1.14,0.07
113,Ward 113,2026-08-22,34.91,78.11,32.26,45.15,55.9,42.7,2.01,47.7,33475,Caution,Yellow,14294.0,1.14,0.09
123,Ward 123,2026-08-22,34.9,78.17,32.26,45.12,55.9,42.7,2.0,47.5,35386,Caution,Yellow,15110.0,1.14,0.1
111,Ward 111,2026-08-22,34.72,78.6,32.31,44.88,56.4,42.6,1.82,45.5,38647,Caution,Yellow,16464.0,1.14,0.11
115,Ward 115,2026-08-22,35.0,77.72,32.3,45.29,56.3,42.6,2.1,46.0,31919,Caution,Yellow,13597.0,1.14,0.09
2,Ward 2,2026-08-22,35.31,74.5,32.28,44.96,56.1,42.5,2.31,46.3,48190,Caution,Yellow,20481.0,1.14,0.13
114,Ward 114,2026-08-22,34.84,78.44,32.23,45.03,55.6,42.4,1.94,47.4,41913,Caution,Yellow,17771.0,1.14,0.12
130,Ward 130,2026-08-22,35.2,74.91,32.16,44.95,54.8,42.4,2.2,49.8,23227,Caution,Yellow,9848.0,1.14,0.06
71,Ward 71,2026-08-22,35.28,74.56,32.2,45.05,55.2,42.3,2.28,48.2,29922,Caution,Yellow,12657.0,1.14,0.08
121,Ward 121,2026-08-22,34.82,78.53,32.21,45.02,55.4,42.3,1.92,47.5,29921,Caution,Yellow,12657.0,1.14,0.08
110,Ward 110,2026-08-22,34.63,79.0,32.27,44.76,56.0,42.1,1.73,44.7,27470,Caution,Yellow,11565.0,1.14,0.08
124,Ward 124,2026-08-22,34.73,78.92,32.17,44.88,54.9,42.0,1.83,47.9,39179,Caution,Yellow,16455.0,1.14,0.11
128,Ward 128,2026-08-22,34.82,78.53,32.21,45.02,55.4,42.0,1.92,46.1,32179,Caution,Yellow,13515.0,1.14,0.09
131,Ward 131,2026-08-22,35.15,75.13,32.14,44.85,54.6,42.0,2.15,48.9,30911,Caution,Yellow,12983.0,1.14,0.08
69,Ward 69,2026-08-22,34.98,75.86,32.05,44.64,53.6,41.7,1.98,50.6,44111,Caution,Yellow,18394.0,1.14,0.12
93,Ward 93,2026-08-22,35.12,75.25,32.13,44.81,54.5,41.7,2.12,47.7,44364,Caution,Yellow,18500.0,1.14,0.12
136,Ward 136,2026-08-22,34.97,75.9,32.04,44.61,53.5,41.7,1.97,51.0,21482,Caution,Yellow,8958.0,1.13,0.06
119,Ward 119,2026-08-22,35.16,75.08,32.14,44.88,54.6,41.6,2.16,46.9,16491,Caution,Yellow,6860.0,1.14,0.04
125,Ward 125,2026-08-22,34.71,79.02,32.16,44.87,54.8,41.6,1.81,46.6,44850,Caution,Yellow,18658.0,1.14,0.12
137,Ward 137,2026-08-22,34.61,77.46,31.87,44.14,51.7,41.6,1.61,56.7,19385,Caution,Yellow,8064.0,1.13,0.05
138,Ward 138,2026-08-22,34.5,78.89,31.7,44.06,50.0,41.2,1.8,60.7,28858,Caution,Yellow,11889.0,1.12,0.07
33,Ward 33,2026-08-22,34.79,77.97,32.21,44.34,55.4,41.1,1.69,42.5,45919,Caution,Yellow,18873.0,1.14,0.13
70,Ward 70,2026-08-22,35.06,75.51,32.09,44.73,54.1,41.0,2.06,46.0,18618,Caution,Yellow,7633.0,1.14,0.05
129,Ward 129,2026-08-22,34.98,75.86,32.05,44.64,53.6,41.0,1.98,47.9,39654,Caution,Yellow,16258.0,1.14,0.11
86,Ward 86,2026-08-22,34.93,76.08,32.03,44.58,53.4,40.7,1.93,47.1,19195,Caution,Yellow,7812.0,1.13,0.05
58,Ward 58,2026-08-22,34.05,81.34,31.84,43.31,51.4,40.3,0.95,51.8,88465,Caution,Yellow,35651.0,1.13,0.22
109,Ward 109,2026-08-22,34.04,81.71,31.98,43.95,52.9,40.1,1.14,46.2,64567,Caution,Yellow,25891.0,1.13,0.17
127,Ward 127,2026-08-22,34.47,80.09,32.04,44.5,53.5,40.0,1.57,44.0,43782,Caution,Yellow,17513.0,1.13,0.12
122,Ward 122,2026-08-22,34.45,80.19,32.03,44.48,53.4,39.9,1.55,43.9,39198,Caution,Yellow,15640.0,1.13,0.1
79,Ward 79,2026-08-22,34.45,78.17,31.78,43.9,50.8,39.2,1.45,49.2,44303,Caution,Yellow,17367.0,1.13,0.11
5,Ward 5,2026-08-22,34.7,77.12,31.97,44.11,52.8,39.0,1.7,42.1,23707,Caution,Yellow,9246.0,1.13,0.06
139,Ward 139,2026-08-22,34.1,80.71,31.51,43.51,48.0,39.0,1.4,58.5,42014,Caution,Yellow,16385.0,1.12,0.1
126,Ward 126,2026-08-22,34.32,80.78,31.96,44.31,52.7,38.8,1.42,41.4,31631,Caution,Yellow,12273.0,1.13,0.08
97,Ward 97,2026-08-22,34.25,81.12,31.93,44.19,52.4,37.6,1.35,37.4,37199,Caution,Yellow,13987.0,1.13,0.1
46,Ward 46,2026-08-22,34.03,80.07,31.57,43.32,48.6,37.4,1.03,48.6,12823,Caution,Yellow,4796.0,1.12,0.03
141,Ward 141,2026-08-22,33.88,81.73,31.39,43.19,46.7,37.4,1.18,55.9,41152,Caution,Yellow,15391.0,1.12,0.09
74,Ward 74,2026-08-22,34.21,79.25,31.66,43.59,49.5,37.3,1.21,45.1,42176,Caution,Yellow,15732.0,1.12,0.1
140,Ward 140,2026-08-22,33.77,82.24,31.33,43.02,46.1,37.1,1.07,56.8,30504,Caution,Yellow,11317.0,1.11,0.07
108,Ward 108,2026-08-22,33.46,84.13,31.54,42.49,48.3,36.2,0.36,44.3,64777,Caution,Yellow,23449.0,1.12,0.15
87,Ward 87,2026-08-22,34.05,79.98,31.59,43.34,48.8,35.2,1.05,38.2,12675,Caution,Yellow,4462.0,1.12,0.03
94,Ward 94,2026-08-22,33.47,84.82,31.55,43.09,48.4,34.1,0.57,34.3,27469,Caution,Yellow,9367.0,1.12,0.07
80,Ward 80,2026-08-22,33.04,84.75,31.07,41.89,43.5,33.9,0.04,51.2,31094,Caution,Yellow,10541.0,1.11,0.07
45,Ward 45,2026-08-22,32.9,84.08,30.94,41.46,42.2,32.6,0.0,49.3,8394,Caution,Yellow,2736.0,1.1,0.02
90,Ward 90,2026-08-22,33.45,82.79,31.29,42.5,45.7,32.6,0.45,36.3,18857,Caution,Yellow,6147.0,1.11,0.04
63,Ward 63,2026-08-22,33.08,84.55,31.1,41.97,43.8,32.2,0.08,41.1,24387,Caution,Yellow,7853.0,1.11,0.05
24,Ward 24,2026-08-23,35.87,67.27,32.4,46.3,57.4,52.4,3.47,80.5,19824,Danger,Orange,10388.0,1.14,0.06
23,Ward 23,2026-08-23,35.9,67.14,32.41,46.34,57.5,51.5,3.5,77.0,18256,Danger,Orange,9402.0,1.14,0.05
49,Ward 49,2026-08-23,35.72,67.98,32.21,46.42,55.4,51.1,3.22,82.7,19416,Danger,Orange,9922.0,1.14,0.05
39,Ward 39,2026-08-23,35.64,68.14,32.29,46.02,56.2,50.6,3.24,77.7,21296,Danger,Orange,10776.0,1.14,0.06
29,Ward 29,2026-08-23,35.79,67.71,32.25,46.49,55.8,50.4,3.29,78.3,53782,Danger,Orange,27106.0,1.14,0.15
18,Ward 18,2026-08-23,35.83,67.42,32.37,46.23,57.1,49.7,3.43,71.1,22267,Caution,Yellow,11067.0,1.14,0.06
48,Ward 48,2026-08-23,35.72,67.83,32.33,46.11,56.6,49.1,3.32,70.7,20437,Caution,Yellow,10035.0,1.14,0.06
28,Ward 28,2026-08-23,35.82,67.59,32.26,46.53,55.9,49.0,3.32,72.7,38110,Caution,Yellow,18674.0,1.14,0.11
42,Ward 42,2026-08-23,35.46,68.83,32.19,45.73,55.1,48.9,3.06,74.9,21746,Caution,Yellow,10634.0,1.14,0.06
43,Ward 43,2026-08-23,35.57,68.4,32.25,45.91,55.8,48.7,3.17,71.9,17677,Caution,Yellow,8609.0,1.14,0.05
37,Ward 37,2026-08-23,35.66,68.21,32.18,46.34,55.0,47.6,3.16,70.2,24020,Caution,Yellow,11434.0,1.14,0.07
19,Ward 19,2026-08-23,35.71,67.87,32.32,46.08,56.5,47.4,3.31,64.3,21158,Caution,Yellow,10029.0,1.14,0.06
41,Ward 41,2026-08-23,35.46,68.83,32.19,45.73,55.1,47.3,3.06,68.6,19946,Caution,Yellow,9434.0,1.14,0.05
26,Ward 26,2026-08-23,35.48,68.76,32.21,45.79,55.4,46.9,3.08,65.9,25371,Caution,Yellow,11899.0,1.14,0.07
25,Ward 25,2026-08-23,35.53,68.57,32.23,45.84,55.6,46.5,3.13,63.8,27484,Caution,Yellow,12780.0,1.14,0.08
54,Ward 54,2026-08-23,35.79,67.65,31.99,45.67,53.0,46.4,3.39,72.5,36235,Caution,Yellow,16813.0,1.13,0.09
21,Ward 21,2026-08-23,35.36,69.22,32.15,45.63,54.7,46.3,2.96,65.8,21187,Caution,Yellow,9810.0,1.14,0.06
20,Ward 20,2026-08-23,35.46,68.83,32.19,45.73,55.1,45.6,3.06,61.7,21576,Caution,Yellow,9839.0,1.14,0.06
44,Ward 44,2026-08-23,35.27,69.58,32.09,45.47,54.1,45.6,2.87,65.2,29600,Caution,Yellow,13498.0,1.14,0.08
77,Ward 77,2026-08-23,35.7,67.32,31.85,46.41,51.5,45.1,3.4,72.2,45984,Caution,Yellow,20739.0,1.13,0.12
16,Ward 16,2026-08-23,35.56,68.59,32.13,46.19,54.5,44.9,3.06,60.7,20904,Caution,Yellow,9386.0,1.14,0.06
11,Ward 11,2026-08-23,35.56,68.59,32.13,46.19,54.5,44.4,3.06,59.0,22152,Caution,Yellow,9835.0,1.14,0.06
38,Ward 38,2026-08-23,35.42,69.14,32.06,46.01,53.7,44.0,2.92,59.7,28791,Caution,Yellow,12668.0,1.14,0.08
62,Ward 62,2026-08-23,35.6,67.72,31.8,46.31,51.0,43.7,3.3,68.4,34832,Caution,Yellow,15222.0,1.13,0.09
10,Ward 10,2026-08-23,35.47,68.94,32.08,46.06,54.0,43.5,2.97,56.8,27700,Caution,Yellow,12050.0,1.14,0.07
40,Ward 40,2026-08-23,35.33,69.49,32.02,45.88,53.3,43.3,2.83,58.1,20549,Caution,Yellow,8898.0,1.13,0.05
78,Ward 78,2026-08-23,35.48,68.17,31.74,46.15,50.4,42.8,3.18,66.7,54090,Caution,Yellow,23151.0,1.13,0.13
9,Ward 9,2026-08-23,35.22,69.77,32.07,45.41,53.9,42.5,2.82,53.2,16420,Caution,Yellow,6978.0,1.14,0.04
60,Ward 60,2026-08-23,35.34,69.39,31.76,45.02,50.6,42.5,2.94,64.6,35732,Caution,Yellow,15186.0,1.13,0.09
30,Ward 30,2026-08-23,35.3,69.61,32.0,45.84,53.1,42.4,2.8,55.1,30050,Caution,Yellow,12741.0,1.13,0.08
65,Ward 65,2026-08-23,35.3,69.56,31.74,44.99,50.4,42.3,2.9,64.2,72427,Caution,Yellow,30637.0,1.13,0.18
66,Ward 66,2026-08-23,35.25,69.75,31.72,44.89,50.2,42.1,2.85,64.3,98024,Caution,Yellow,41268.0,1.12,0.24
22,Ward 22,2026-08-23,34.91,71.0,31.91,44.97,52.2,42.0,2.51,56.7,15730,Caution,Yellow,6607.0,1.13,0.04
36,Ward 36,2026-08-23,34.6,72.42,31.65,44.84,49.4,42.0,2.1,66.9,27238,Caution,Yellow,11440.0,1.12,0.07
14,Ward 14,2026-08-23,35.21,69.96,31.95,45.71,52.6,41.8,2.71,54.2,53343,Caution,Yellow,22297.0,1.13,0.14
135,Ward 135,2026-08-23,34.98,70.12,31.49,45.43,47.8,41.8,2.68,71.9,33258,Caution,Yellow,13902.0,1.12,0.08
47,Ward 47,2026-08-23,34.94,70.89,31.93,45.02,52.4,41.7,2.54,54.7,14684,Caution,Yellow,6123.0,1.13,0.04
17,Ward 17,2026-08-23,35.34,69.44,32.02,45.86,53.3,41.5,2.84,51.0,21023,Caution,Yellow,8725.0,1.13,0.06
56,Ward 56,2026-08-23,35.35,69.36,31.77,45.05,50.7,41.4,2.95,59.2,43622,Caution,Yellow,18060.0,1.13,0.11
3,Ward 3,2026-08-23,35.08,70.48,31.89,45.5,51.9,41.3,2.58,54.4,53855,Caution,Yellow,22242.0,1.13,0.14
8,Ward 8,2026-08-23,35.28,69.69,31.99,45.77,53.0,41.3,2.78,50.9,18760,Caution,Yellow,7748.0,1.13,0.05
27,Ward 27,2026-08-23,35.13,70.28,31.91,45.61,52.2,41.3,2.63,53.7,19350,Caution,Yellow,7992.0,1.13,0.05
52,Ward 52,2026-08-23,35.37,68.6,31.68,45.97,49.7,41.3,3.07,62.4,16869,Caution,Yellow,6967.0,1.12,0.04
13,Ward 13,2026-08-23,35.02,70.73,31.86,45.41,51.6,41.2,2.52,55.4,33066,Caution,Yellow,13623.0,1.13,0.08
7,Ward 7,2026-08-23,35.11,70.36,31.91,45.55,52.2,41.1,2.61,52.6,19180,Caution,Yellow,7883.0,1.13,0.05
15,Ward 15,2026-08-23,35.11,70.36,31.91,45.55,52.2,41.0,2.61,52.4,23922,Caution,Yellow,9808.0,1.13,0.06
53,Ward 53,2026-08-23,35.39,68.52,31.7,46.03,50.0,40.9,3.09,59.7,25598,Caution,Yellow,10470.0,1.12,0.06
1,Ward 1,2026-08-23,35.03,70.67,31.86,45.45,51.6,40.8,2.53,53.6,53125,Caution,Yellow,21675.0,1.13,0.14
134,Ward 134,2026-08-23,34.75,71.04,31.37,45.12,46.5,40.7,2.45,72.2,35780,Caution,Yellow,14562.0,1.12,0.08
35,Ward 35,2026-08-23,35.14,70.24,31.92,45.59,52.3,40.5,2.64,49.9,35024,Caution,Yellow,14185.0,1.13,0.09
4,Ward 4,2026-08-23,35.01,70.76,31.85,45.43,51.5,40.3,2.51,51.5,34476,Caution,Yellow,13894.0,1.13,0.09
61,Ward 61,2026-08-23,35.01,70.0,31.51,45.47,48.0,39.7,2.71,61.6,29704,Caution,Yellow,11792.0,1.12,0.07
75,Ward 75,2026-08-23,35.01,70.0,31.51,45.47,48.0,39.6,2.71,61.0,26925,Caution,Yellow,10662.0,1.12,0.06
88,Ward 88,2026-08-23,35.1,69.64,31.55,45.6,48.4,39.3,2.8,58.0,23672,Caution,Yellow,9303.0,1.12,0.06
83,Ward 83,2026-08-23,35.08,69.73,31.53,45.58,48.2,39.1,2.78,57.9,22163,Caution,Yellow,8666.0,1.12,0.05
12,Ward 12,2026-08-23,34.71,71.97,31.7,44.99,50.0,39.0,2.21,51.1,21493,Caution,Yellow,8382.0,1.12,0.05
59,Ward 59,2026-08-23,34.86,71.31,31.51,44.39,48.0,38.9,2.46,57.8,70261,Caution,Yellow,27332.0,1.12,0.17
32,Ward 32,2026-08-23,34.5,72.84,31.6,44.72,48.9,38.8,2.0,54.1,45636,Caution,Yellow,17707.0,1.12,0.11
6,Ward 6,2026-08-23,34.53,72.72,31.61,44.76,49.0,38.6,2.03,52.9,42346,Caution,Yellow,16346.0,1.12,0.1
31,Ward 31,2026-08-23,34.7,72.02,31.69,45.0,49.8,38.6,2.2,50.1,39025,Caution,Yellow,15064.0,1.12,0.1
84,Ward 84,2026-08-23,34.92,70.36,31.45,45.34,47.4,38.6,2.62,58.6,19230,Caution,Yellow,7423.0,1.12,0.04
76,Ward 76,2026-08-23,35.05,69.84,31.52,45.54,48.1,38.5,2.75,55.5,21946,Caution,Yellow,8449.0,1.12,0.05
2,Ward 2,2026-08-23,34.81,71.57,31.76,45.15,50.6,38.4,2.31,46.3,48190,Caution,Yellow,18505.0,1.13,0.12
73,Ward 73,2026-08-23,34.97,70.17,31.48,45.45,47.7,38.2,2.67,55.8,23512,Caution,Yellow,8982.0,1.12,0.05
82,Ward 82,2026-08-23,34.94,70.29,31.47,45.4,47.6,38.1,2.64,55.7,38838,Caution,Yellow,14797.0,1.12,0.09
91,Ward 91,2026-08-23,34.93,71.02,31.55,44.46,48.4,38.1,2.53,52.5,38450,Caution,Yellow,14649.0,1.12,0.09
85,Ward 85,2026-08-23,34.91,70.4,31.45,45.36,47.4,38.0,2.61,56.0,29566,Caution,Yellow,11235.0,1.12,0.07
67,Ward 67,2026-08-23,34.81,71.51,31.49,44.28,47.8,37.8,2.41,53.4,56284,Caution,Yellow,21275.0,1.12,0.13
138,Ward 138,2026-08-23,34.1,76.36,31.31,43.51,45.9,37.8,1.8,60.7,28858,Caution,Yellow,10908.0,1.11,0.06
50,Ward 50,2026-08-23,34.93,70.32,31.46,45.37,47.5,37.5,2.63,53.0,17251,Caution,Yellow,6469.0,1.12,0.04
34,Ward 34,2026-08-23,34.96,70.9,31.57,44.5,48.6,37.4,2.56,49.0,29773,Caution,Yellow,11135.0,1.12,0.07
55,Ward 55,2026-08-23,34.72,71.87,31.45,44.15,47.4,37.4,2.32,52.9,32254,Caution,Yellow,12063.0,1.12,0.07
64,Ward 64,2026-08-23,34.65,72.18,31.41,44.08,47.0,37.3,2.25,54.1,31280,Caution,Yellow,11667.0,1.12,0.07
81,Ward 81,2026-08-23,34.74,71.09,31.36,45.09,46.4,37.0,2.44,55.1,41501,Caution,Yellow,15355.0,1.12,0.09
99,Ward 99,2026-08-23,34.91,71.91,31.52,43.88,48.1,36.9,2.41,48.4,26739,Caution,Yellow,9867.0,1.12,0.06
133,Ward 133,2026-08-23,34.67,71.37,31.33,45.02,46.1,36.8,2.37,55.1,25588,Caution,Yellow,9416.0,1.11,0.06
96,Ward 96,2026-08-23,34.93,72.51,31.52,43.73,48.1,36.7,2.33,47.3,31033,Caution,Yellow,11389.0,1.12,0.07
95,Ward 95,2026-08-23,34.89,72.66,31.5,43.65,47.9,36.6,2.29,47.6,26737,Caution,Yellow,9786.0,1.12,0.06
51,Ward 51,2026-08-23,34.86,70.6,31.42,45.26,47.1,36.5,2.56,50.0,13556,Caution,Yellow,4948.0,1.12,0.03
98,Ward 98,2026-08-23,34.93,72.51,31.52,43.73,48.1,36.5,2.33,46.3,31708,Caution,Yellow,11573.0,1.12,0.07
132,Ward 132,2026-08-23,34.68,71.32,31.33,45.0,46.1,36.5,2.38,53.9,26274,Caution,Yellow,9590.0,1.11,0.06
72,Ward 72,2026-08-23,34.7,71.25,31.35,45.06,46.3,36.4,2.4,52.6,19167,Caution,Yellow,6977.0,1.12,0.04
117,Ward 117,2026-08-23,34.64,71.48,31.32,44.98,46.0,36.3,2.34,53.1,21824,Caution,Yellow,7922.0,1.11,0.05
103,Ward 103,2026-08-23,34.81,72.32,31.46,43.73,47.5,36.2,2.31,47.3,25428,Caution,Yellow,9205.0,1.12,0.06
105,Ward 105,2026-08-23,34.78,71.63,31.48,44.24,47.7,36.1,2.38,45.8,21267,Caution,Yellow,7677.0,1.12,0.05
116,Ward 116,2026-08-23,34.69,73.47,31.39,43.36,46.7,36.1,2.09,49.7,28338,Caution,Yellow,10230.0,1.12,0.06
89,Ward 89,2026-08-23,34.73,71.11,31.36,45.11,46.4,36.0,2.43,50.0,22304,Caution,Yellow,8029.0,1.12,0.05
118,Ward 118,2026-08-23,34.6,71.66,31.29,44.9,45.7,35.9,2.3,52.3,21810,Caution,Yellow,7830.0,1.11,0.05
68,Ward 68,2026-08-23,34.53,72.66,31.35,43.9,46.3,35.8,2.13,49.4,20724,Caution,Yellow,7419.0,1.12,0.05
101,Ward 101,2026-08-23,34.7,72.77,31.41,43.57,47.0,35.8,2.2,47.2,40208,Caution,Yellow,14394.0,1.12,0.09
120,Ward 120,2026-08-23,34.67,71.37,31.33,45.02,46.1,35.7,2.37,49.9,19710,Caution,Yellow,7036.0,1.11,0.04
139,Ward 139,2026-08-23,33.7,78.12,31.11,42.94,43.9,35.7,1.4,58.5,42014,Caution,Yellow,14999.0,1.11,0.09
112,Ward 112,2026-08-23,34.64,73.7,31.37,43.31,46.5,35.5,2.04,47.5,32404,Caution,Yellow,11503.0,1.12,0.07
104,Ward 104,2026-08-23,34.71,71.92,31.44,44.17,47.3,35.4,2.31,43.9,33185,Caution,Yellow,11747.0,1.12,0.08
113,Ward 113,2026-08-23,34.61,73.82,31.35,43.27,46.3,35.4,2.01,47.7,33475,Caution,Yellow,11850.0,1.12,0.08
115,Ward 115,2026-08-23,34.7,73.45,31.4,43.39,46.8,35.4,2.1,46.0,31919,Caution,Yellow,11299.0,1.12,0.07
123,Ward 123,2026-08-23,34.6,73.87,31.34,43.25,46.2,35.3,2.0,47.5,35386,Caution,Yellow,12491.0,1.12,0.08
121,Ward 121,2026-08-23,34.52,74.2,31.31,43.15,45.9,35.1,1.92,47.5,29921,Caution,Yellow,10502.0,1.11,0.07
5,Ward 5,2026-08-23,34.2,74.1,31.44,44.25,47.3,35.0,1.7,42.1,23707,Caution,Yellow,8297.0,1.12,0.05
71,Ward 71,2026-08-23,34.58,71.73,31.29,44.89,45.7,35.0,2.28,48.2,29922,Caution,Yellow,10473.0,1.11,0.07
102,Ward 102,2026-08-23,34.6,73.18,31.36,43.45,46.4,35.0,2.1,45.5,21503,Caution,Yellow,7526.0,1.12,0.05
114,Ward 114,2026-08-23,34.54,74.12,31.31,43.16,45.9,35.0,1.94,47.4,41913,Caution,Yellow,14670.0,1.11,0.09
130,Ward 130,2026-08-23,34.5,72.05,31.24,44.79,45.2,35.0,2.2,49.8,23227,Caution,Yellow,8129.0,1.11,0.05
92,Ward 92,2026-08-23,34.54,72.62,31.36,43.93,46.4,34.9,2.14,44.8,36450,Caution,Yellow,12721.0,1.12,0.08
124,Ward 124,2026-08-23,34.43,74.58,31.26,43.03,45.4,34.8,1.83,47.9,39179,Caution,Yellow,13634.0,1.11,0.09
128,Ward 128,2026-08-23,34.52,74.2,31.31,43.15,45.9,34.8,1.92,46.1,32179,Caution,Yellow,11198.0,1.11,0.07
131,Ward 131,2026-08-23,34.45,72.26,31.22,44.68,45.0,34.7,2.15,48.9,30911,Caution,Yellow,10726.0,1.11,0.07
107,Ward 107,2026-08-23,34.3,73.62,31.24,43.57,45.2,34.6,1.9,47.8,54260,Caution,Yellow,18774.0,1.11,0.12
57,Ward 57,2026-08-23,34.12,74.38,31.15,43.34,44.3,34.5,1.72,50.6,49856,Caution,Yellow,17200.0,1.11,0.11
106,Ward 106,2026-08-23,34.4,73.18,31.28,43.74,45.6,34.5,2.0,46.1,40618,Caution,Yellow,14013.0,1.11,0.09
125,Ward 125,2026-08-23,34.41,74.68,31.26,43.02,45.4,34.5,1.81,46.6,44850,Caution,Yellow,15473.0,1.11,0.1
69,Ward 69,2026-08-23,34.28,72.95,31.14,44.45,44.2,34.4,1.98,50.6,44111,Caution,Yellow,15174.0,1.11,0.09
136,Ward 136,2026-08-23,34.27,73.01,31.13,44.46,44.1,34.4,1.97,51.0,21482,Caution,Yellow,7390.0,1.11,0.05
141,Ward 141,2026-08-23,33.48,79.1,31.01,42.6,42.9,34.4,1.18,55.9,41152,Caution,Yellow,14156.0,1.1,0.09
93,Ward 93,2026-08-23,34.42,72.38,31.2,44.64,44.8,34.3,2.12,47.7,44364,Caution,Yellow,15217.0,1.11,0.1
119,Ward 119,2026-08-23,34.46,72.22,31.23,44.71,45.1,34.3,2.16,46.9,16491,Caution,Yellow,5656.0,1.11,0.04
100,Ward 100,2026-08-23,34.45,73.8,31.29,43.25,45.7,34.1,1.95,43.6,25507,Caution,Yellow,8698.0,1.11,0.06
140,Ward 140,2026-08-23,33.37,79.62,30.95,42.43,42.3,34.1,1.07,56.8,30504,Caution,Yellow,10402.0,1.1,0.06
111,Ward 111,2026-08-23,34.32,74.35,31.22,43.05,45.0,34.0,1.82,45.5,38647,Caution,Yellow,13140.0,1.11,0.08
137,Ward 137,2026-08-23,33.91,74.51,30.94,43.92,42.2,34.0,1.61,56.7,19385,Caution,Yellow,6591.0,1.1,0.04
129,Ward 129,2026-08-23,34.28,72.95,31.14,44.45,44.2,33.8,1.98,47.9,39654,Caution,Yellow,13403.0,1.11,0.09
70,Ward 70,2026-08-23,34.36,72.63,31.17,44.55,44.5,33.7,2.06,46.0,18618,Caution,Yellow,6274.0,1.11,0.04
86,Ward 86,2026-08-23,34.23,73.17,31.1,44.39,43.8,33.4,1.93,47.1,19195,Caution,Yellow,6411.0,1.11,0.04
110,Ward 110,2026-08-23,34.23,74.74,31.17,42.93,44.5,33.4,1.73,44.7,27470,Caution,Yellow,9175.0,1.11,0.06
127,Ward 127,2026-08-23,34.17,75.7,31.14,42.69,44.2,33.1,1.57,44.0,43782,Caution,Yellow,14492.0,1.11,0.09
122,Ward 122,2026-08-23,34.15,75.79,31.12,42.64,44.0,32.9,1.55,43.9,39198,Caution,Yellow,12896.0,1.11,0.08
33,Ward 33,2026-08-23,34.09,74.51,31.13,43.3,44.1,32.7,1.69,42.5,45919,Caution,Yellow,15016.0,1.11,0.1
79,Ward 79,2026-08-23,33.75,75.2,30.87,43.7,41.5,32.0,1.45,49.2,44303,Caution,Yellow,14177.0,1.1,0.09
126,Ward 126,2026-08-23,34.02,76.35,31.06,42.49,43.4,32.0,1.42,41.4,31631,Caution,Yellow,10122.0,1.11,0.07
58,Ward 58,2026-08-23,33.35,77.72,30.75,42.22,40.3,31.6,0.95,51.8,88465,Caution,Yellow,27955.0,1.1,0.17
109,Ward 109,2026-08-23,33.64,77.3,30.87,42.09,41.5,31.5,1.14,46.2,64567,Caution,Yellow,20339.0,1.1,0.13
97,Ward 97,2026-08-23,33.95,76.67,31.02,42.37,43.0,30.9,1.35,37.4,37199,Caution,Yellow,11494.0,1.11,0.08
45,Ward 45,2026-08-23,32.4,81.96,30.66,41.41,39.4,30.4,0.0,49.3,8394,Caution,Yellow,2552.0,1.1,0.02
74,Ward 74,2026-08-23,33.51,76.23,30.74,43.37,40.2,30.3,1.21,45.1,42176,Caution,Yellow,12779.0,1.1,0.08
46,Ward 46,2026-08-23,33.33,77.02,30.64,43.12,39.3,30.2,1.03,48.6,12823,Caution,Yellow,3873.0,1.1,0.02
87,Ward 87,2026-08-23,33.35,76.95,30.66,43.14,39.4,28.4,1.05,38.2,12675,Caution,Yellow,3600.0,1.1,0.02
108,Ward 108,2026-08-23,32.76,80.41,30.46,41.37,37.5,28.1,0.36,44.3,64777,Caution,Yellow,18202.0,1.09,0.12
94,Ward 94,2026-08-23,33.17,80.17,30.62,41.29,39.1,27.5,0.57,34.3,27469,Caution,Yellow,7554.0,1.1,0.05
80,Ward 80,2026-08-23,32.34,81.54,30.15,41.66,34.6,27.0,0.04,51.2,31094,Caution,Yellow,8395.0,1.08,0.05
90,Ward 90,2026-08-23,32.75,79.64,30.36,42.27,36.5,26.0,0.45,36.3,18857,Caution,Yellow,4903.0,1.09,0.03
63,Ward 63,2026-08-23,32.38,81.35,30.17,41.7,34.7,25.5,0.08,41.1,24387,Caution,Yellow,6219.0,1.08,0.04
24,Ward 24,2026-08-24,34.17,71.3,31.54,43.62,48.3,44.1,3.47,80.5,19824,Caution,Yellow,8742.0,1.12,0.05
23,Ward 23,2026-08-24,34.2,71.18,31.56,43.66,48.5,43.5,3.5,77.0,18256,Caution,Yellow,7941.0,1.12,0.04
54,Ward 54,2026-08-24,34.09,71.25,31.63,44.01,49.2,43.1,3.39,72.5,36235,Caution,Yellow,15617.0,1.12,0.09
77,Ward 77,2026-08-24,34.1,71.72,31.6,43.83,48.9,42.8,3.4,72.2,45984,Caution,Yellow,19681.0,1.12,0.11
39,Ward 39,2026-08-24,33.94,72.24,31.43,43.29,47.2,42.5,3.24,77.7,21296,Caution,Yellow,9051.0,1.12,0.05
49,Ward 49,2026-08-24,33.72,71.58,31.27,43.13,45.5,42.0,3.22,82.7,19416,Caution,Yellow,8155.0,1.11,0.04
18,Ward 18,2026-08-24,34.13,71.47,31.53,43.59,48.2,41.9,3.43,71.1,22267,Caution,Yellow,9330.0,1.12,0.05
62,Ward 62,2026-08-24,34.0,72.12,31.56,43.69,48.5,41.6,3.3,68.4,34832,Caution,Yellow,14490.0,1.12,0.08
29,Ward 29,2026-08-24,33.79,71.3,31.32,43.21,46.0,41.5,3.29,78.3,53782,Caution,Yellow,22320.0,1.11,0.12
48,Ward 48,2026-08-24,34.02,71.9,31.48,43.44,47.7,41.4,3.32,70.7,20437,Caution,Yellow,8461.0,1.12,0.05
42,Ward 42,2026-08-24,33.76,72.97,31.34,43.07,46.2,41.0,3.06,74.9,21746,Caution,Yellow,8916.0,1.12,0.05
43,Ward 43,2026-08-24,33.87,72.52,31.4,43.22,46.8,40.9,3.17,71.9,17677,Caution,Yellow,7230.0,1.12,0.04
78,Ward 78,2026-08-24,33.88,72.62,31.49,43.47,47.8,40.6,3.18,66.7,54090,Caution,Yellow,21961.0,1.12,0.13
28,Ward 28,2026-08-24,33.82,71.18,31.33,43.26,46.1,40.4,3.32,72.7,38110,Caution,Yellow,15396.0,1.11,0.09
19,Ward 19,2026-08-24,34.01,71.95,31.47,43.41,47.6,40.0,3.31,64.3,21158,Caution,Yellow,8463.0,1.12,0.05
41,Ward 41,2026-08-24,33.76,72.97,31.34,43.07,46.2,39.7,3.06,68.6,19946,Caution,Yellow,7919.0,1.12,0.05
135,Ward 135,2026-08-24,33.38,74.72,31.24,42.74,45.2,39.5,2.68,71.9,33258,Caution,Yellow,13137.0,1.11,0.07
52,Ward 52,2026-08-24,33.77,73.08,31.44,43.33,47.3,39.3,3.07,62.4,16869,Caution,Yellow,6630.0,1.12,0.04
60,Ward 60,2026-08-24,33.64,73.09,31.4,43.37,46.8,39.3,2.94,64.6,35732,Caution,Yellow,14043.0,1.12,0.08
26,Ward 26,2026-08-24,33.78,72.9,31.35,43.09,46.3,39.2,3.08,65.9,25371,Caution,Yellow,9945.0,1.12,0.06
65,Ward 65,2026-08-24,33.6,73.27,31.39,43.33,46.7,39.2,2.9,64.2,72427,Caution,Yellow,28391.0,1.12,0.17
37,Ward 37,2026-08-24,33.66,71.82,31.24,43.03,45.2,39.1,3.16,70.2,24020,Caution,Yellow,9392.0,1.11,0.05
66,Ward 66,2026-08-24,33.55,73.47,31.37,43.27,46.5,39.0,2.85,64.3,98024,Caution,Yellow,38229.0,1.12,0.22
25,Ward 25,2026-08-24,33.83,72.69,31.37,43.15,46.5,38.9,3.13,63.8,27484,Caution,Yellow,10691.0,1.12,0.06
53,Ward 53,2026-08-24,33.79,73.0,31.45,43.35,47.4,38.8,3.09,59.7,25598,Caution,Yellow,9932.0,1.12,0.06
21,Ward 21,2026-08-24,33.66,73.39,31.29,42.91,45.7,38.7,2.96,65.8,21187,Caution,Yellow,8199.0,1.11,0.05
134,Ward 134,2026-08-24,33.15,75.7,31.14,42.37,44.2,38.7,2.45,72.2,35780,Caution,Yellow,13847.0,1.11,0.08
56,Ward 56,2026-08-24,33.65,73.06,31.41,43.4,47.0,38.4,2.95,59.2,43622,Caution,Yellow,16751.0,1.12,0.1
20,Ward 20,2026-08-24,33.76,72.97,31.34,43.07,46.2,38.2,3.06,61.7,21576,Caution,Yellow,8242.0,1.12,0.05
44,Ward 44,2026-08-24,33.57,73.77,31.24,42.77,45.2,38.1,2.87,65.2,29600,Caution,Yellow,11278.0,1.11,0.07
96,Ward 96,2026-08-24,33.73,77.77,31.66,44.22,49.5,37.8,2.33,47.3,31033,Caution,Yellow,11730.0,1.12,0.08
61,Ward 61,2026-08-24,33.41,74.58,31.26,42.76,45.4,37.6,2.71,61.6,29704,Caution,Yellow,11169.0,1.11,0.07
95,Ward 95,2026-08-24,33.69,77.93,31.63,44.14,49.2,37.6,2.29,47.6,26737,Caution,Yellow,10053.0,1.12,0.06
98,Ward 98,2026-08-24,33.73,77.77,31.66,44.22,49.5,37.5,2.33,46.3,31708,Caution,Yellow,11890.0,1.12,0.08
75,Ward 75,2026-08-24,33.41,74.58,31.26,42.76,45.4,37.4,2.71,61.0,26925,Caution,Yellow,10070.0,1.11,0.06
116,Ward 116,2026-08-24,33.49,78.84,31.54,43.88,48.3,37.4,2.09,49.7,28338,Caution,Yellow,10598.0,1.12,0.07
99,Ward 99,2026-08-24,33.61,76.41,31.57,44.03,48.6,37.3,2.41,48.4,26739,Caution,Yellow,9974.0,1.12,0.06
88,Ward 88,2026-08-24,33.5,74.21,31.31,42.92,45.9,37.2,2.8,58.0,23672,Caution,Yellow,8806.0,1.11,0.05
83,Ward 83,2026-08-24,33.48,74.3,31.3,42.9,45.8,37.1,2.78,57.9,22163,Caution,Yellow,8222.0,1.11,0.05
16,Ward 16,2026-08-24,33.56,72.23,31.2,42.89,44.8,36.9,3.06,60.7,20904,Caution,Yellow,7714.0,1.11,0.05
103,Ward 103,2026-08-24,33.51,76.84,31.52,43.9,48.1,36.7,2.31,47.3,25428,Caution,Yellow,9332.0,1.12,0.06
112,Ward 112,2026-08-24,33.44,79.07,31.5,43.77,47.9,36.6,2.04,47.5,32404,Caution,Yellow,11860.0,1.12,0.08
113,Ward 113,2026-08-24,33.41,79.2,31.5,43.76,47.9,36.6,2.01,47.7,33475,Caution,Yellow,12252.0,1.12,0.08
11,Ward 11,2026-08-24,33.56,72.23,31.2,42.89,44.8,36.5,3.06,59.0,22152,Caution,Yellow,8085.0,1.11,0.05
76,Ward 76,2026-08-24,33.45,74.42,31.29,42.84,45.7,36.5,2.75,55.5,21946,Caution,Yellow,8010.0,1.11,0.05
84,Ward 84,2026-08-24,33.32,74.96,31.21,42.63,44.9,36.5,2.62,58.6,19230,Caution,Yellow,7019.0,1.11,0.04
115,Ward 115,2026-08-24,33.5,78.79,31.53,43.86,48.2,36.5,2.1,46.0,31919,Caution,Yellow,11650.0,1.12,0.08
123,Ward 123,2026-08-24,33.4,79.25,31.49,43.73,47.8,36.5,2.0,47.5,35386,Caution,Yellow,12916.0,1.12,0.08
73,Ward 73,2026-08-24,33.37,74.76,31.25,42.71,45.3,36.3,2.67,55.8,23512,Caution,Yellow,8535.0,1.11,0.05
101,Ward 101,2026-08-24,33.4,77.32,31.47,43.73,47.6,36.3,2.2,47.2,40208,Caution,Yellow,14596.0,1.12,0.09
114,Ward 114,2026-08-24,33.34,79.52,31.45,43.63,47.4,36.2,1.94,47.4,41913,Caution,Yellow,15173.0,1.12,0.1
121,Ward 121,2026-08-24,33.32,79.61,31.45,43.61,47.4,36.2,1.92,47.5,29921,Caution,Yellow,10831.0,1.12,0.07
38,Ward 38,2026-08-24,33.42,72.81,31.13,42.67,44.1,36.1,2.92,59.7,28791,Caution,Yellow,10394.0,1.11,0.06
82,Ward 82,2026-08-24,33.34,74.88,31.23,42.65,45.1,36.1,2.64,55.7,38838,Caution,Yellow,14021.0,1.11,0.09
59,Ward 59,2026-08-24,33.16,75.12,31.17,42.69,44.5,36.0,2.46,57.8,70261,Caution,Yellow,25294.0,1.11,0.15
85,Ward 85,2026-08-24,33.31,75.02,31.21,42.64,44.9,36.0,2.61,56.0,29566,Caution,Yellow,10644.0,1.11,0.06
128,Ward 128,2026-08-24,33.32,79.61,31.45,43.61,47.4,35.9,1.92,46.1,32179,Caution,Yellow,11552.0,1.12,0.07
124,Ward 124,2026-08-24,33.23,80.02,31.4,43.46,46.8,35.8,1.83,47.9,39179,Caution,Yellow,14026.0,1.12,0.09
10,Ward 10,2026-08-24,33.47,72.6,31.15,42.74,44.3,35.7,2.97,56.8,27700,Caution,Yellow,9889.0,1.11,0.06
9,Ward 9,2026-08-24,33.52,73.98,31.22,42.71,45.0,35.5,2.82,53.2,16420,Caution,Yellow,5829.0,1.11,0.04
50,Ward 50,2026-08-24,33.33,74.92,31.22,42.66,45.0,35.5,2.63,53.0,17251,Caution,Yellow,6124.0,1.11,0.04
102,Ward 102,2026-08-24,33.3,77.77,31.42,43.59,47.1,35.5,2.1,45.5,21503,Caution,Yellow,7634.0,1.12,0.05
125,Ward 125,2026-08-24,33.21,80.12,31.39,43.44,46.7,35.5,1.81,46.6,44850,Caution,Yellow,15922.0,1.12,0.1
40,Ward 40,2026-08-24,33.33,73.19,31.08,42.56,43.6,35.4,2.83,58.1,20549,Caution,Yellow,7274.0,1.11,0.04
91,Ward 91,2026-08-24,33.23,74.82,31.21,42.82,44.9,35.3,2.53,52.5,38450,Caution,Yellow,13573.0,1.11,0.08
81,Ward 81,2026-08-24,33.14,75.75,31.13,42.37,44.1,35.2,2.44,55.1,41501,Caution,Yellow,14608.0,1.11,0.09
22,Ward 22,2026-08-24,33.21,75.29,31.07,42.3,43.5,35.0,2.51,56.7,15730,Caution,Yellow,5506.0,1.11,0.03
133,Ward 133,2026-08-24,33.07,76.04,31.1,42.26,43.8,35.0,2.37,55.1,25588,Caution,Yellow,8956.0,1.11,0.05
67,Ward 67,2026-08-24,33.11,75.32,31.14,42.62,44.2,34.9,2.41,53.4,56284,Caution,Yellow,19643.0,1.11,0.12
138,Ward 138,2026-08-24,32.5,80.7,30.94,42.07,42.2,34.7,1.8,60.7,28858,Caution,Yellow,10014.0,1.1,0.06
30,Ward 30,2026-08-24,33.3,73.32,31.06,42.51,43.4,34.6,2.8,55.1,30050,Caution,Yellow,10397.0,1.11,0.06
34,Ward 34,2026-08-24,33.26,74.68,31.21,42.82,44.9,34.6,2.56,49.0,29773,Caution,Yellow,10301.0,1.11,0.07
47,Ward 47,2026-08-24,33.24,75.17,31.07,42.3,43.5,34.6,2.54,54.7,14684,Caution,Yellow,5081.0,1.11,0.03
51,Ward 51,2026-08-24,33.26,75.23,31.19,42.56,44.7,34.6,2.56,50.0,13556,Caution,Yellow,4690.0,1.11,0.03
132,Ward 132,2026-08-24,33.08,76.01,31.09,42.25,43.7,34.6,2.38,53.9,26274,Caution,Yellow,9091.0,1.11,0.06
72,Ward 72,2026-08-24,33.1,75.92,31.11,42.3,43.9,34.5,2.4,52.6,19167,Caution,Yellow,6613.0,1.11,0.04
100,Ward 100,2026-08-24,33.15,78.45,31.35,43.38,46.3,34.5,1.95,43.6,25507,Caution,Yellow,8800.0,1.12,0.06
55,Ward 55,2026-08-24,33.02,75.73,31.09,42.47,43.7,34.4,2.32,52.9,32254,Caution,Yellow,11095.0,1.11,0.07
64,Ward 64,2026-08-24,32.95,76.03,31.06,42.39,43.4,34.4,2.25,54.1,31280,Caution,Yellow,10760.0,1.11,0.07
111,Ward 111,2026-08-24,33.02,79.02,31.28,43.19,45.6,34.4,1.82,45.5,38647,Caution,Yellow,13295.0,1.11,0.09
117,Ward 117,2026-08-24,33.04,76.19,31.08,42.2,43.6,34.4,2.34,53.1,21824,Caution,Yellow,7507.0,1.11,0.05
14,Ward 14,2026-08-24,33.21,73.69,31.02,42.35,43.0,34.1,2.71,54.2,53343,Caution,Yellow,18190.0,1.11,0.11
17,Ward 17,2026-08-24,33.34,73.14,31.09,42.55,43.7,34.1,2.84,51.0,21023,Caution,Yellow,7169.0,1.11,0.04
89,Ward 89,2026-08-24,33.13,75.79,31.12,42.34,44.0,34.1,2.43,50.0,22304,Caution,Yellow,7606.0,1.11,0.05
36,Ward 36,2026-08-24,32.6,76.29,30.71,41.46,39.9,34.0,2.1,66.9,27238,Caution,Yellow,9261.0,1.1,0.05
118,Ward 118,2026-08-24,33.0,76.34,31.05,42.13,43.3,34.0,2.3,52.3,21810,Caution,Yellow,7415.0,1.11,0.05
127,Ward 127,2026-08-24,32.97,81.22,31.27,43.08,45.5,34.0,1.57,44.0,43782,Caution,Yellow,14886.0,1.11,0.1
110,Ward 110,2026-08-24,32.93,79.44,31.23,43.04,45.1,33.9,1.73,44.7,27470,Caution,Yellow,9312.0,1.11,0.06
120,Ward 120,2026-08-24,33.07,76.04,31.1,42.26,43.8,33.9,2.37,49.9,19710,Caution,Yellow,6682.0,1.11,0.04
122,Ward 122,2026-08-24,32.95,81.32,31.26,43.06,45.4,33.9,1.55,43.9,39198,Caution,Yellow,13288.0,1.11,0.09
8,Ward 8,2026-08-24,33.28,73.4,31.05,42.49,43.3,33.7,2.78,50.9,18760,Caution,Yellow,6322.0,1.11,0.04
13,Ward 13,2026-08-24,33.02,74.5,30.93,42.09,42.1,33.7,2.52,55.4,33066,Caution,Yellow,11143.0,1.1,0.07
3,Ward 3,2026-08-24,33.08,74.24,30.95,42.19,42.3,33.6,2.58,54.4,53855,Caution,Yellow,18095.0,1.1,0.11
27,Ward 27,2026-08-24,33.13,74.02,30.97,42.27,42.5,33.6,2.63,53.7,19350,Caution,Yellow,6502.0,1.1,0.04
7,Ward 7,2026-08-24,33.11,74.11,30.97,42.21,42.5,33.4,2.61,52.6,19180,Caution,Yellow,6406.0,1.1,0.04
15,Ward 15,2026-08-24,33.11,74.11,30.97,42.21,42.5,33.4,2.61,52.4,23922,Caution,Yellow,7990.0,1.1,0.05
1,Ward 1,2026-08-24,33.03,74.46,30.93,42.12,42.1,33.3,2.53,53.6,53125,Caution,Yellow,17691.0,1.1,0.11
105,Ward 105,2026-08-24,33.08,75.47,31.13,42.57,44.1,33.3,2.38,45.8,21267,Caution,Yellow,7082.0,1.11,0.05
71,Ward 71,2026-08-24,32.98,76.43,31.05,42.11,43.3,33.2,2.28,48.2,29922,Caution,Yellow,9934.0,1.11,0.06
130,Ward 130,2026-08-24,32.9,76.8,31.01,41.99,42.9,33.2,2.2,49.8,23227,Caution,Yellow,7711.0,1.1,0.05
68,Ward 68,2026-08-24,32.83,76.55,31.01,42.23,42.9,33.1,2.13,49.4,20724,Caution,Yellow,6860.0,1.1,0.04
35,Ward 35,2026-08-24,33.14,73.99,30.98,42.26,42.6,33.0,2.64,49.9,35024,Caution,Yellow,11558.0,1.1,0.07
126,Ward 126,2026-08-24,32.82,81.94,31.2,42.86,44.8,33.0,1.42,41.4,31631,Caution,Yellow,10438.0,1.11,0.07
4,Ward 4,2026-08-24,33.01,74.52,30.92,42.06,42.0,32.8,2.51,51.5,34476,Caution,Yellow,11308.0,1.1,0.07
131,Ward 131,2026-08-24,32.85,77.01,30.98,41.92,42.6,32.8,2.15,48.9,30911,Caution,Yellow,10139.0,1.1,0.06
104,Ward 104,2026-08-24,33.01,75.77,31.09,42.49,43.7,32.7,2.31,43.9,33185,Caution,Yellow,10851.0,1.11,0.07
139,Ward 139,2026-08-24,32.1,82.56,30.74,41.46,40.2,32.7,1.4,58.5,42014,Caution,Yellow,13739.0,1.1,0.08
93,Ward 93,2026-08-24,32.82,77.14,30.97,41.87,42.5,32.5,2.12,47.7,44364,Caution,Yellow,14418.0,1.1,0.09
119,Ward 119,2026-08-24,32.86,76.96,30.99,41.95,42.7,32.5,2.16,46.9,16491,Caution,Yellow,5360.0,1.1,0.03
136,Ward 136,2026-08-24,32.67,77.8,30.89,41.67,41.7,32.5,1.97,51.0,21482,Caution,Yellow,6982.0,1.1,0.04
69,Ward 69,2026-08-24,32.68,77.75,30.89,41.66,41.7,32.4,1.98,50.6,44111,Caution,Yellow,14292.0,1.1,0.09
92,Ward 92,2026-08-24,32.84,76.51,31.0,42.22,42.8,32.2,2.14,44.8,36450,Caution,Yellow,11737.0,1.1,0.08
137,Ward 137,2026-08-24,32.31,79.43,30.72,41.14,40.0,32.2,1.61,56.7,19385,Caution,Yellow,6242.0,1.1,0.04
109,Ward 109,2026-08-24,32.34,82.19,30.95,42.17,42.3,32.1,1.14,46.2,64567,Caution,Yellow,20726.0,1.1,0.13
106,Ward 106,2026-08-24,32.7,77.12,30.94,42.04,42.2,32.0,2.0,46.1,40618,Caution,Yellow,12998.0,1.1,0.08
70,Ward 70,2026-08-24,32.76,77.41,30.93,41.78,42.1,31.9,2.06,46.0,18618,Caution,Yellow,5939.0,1.1,0.04
97,Ward 97,2026-08-24,32.75,82.26,31.16,42.76,44.4,31.9,1.35,37.4,37199,Caution,Yellow,11866.0,1.11,0.08
107,Ward 107,2026-08-24,32.6,77.56,30.89,41.89,41.7,31.9,1.9,47.8,54260,Caution,Yellow,17309.0,1.1,0.11
129,Ward 129,2026-08-24,32.68,77.75,30.89,41.66,41.7,31.9,1.98,47.9,39654,Caution,Yellow,12650.0,1.1,0.08
57,Ward 57,2026-08-24,32.42,78.36,30.8,41.63,40.8,31.7,1.72,50.6,49856,Caution,Yellow,15804.0,1.1,0.1
12,Ward 12,2026-08-24,32.71,75.82,30.77,41.61,40.5,31.6,2.21,51.1,21493,Caution,Yellow,6792.0,1.1,0.04
86,Ward 86,2026-08-24,32.63,77.98,30.87,41.59,41.5,31.6,1.93,47.1,19195,Caution,Yellow,6066.0,1.1,0.04
31,Ward 31,2026-08-24,32.7,75.86,30.77,41.61,40.5,31.4,2.2,50.1,39025,Caution,Yellow,12254.0,1.1,0.08
141,Ward 141,2026-08-24,31.88,83.61,30.63,41.12,39.2,31.4,1.18,55.9,41152,Caution,Yellow,12922.0,1.1,0.08
32,Ward 32,2026-08-24,32.5,76.74,30.66,41.3,39.4,31.3,2.0,54.1,45636,Caution,Yellow,14284.0,1.1,0.09
6,Ward 6,2026-08-24,32.53,76.6,30.68,41.36,39.6,31.2,2.03,52.9,42346,Caution,Yellow,13212.0,1.1,0.08
140,Ward 140,2026-08-24,31.77,84.14,30.57,40.93,38.6,31.1,1.07,56.8,30504,Caution,Yellow,9487.0,1.09,0.06
2,Ward 2,2026-08-24,32.81,75.38,30.81,41.76,40.9,31.0,2.31,46.3,48190,Caution,Yellow,14939.0,1.1,0.09
33,Ward 33,2026-08-24,32.39,78.51,30.79,41.57,40.7,30.2,1.69,42.5,45919,Caution,Yellow,13868.0,1.1,0.09
79,Ward 79,2026-08-24,32.15,80.16,30.63,40.89,39.2,30.2,1.45,49.2,44303,Caution,Yellow,13380.0,1.1,0.08
58,Ward 58,2026-08-24,31.65,81.92,30.42,40.45,37.1,29.1,0.95,51.8,88465,Caution,Yellow,25743.0,1.09,0.16
74,Ward 74,2026-08-24,31.91,81.28,30.52,40.54,38.1,28.7,1.21,45.1,42176,Caution,Yellow,12105.0,1.09,0.08
46,Ward 46,2026-08-24,31.73,82.12,30.43,40.26,37.2,28.6,1.03,48.6,12823,Caution,Yellow,3667.0,1.09,0.02
94,Ward 94,2026-08-24,31.97,86.06,30.78,41.59,40.6,28.6,0.57,34.3,27469,Caution,Yellow,7856.0,1.1,0.05
5,Ward 5,2026-08-24,32.2,78.07,30.52,40.82,38.1,28.2,1.7,42.1,23707,Caution,Yellow,6685.0,1.09,0.04
87,Ward 87,2026-08-24,31.75,82.03,30.43,40.28,37.2,26.9,1.05,38.2,12675,Caution,Yellow,3410.0,1.09,0.02
108,Ward 108,2026-08-24,31.06,84.76,30.13,39.52,34.4,25.8,0.36,44.3,64777,Caution,Yellow,16712.0,1.08,0.1
80,Ward 80,2026-08-24,30.74,86.96,29.93,38.68,32.5,25.4,0.04,51.2,31094,Caution,Yellow,7898.0,1.08,0.05
90,Ward 90,2026-08-24,31.15,84.92,30.14,39.36,34.5,24.6,0.45,36.3,18857,Normal,Green,4639.0,1.08,0.03
45,Ward 45,2026-08-24,30.7,86.99,29.82,38.5,31.5,24.3,0.0,49.3,8394,Normal,Green,2040.0,1.07,0.01
63,Ward 63,2026-08-24,30.78,86.76,29.96,38.77,32.8,24.1,0.08,41.1,24387,Normal,Green,5877.0,1.08,0.04
49,Ward 49,2026-08-25,35.22,70.02,32.29,46.32,56.2,51.8,3.22,82.7,19416,Danger,Orange,10057.0,1.14,0.05
24,Ward 24,2026-08-25,35.37,69.73,32.31,46.32,56.4,51.5,3.47,80.5,19824,Danger,Orange,10209.0,1.14,0.06
29,Ward 29,2026-08-25,35.29,69.75,32.33,46.43,56.6,51.1,3.29,78.3,53782,Danger,Orange,27483.0,1.14,0.15
23,Ward 23,2026-08-25,35.4,69.61,32.32,46.36,56.5,50.7,3.5,77.0,18256,Danger,Orange,9256.0,1.14,0.05
54,Ward 54,2026-08-25,35.59,69.72,32.38,46.85,57.2,50.1,3.39,72.5,36235,Danger,Orange,18154.0,1.14,0.1
28,Ward 28,2026-08-25,35.32,69.63,32.35,46.47,56.9,49.9,3.32,72.7,38110,Caution,Yellow,19017.0,1.14,0.11
39,Ward 39,2026-08-25,35.14,70.64,32.19,46.02,55.1,49.6,3.24,77.7,21296,Caution,Yellow,10563.0,1.14,0.06
18,Ward 18,2026-08-25,35.33,69.88,32.29,46.3,56.2,48.9,3.43,71.1,22267,Caution,Yellow,10889.0,1.14,0.06
37,Ward 37,2026-08-25,35.16,70.26,32.26,46.23,55.9,48.4,3.16,70.2,24020,Caution,Yellow,11626.0,1.14,0.07
48,Ward 48,2026-08-25,35.22,70.3,32.23,46.11,55.6,48.3,3.32,70.7,20437,Caution,Yellow,9871.0,1.14,0.06
42,Ward 42,2026-08-25,34.96,71.35,32.1,45.76,54.2,48.1,3.06,74.9,21746,Caution,Yellow,10460.0,1.14,0.06
43,Ward 43,2026-08-25,35.07,70.9,32.15,45.9,54.7,47.8,3.17,71.9,17677,Caution,Yellow,8450.0,1.14,0.05
77,Ward 77,2026-08-25,35.0,70.16,32.07,45.84,53.9,47.2,3.4,72.2,45984,Caution,Yellow,21704.0,1.14,0.12
19,Ward 19,2026-08-25,35.21,70.36,32.23,46.13,55.6,46.7,3.31,64.3,21158,Caution,Yellow,9881.0,1.14,0.06
41,Ward 41,2026-08-25,34.96,71.35,32.1,45.76,54.2,46.5,3.06,68.6,19946,Caution,Yellow,9275.0,1.14,0.05
26,Ward 26,2026-08-25,34.98,71.28,32.11,45.77,54.3,46.0,3.08,65.9,25371,Caution,Yellow,11671.0,1.14,0.07
60,Ward 60,2026-08-25,35.14,71.52,32.15,46.22,54.7,46.0,2.94,64.6,35732,Caution,Yellow,16437.0,1.14,0.1
25,Ward 25,2026-08-25,35.03,71.08,32.14,45.88,54.6,45.7,3.13,63.8,27484,Caution,Yellow,12560.0,1.14,0.07
62,Ward 62,2026-08-25,34.9,70.55,32.02,45.68,53.3,45.7,3.3,68.4,34832,Caution,Yellow,15918.0,1.13,0.09
65,Ward 65,2026-08-25,35.1,71.66,32.13,46.14,54.5,45.7,2.9,64.2,72427,Caution,Yellow,33099.0,1.14,0.2
16,Ward 16,2026-08-25,35.06,70.65,32.21,46.07,55.4,45.6,3.06,60.7,20904,Caution,Yellow,9532.0,1.14,0.06
66,Ward 66,2026-08-25,35.05,71.88,32.1,46.09,54.2,45.5,2.85,64.3,98024,Caution,Yellow,44601.0,1.14,0.26
21,Ward 21,2026-08-25,34.86,71.75,32.06,45.65,53.7,45.4,2.96,65.8,21187,Caution,Yellow,9619.0,1.14,0.06
11,Ward 11,2026-08-25,35.06,70.65,32.21,46.07,55.4,45.2,3.06,59.0,22152,Caution,Yellow,10013.0,1.14,0.06
20,Ward 20,2026-08-25,34.96,71.35,32.1,45.76,54.2,44.9,3.06,61.7,21576,Caution,Yellow,9688.0,1.14,0.06
44,Ward 44,2026-08-25,34.77,72.12,32.01,45.52,53.2,44.9,2.87,65.2,29600,Caution,Yellow,13290.0,1.13,0.08
78,Ward 78,2026-08-25,34.78,71.03,31.96,45.5,52.7,44.8,3.18,66.7,54090,Caution,Yellow,24232.0,1.13,0.14
38,Ward 38,2026-08-25,34.92,71.22,32.14,45.89,54.6,44.7,2.92,59.7,28791,Caution,Yellow,12870.0,1.14,0.08
56,Ward 56,2026-08-25,35.15,71.47,32.16,46.2,54.8,44.7,2.95,59.2,43622,Caution,Yellow,19499.0,1.14,0.12
10,Ward 10,2026-08-25,34.97,71.01,32.16,45.94,54.8,44.1,2.97,56.8,27700,Caution,Yellow,12216.0,1.14,0.08
40,Ward 40,2026-08-25,34.83,71.58,32.1,45.75,54.2,44.0,2.83,58.1,20549,Caution,Yellow,9042.0,1.14,0.06
135,Ward 135,2026-08-25,34.28,73.08,31.71,44.82,50.1,43.8,2.68,71.9,33258,Caution,Yellow,14567.0,1.12,0.08
52,Ward 52,2026-08-25,34.67,71.47,31.91,45.36,52.2,43.4,3.07,62.4,16869,Caution,Yellow,7321.0,1.13,0.04
30,Ward 30,2026-08-25,34.8,71.71,32.08,45.71,54.0,43.1,2.8,55.1,30050,Caution,Yellow,12952.0,1.14,0.08
36,Ward 36,2026-08-25,34.1,74.61,31.73,44.73,50.3,42.8,2.1,66.9,27238,Caution,Yellow,11658.0,1.13,0.07
134,Ward 134,2026-08-25,34.05,74.03,31.6,44.48,48.9,42.8,2.45,72.2,35780,Caution,Yellow,15314.0,1.12,0.09
53,Ward 53,2026-08-25,34.69,71.4,31.91,45.37,52.2,42.7,3.09,59.7,25598,Caution,Yellow,10930.0,1.13,0.07
14,Ward 14,2026-08-25,34.71,72.06,32.03,45.58,53.4,42.4,2.71,54.2,53343,Caution,Yellow,22617.0,1.13,0.14
17,Ward 17,2026-08-25,34.84,71.54,32.11,45.79,54.3,42.3,2.84,51.0,21023,Caution,Yellow,8893.0,1.14,0.06
59,Ward 59,2026-08-25,34.66,73.49,31.91,45.52,52.2,42.3,2.46,57.8,70261,Caution,Yellow,29720.0,1.13,0.18
3,Ward 3,2026-08-25,34.58,72.61,31.97,45.42,52.8,42.0,2.58,54.4,53855,Caution,Yellow,22619.0,1.13,0.14
8,Ward 8,2026-08-25,34.78,71.8,32.07,45.7,53.9,42.0,2.78,50.9,18760,Caution,Yellow,7879.0,1.14,0.05
13,Ward 13,2026-08-25,34.52,72.86,31.94,45.33,52.5,42.0,2.52,55.4,33066,Caution,Yellow,13888.0,1.13,0.09
27,Ward 27,2026-08-25,34.63,72.4,32.0,45.48,53.1,42.0,2.63,53.7,19350,Caution,Yellow,8127.0,1.13,0.05
9,Ward 9,2026-08-25,34.72,72.32,31.98,45.41,52.9,41.8,2.82,53.2,16420,Caution,Yellow,6864.0,1.13,0.04
7,Ward 7,2026-08-25,34.61,72.49,31.99,45.46,53.0,41.7,2.61,52.6,19180,Caution,Yellow,7998.0,1.13,0.05
1,Ward 1,2026-08-25,34.53,72.81,31.95,45.36,52.6,41.6,2.53,53.6,53125,Caution,Yellow,22100.0,1.13,0.14
15,Ward 15,2026-08-25,34.61,72.49,31.99,45.46,53.0,41.6,2.61,52.4,23922,Caution,Yellow,9952.0,1.13,0.06
61,Ward 61,2026-08-25,34.31,72.95,31.73,44.87,50.3,41.6,2.71,61.6,29704,Caution,Yellow,12357.0,1.13,0.07
75,Ward 75,2026-08-25,34.31,72.95,31.73,44.87,50.3,41.5,2.71,61.0,26925,Caution,Yellow,11174.0,1.13,0.07
99,Ward 99,2026-08-25,35.11,74.47,32.07,46.33,53.9,41.4,2.41,48.4,26739,Caution,Yellow,11070.0,1.14,0.07
22,Ward 22,2026-08-25,34.41,73.61,31.83,44.99,51.3,41.3,2.51,56.7,15730,Caution,Yellow,6496.0,1.13,0.04
91,Ward 91,2026-08-25,34.73,73.19,31.94,45.64,52.5,41.3,2.53,52.5,38450,Caution,Yellow,15880.0,1.13,0.1
35,Ward 35,2026-08-25,34.64,72.35,32.01,45.51,53.2,41.2,2.64,49.9,35024,Caution,Yellow,14430.0,1.13,0.09
88,Ward 88,2026-08-25,34.4,72.58,31.78,45.0,50.8,41.2,2.8,58.0,23672,Caution,Yellow,9753.0,1.13,0.06
4,Ward 4,2026-08-25,34.51,72.89,31.93,45.3,52.4,41.0,2.51,51.5,34476,Caution,Yellow,14135.0,1.13,0.09
67,Ward 67,2026-08-25,34.61,73.7,31.89,45.46,51.9,41.0,2.41,53.4,56284,Caution,Yellow,23076.0,1.13,0.14
83,Ward 83,2026-08-25,34.38,72.66,31.76,44.94,50.6,41.0,2.78,57.9,22163,Caution,Yellow,9087.0,1.13,0.06
47,Ward 47,2026-08-25,34.44,73.49,31.84,45.03,51.4,40.9,2.54,54.7,14684,Caution,Yellow,6006.0,1.13,0.04
103,Ward 103,2026-08-25,35.01,74.89,32.03,46.22,53.4,40.7,2.31,47.3,25428,Caution,Yellow,10349.0,1.13,0.07
34,Ward 34,2026-08-25,34.76,73.07,31.96,45.69,52.7,40.6,2.56,49.0,29773,Caution,Yellow,12088.0,1.13,0.08
55,Ward 55,2026-08-25,34.52,74.08,31.84,45.33,51.4,40.5,2.32,52.9,32254,Caution,Yellow,13063.0,1.13,0.08
64,Ward 64,2026-08-25,34.45,74.37,31.8,45.25,51.0,40.5,2.25,54.1,31280,Caution,Yellow,12668.0,1.13,0.08
84,Ward 84,2026-08-25,34.22,73.33,31.68,44.73,49.7,40.4,2.62,58.6,19230,Caution,Yellow,7769.0,1.12,0.05
76,Ward 76,2026-08-25,34.35,72.78,31.74,44.9,50.4,40.3,2.75,55.5,21946,Caution,Yellow,8844.0,1.13,0.05
101,Ward 101,2026-08-25,34.9,75.35,31.97,46.02,52.8,40.3,2.2,47.2,40208,Caution,Yellow,16204.0,1.13,0.1
73,Ward 73,2026-08-25,34.27,73.11,31.7,44.79,50.0,40.1,2.67,55.8,23512,Caution,Yellow,9428.0,1.12,0.06
82,Ward 82,2026-08-25,34.24,73.24,31.69,44.75,49.8,39.9,2.64,55.7,38838,Caution,Yellow,15496.0,1.12,0.1
85,Ward 85,2026-08-25,34.21,73.36,31.67,44.7,49.6,39.8,2.61,56.0,29566,Caution,Yellow,11767.0,1.12,0.07
12,Ward 12,2026-08-25,34.21,74.15,31.79,44.89,50.9,39.7,2.21,51.1,21493,Caution,Yellow,8533.0,1.13,0.05
32,Ward 32,2026-08-25,34.0,75.03,31.69,44.61,49.8,39.5,2.0,54.1,45636,Caution,Yellow,18026.0,1.12,0.11
102,Ward 102,2026-08-25,34.8,75.79,31.92,45.91,52.3,39.5,2.1,45.5,21503,Caution,Yellow,8494.0,1.13,0.06
6,Ward 6,2026-08-25,34.03,74.9,31.7,44.65,50.0,39.4,2.03,52.9,42346,Caution,Yellow,16684.0,1.12,0.1
31,Ward 31,2026-08-25,34.2,74.18,31.78,44.86,50.8,39.4,2.2,50.1,39025,Caution,Yellow,15376.0,1.13,0.1
96,Ward 96,2026-08-25,34.63,75.73,31.86,46.02,51.6,39.4,2.33,47.3,31033,Caution,Yellow,12227.0,1.13,0.08
50,Ward 50,2026-08-25,34.23,73.27,31.69,44.76,49.8,39.3,2.63,53.0,17251,Caution,Yellow,6780.0,1.12,0.04
95,Ward 95,2026-08-25,34.59,75.91,31.84,45.99,51.4,39.3,2.29,47.6,26737,Caution,Yellow,10508.0,1.13,0.07
105,Ward 105,2026-08-25,34.58,73.82,31.88,45.42,51.8,39.2,2.38,45.8,21267,Caution,Yellow,8337.0,1.13,0.05
2,Ward 2,2026-08-25,34.31,73.72,31.85,45.06,51.5,39.1,2.31,46.3,48190,Caution,Yellow,18842.0,1.13,0.12
98,Ward 98,2026-08-25,34.63,75.73,31.86,46.02,51.6,39.1,2.33,46.3,31708,Caution,Yellow,12398.0,1.13,0.08
68,Ward 68,2026-08-25,34.33,74.88,31.75,45.07,50.5,39.0,2.13,49.4,20724,Caution,Yellow,8082.0,1.13,0.05
116,Ward 116,2026-08-25,34.39,76.78,31.74,45.7,50.4,39.0,2.09,49.7,28338,Caution,Yellow,11052.0,1.13,0.07
81,Ward 81,2026-08-25,34.04,74.07,31.59,44.45,48.8,38.9,2.44,55.1,41501,Caution,Yellow,16144.0,1.12,0.1
133,Ward 133,2026-08-25,33.97,74.37,31.56,44.38,48.5,38.7,2.37,55.1,25588,Caution,Yellow,9903.0,1.12,0.06
132,Ward 132,2026-08-25,33.98,74.33,31.57,44.41,48.6,38.5,2.38,53.9,26274,Caution,Yellow,10115.0,1.12,0.06
100,Ward 100,2026-08-25,34.65,76.44,31.84,45.69,51.4,38.4,1.95,43.6,25507,Caution,Yellow,9795.0,1.13,0.06
51,Ward 51,2026-08-25,34.16,73.57,31.65,44.64,49.4,38.3,2.56,50.0,13556,Caution,Yellow,5192.0,1.12,0.03
104,Ward 104,2026-08-25,34.51,74.12,31.83,45.3,51.3,38.3,2.31,43.9,33185,Caution,Yellow,12710.0,1.13,0.08
111,Ward 111,2026-08-25,34.52,77.02,31.78,45.52,50.8,38.3,1.82,45.5,38647,Caution,Yellow,14802.0,1.13,0.1
112,Ward 112,2026-08-25,34.34,77.01,31.72,45.63,50.2,38.3,2.04,47.5,32404,Caution,Yellow,12411.0,1.12,0.08
72,Ward 72,2026-08-25,34.0,74.25,31.57,44.42,48.6,38.2,2.4,52.6,19167,Caution,Yellow,7322.0,1.12,0.05
113,Ward 113,2026-08-25,34.31,77.13,31.7,45.59,50.0,38.2,2.01,47.7,33475,Caution,Yellow,12787.0,1.12,0.08
115,Ward 115,2026-08-25,34.4,76.74,31.75,45.73,50.5,38.2,2.1,46.0,31919,Caution,Yellow,12193.0,1.13,0.08
117,Ward 117,2026-08-25,33.94,74.5,31.54,44.33,48.3,38.1,2.34,53.1,21824,Caution,Yellow,8315.0,1.12,0.05
92,Ward 92,2026-08-25,34.34,74.83,31.75,45.06,50.5,38.0,2.14,44.8,36450,Caution,Yellow,13851.0,1.13,0.09
123,Ward 123,2026-08-25,34.3,77.18,31.69,45.55,49.8,38.0,2.0,47.5,35386,Caution,Yellow,13447.0,1.12,0.09
110,Ward 110,2026-08-25,34.43,77.42,31.74,45.39,50.4,37.9,1.73,44.7,27470,Caution,Yellow,10411.0,1.13,0.07
114,Ward 114,2026-08-25,34.24,77.45,31.67,45.51,49.6,37.9,1.94,47.4,41913,Caution,Yellow,15885.0,1.12,0.1
89,Ward 89,2026-08-25,34.03,74.12,31.59,44.47,48.8,37.8,2.43,50.0,22304,Caution,Yellow,8431.0,1.12,0.05
118,Ward 118,2026-08-25,33.9,74.67,31.52,44.25,48.1,37.8,2.3,52.3,21810,Caution,Yellow,8244.0,1.12,0.05
121,Ward 121,2026-08-25,34.22,77.53,31.66,45.44,49.5,37.8,1.92,47.5,29921,Caution,Yellow,11310.0,1.12,0.07
106,Ward 106,2026-08-25,34.2,75.42,31.69,44.86,49.8,37.7,2.0,46.1,40618,Caution,Yellow,15313.0,1.12,0.1
57,Ward 57,2026-08-25,33.92,76.65,31.55,44.5,48.4,37.6,1.72,50.6,49856,Caution,Yellow,18746.0,1.12,0.12
107,Ward 107,2026-08-25,34.1,75.85,31.63,44.73,49.2,37.6,1.9,47.8,54260,Caution,Yellow,20402.0,1.12,0.13
120,Ward 120,2026-08-25,33.97,74.37,31.56,44.38,48.5,37.6,2.37,49.9,19710,Caution,Yellow,7411.0,1.12,0.05
124,Ward 124,2026-08-25,34.13,77.94,31.62,45.35,49.1,37.6,1.83,47.9,39179,Caution,Yellow,14731.0,1.12,0.09
128,Ward 128,2026-08-25,34.22,77.53,31.66,45.44,49.5,37.5,1.92,46.1,32179,Caution,Yellow,12067.0,1.12,0.08
125,Ward 125,2026-08-25,34.11,78.02,31.6,45.28,48.9,37.1,1.81,46.6,44850,Caution,Yellow,16639.0,1.12,0.11
71,Ward 71,2026-08-25,33.88,74.75,31.51,44.23,48.0,36.8,2.28,48.2,29922,Caution,Yellow,11011.0,1.12,0.07
130,Ward 130,2026-08-25,33.8,75.09,31.47,44.12,47.6,36.8,2.2,49.8,23227,Caution,Yellow,8548.0,1.12,0.05
131,Ward 131,2026-08-25,33.75,75.3,31.45,44.06,47.4,36.5,2.15,48.9,30911,Caution,Yellow,11283.0,1.12,0.07
138,Ward 138,2026-08-25,33.0,79.64,31.15,43.69,44.3,36.5,1.8,60.7,28858,Caution,Yellow,10533.0,1.11,0.06
136,Ward 136,2026-08-25,33.57,76.08,31.36,43.81,46.4,36.2,1.97,51.0,21482,Caution,Yellow,7776.0,1.12,0.05
69,Ward 69,2026-08-25,33.58,76.04,31.36,43.8,46.4,36.1,1.98,50.6,44111,Caution,Yellow,15924.0,1.12,0.1
93,Ward 93,2026-08-25,33.72,75.44,31.43,44.01,47.2,36.1,2.12,47.7,44364,Caution,Yellow,16015.0,1.12,0.1
119,Ward 119,2026-08-25,33.76,75.28,31.46,44.09,47.5,36.1,2.16,46.9,16491,Caution,Yellow,5953.0,1.12,0.04
137,Ward 137,2026-08-25,33.21,77.66,31.18,43.27,44.6,35.9,1.61,56.7,19385,Caution,Yellow,6959.0,1.11,0.04
109,Ward 109,2026-08-25,33.84,80.07,31.44,44.52,47.3,35.8,1.14,46.2,64567,Caution,Yellow,23115.0,1.12,0.15
5,Ward 5,2026-08-25,33.7,76.32,31.54,44.17,48.3,35.7,1.7,42.1,23707,Caution,Yellow,8463.0,1.12,0.06
33,Ward 33,2026-08-25,33.89,76.78,31.53,44.45,48.2,35.7,1.69,42.5,45919,Caution,Yellow,16393.0,1.12,0.11
122,Ward 122,2026-08-25,33.85,79.2,31.48,44.93,47.7,35.7,1.55,43.9,39198,Caution,Yellow,13994.0,1.12,0.09
127,Ward 127,2026-08-25,33.87,79.11,31.48,44.94,47.7,35.7,1.57,44.0,43782,Caution,Yellow,15630.0,1.12,0.1
129,Ward 129,2026-08-25,33.58,76.04,31.36,43.8,46.4,35.5,1.98,47.9,39654,Caution,Yellow,14077.0,1.12,0.09
70,Ward 70,2026-08-25,33.66,75.69,31.4,43.91,46.8,35.4,2.06,46.0,18618,Caution,Yellow,6591.0,1.12,0.04
86,Ward 86,2026-08-25,33.53,76.26,31.34,43.74,46.2,35.2,1.93,47.1,19195,Caution,Yellow,6757.0,1.12,0.04
58,Ward 58,2026-08-25,33.15,80.1,31.16,43.38,44.4,34.8,0.95,51.8,88465,Caution,Yellow,30786.0,1.11,0.19
126,Ward 126,2026-08-25,33.72,79.79,31.41,44.74,47.0,34.6,1.42,41.4,31631,Caution,Yellow,10944.0,1.12,0.07
139,Ward 139,2026-08-25,32.6,81.47,30.95,43.08,42.3,34.4,1.4,58.5,42014,Caution,Yellow,14453.0,1.1,0.09
79,Ward 79,2026-08-25,33.05,78.37,31.09,43.03,43.7,33.7,1.45,49.2,44303,Caution,Yellow,14930.0,1.11,0.09
97,Ward 97,2026-08-25,33.65,80.11,31.37,44.61,46.5,33.4,1.35,37.4,37199,Caution,Yellow,12424.0,1.12,0.08
141,Ward 141,2026-08-25,32.38,82.51,30.85,42.74,41.3,33.1,1.18,55.9,41152,Caution,Yellow,13621.0,1.1,0.08
140,Ward 140,2026-08-25,32.27,83.03,30.79,42.55,40.7,32.8,1.07,56.8,30504,Caution,Yellow,10005.0,1.1,0.06
46,Ward 46,2026-08-25,32.63,80.29,30.89,42.43,41.7,32.1,1.03,48.6,12823,Caution,Yellow,4116.0,1.1,0.03
74,Ward 74,2026-08-25,32.81,79.46,30.98,42.7,42.6,32.1,1.21,45.1,42176,Caution,Yellow,13538.0,1.1,0.09
108,Ward 108,2026-08-25,32.56,82.88,30.87,42.5,41.5,31.1,0.36,44.3,64777,Caution,Yellow,20146.0,1.1,0.13
87,Ward 87,2026-08-25,32.65,80.19,30.9,42.45,41.8,30.2,1.05,38.2,12675,Caution,Yellow,3828.0,1.1,0.03
94,Ward 94,2026-08-25,32.87,83.79,30.99,43.48,42.7,30.1,0.57,34.3,27469,Caution,Yellow,8268.0,1.1,0.06
45,Ward 45,2026-08-25,31.9,85.0,30.58,41.29,38.7,29.9,0.0,49.3,8394,Caution,Yellow,2510.0,1.09,0.02
80,Ward 80,2026-08-25,31.64,85.01,30.4,40.89,36.9,28.8,0.04,51.2,31094,Caution,Yellow,8955.0,1.09,0.05
90,Ward 90,2026-08-25,32.05,83.02,30.6,41.53,38.9,27.7,0.45,36.3,18857,Caution,Yellow,5223.0,1.09,0.04
63,Ward 63,2026-08-25,31.68,84.8,30.42,40.94,37.1,27.3,0.08,41.1,24387,Caution,Yellow,6658.0,1.09,0.04
24,Ward 24,2026-08-26,35.87,70.3,32.71,46.4,60.8,55.5,3.47,80.5,19824,Danger,Orange,11002.0,1.15,0.06
49,Ward 49,2026-08-26,35.82,71.12,32.59,45.54,59.5,54.9,3.22,82.7,19416,Danger,Orange,10659.0,1.15,0.06
23,Ward 23,2026-08-26,35.9,70.2,32.74,46.45,61.1,54.8,3.5,77.0,18256,Danger,Orange,10004.0,1.15,0.06
29,Ward 29,2026-08-26,35.89,70.85,32.63,45.65,59.9,54.1,3.29,78.3,53782,Danger,Orange,29096.0,1.15,0.16
54,Ward 54,2026-08-26,35.79,71.48,32.79,46.58,61.7,54.1,3.39,72.5,36235,Danger,Orange,19603.0,1.16,0.11
39,Ward 39,2026-08-26,35.64,71.23,32.6,46.04,59.6,53.6,3.24,77.7,21296,Danger,Orange,11415.0,1.15,0.06
77,Ward 77,2026-08-26,35.6,71.38,32.7,46.67,60.7,53.1,3.4,72.2,45984,Danger,Orange,24418.0,1.15,0.14
18,Ward 18,2026-08-26,35.83,70.47,32.7,46.32,60.7,52.8,3.43,71.1,22267,Danger,Orange,11757.0,1.15,0.07
28,Ward 28,2026-08-26,35.92,70.72,32.64,45.68,60.0,52.6,3.32,72.7,38110,Danger,Orange,20046.0,1.15,0.11
48,Ward 48,2026-08-26,35.72,70.91,32.64,46.16,60.0,52.1,3.32,70.7,20437,Danger,Orange,10648.0,1.15,0.06
42,Ward 42,2026-08-26,35.46,71.96,32.51,45.8,58.6,52.0,3.06,74.9,21746,Danger,Orange,11308.0,1.15,0.06
43,Ward 43,2026-08-26,35.57,71.51,32.57,45.96,59.3,51.8,3.17,71.9,17677,Danger,Orange,9157.0,1.15,0.05
62,Ward 62,2026-08-26,35.5,71.77,32.65,46.54,60.1,51.6,3.3,68.4,34832,Danger,Orange,17973.0,1.15,0.1
37,Ward 37,2026-08-26,35.76,71.37,32.56,45.47,59.2,51.3,3.16,70.2,24020,Danger,Orange,12322.0,1.15,0.07
78,Ward 78,2026-08-26,35.38,72.27,32.59,46.34,59.5,50.6,3.18,66.7,54090,Danger,Orange,27370.0,1.15,0.16
19,Ward 19,2026-08-26,35.71,70.94,32.63,46.18,59.9,50.3,3.31,64.3,21158,Danger,Orange,10642.0,1.15,0.06
41,Ward 41,2026-08-26,35.46,71.96,32.51,45.8,58.6,50.3,3.06,68.6,19946,Danger,Orange,10033.0,1.15,0.06
26,Ward 26,2026-08-26,35.48,71.88,32.52,45.81,58.7,49.7,3.08,65.9,25371,Caution,Yellow,12609.0,1.15,0.07
60,Ward 60,2026-08-26,35.34,73.31,32.55,45.92,59.0,49.6,2.94,64.6,35732,Caution,Yellow,17723.0,1.15,0.1
135,Ward 135,2026-08-26,34.88,74.34,32.34,45.65,56.8,49.6,2.68,71.9,33258,Caution,Yellow,16496.0,1.14,0.09
65,Ward 65,2026-08-26,35.3,73.47,32.54,45.9,58.9,49.4,2.9,64.2,72427,Caution,Yellow,35779.0,1.15,0.21
25,Ward 25,2026-08-26,35.53,71.67,32.54,45.88,58.9,49.3,3.13,63.8,27484,Caution,Yellow,13550.0,1.15,0.08
21,Ward 21,2026-08-26,35.36,72.37,32.47,45.66,58.2,49.2,2.96,65.8,21187,Caution,Yellow,10424.0,1.15,0.06
66,Ward 66,2026-08-26,35.25,73.68,32.51,45.8,58.6,49.2,2.85,64.3,98024,Caution,Yellow,48228.0,1.15,0.29
52,Ward 52,2026-08-26,35.27,72.72,32.54,46.17,58.9,48.9,3.07,62.4,16869,Caution,Yellow,8249.0,1.15,0.05
44,Ward 44,2026-08-26,35.27,72.74,32.42,45.51,57.6,48.6,2.87,65.2,29600,Caution,Yellow,14386.0,1.14,0.08
134,Ward 134,2026-08-26,34.65,75.31,32.22,45.3,55.5,48.6,2.45,72.2,35780,Caution,Yellow,17389.0,1.14,0.1
20,Ward 20,2026-08-26,35.46,71.96,32.51,45.8,58.6,48.5,3.06,61.7,21576,Caution,Yellow,10464.0,1.15,0.06
53,Ward 53,2026-08-26,35.29,72.64,32.55,46.24,59.0,48.3,3.09,59.7,25598,Caution,Yellow,12364.0,1.15,0.08
56,Ward 56,2026-08-26,35.35,73.26,32.56,45.96,59.2,48.3,2.95,59.2,43622,Caution,Yellow,21069.0,1.15,0.13
16,Ward 16,2026-08-26,35.66,71.78,32.51,45.33,58.6,48.2,3.06,60.7,20904,Caution,Yellow,10076.0,1.15,0.06
11,Ward 11,2026-08-26,35.66,71.78,32.51,45.33,58.6,47.8,3.06,59.0,22152,Caution,Yellow,10589.0,1.15,0.06
38,Ward 38,2026-08-26,35.52,72.34,32.45,45.17,58.0,47.5,2.92,59.7,28791,Caution,Yellow,13676.0,1.15,0.08
61,Ward 61,2026-08-26,34.91,74.21,32.36,45.65,57.0,47.2,2.71,61.6,29704,Caution,Yellow,14020.0,1.14,0.08
75,Ward 75,2026-08-26,34.91,74.21,32.36,45.65,57.0,47.0,2.71,61.0,26925,Caution,Yellow,12655.0,1.14,0.08
10,Ward 10,2026-08-26,35.57,72.14,32.47,45.21,58.2,46.9,2.97,56.8,27700,Caution,Yellow,12991.0,1.15,0.08
40,Ward 40,2026-08-26,35.43,72.73,32.41,45.05,57.5,46.7,2.83,58.1,20549,Caution,Yellow,9596.0,1.14,0.06
88,Ward 88,2026-08-26,35.0,73.84,32.41,45.81,57.5,46.6,2.8,58.0,23672,Caution,Yellow,11031.0,1.14,0.07
83,Ward 83,2026-08-26,34.98,73.92,32.39,45.79,57.3,46.4,2.78,57.9,22163,Caution,Yellow,10284.0,1.14,0.06
84,Ward 84,2026-08-26,34.82,74.6,32.31,45.54,56.4,45.9,2.62,58.6,19230,Caution,Yellow,8827.0,1.14,0.05
59,Ward 59,2026-08-26,34.86,75.32,32.31,45.26,56.4,45.7,2.46,57.8,70261,Caution,Yellow,32109.0,1.14,0.2
76,Ward 76,2026-08-26,34.95,74.07,32.37,45.74,57.1,45.7,2.75,55.5,21946,Caution,Yellow,10029.0,1.14,0.06
30,Ward 30,2026-08-26,35.4,72.82,32.38,44.97,57.2,45.6,2.8,55.1,30050,Caution,Yellow,13703.0,1.14,0.09
73,Ward 73,2026-08-26,34.87,74.39,32.34,45.61,56.8,45.5,2.67,55.8,23512,Caution,Yellow,10698.0,1.14,0.07
36,Ward 36,2026-08-26,34.7,75.79,32.03,44.03,53.4,45.4,2.1,66.9,27238,Caution,Yellow,12366.0,1.13,0.07
9,Ward 9,2026-08-26,35.22,72.93,32.39,45.44,57.3,45.2,2.82,53.2,16420,Caution,Yellow,7422.0,1.14,0.05
82,Ward 82,2026-08-26,34.84,74.51,32.32,45.56,56.5,45.2,2.64,55.7,38838,Caution,Yellow,17555.0,1.14,0.11
85,Ward 85,2026-08-26,34.81,74.64,32.31,45.51,56.4,45.2,2.61,56.0,29566,Caution,Yellow,13364.0,1.14,0.08
14,Ward 14,2026-08-26,35.31,73.2,32.34,44.85,56.8,45.1,2.71,54.2,53343,Caution,Yellow,24058.0,1.14,0.15
22,Ward 22,2026-08-26,34.91,74.22,32.23,44.99,55.6,44.8,2.51,56.7,15730,Caution,Yellow,7047.0,1.14,0.04
17,Ward 17,2026-08-26,35.44,72.67,32.4,45.03,57.4,44.7,2.84,51.0,21023,Caution,Yellow,9397.0,1.14,0.06
91,Ward 91,2026-08-26,34.93,75.03,32.35,45.37,56.9,44.7,2.53,52.5,38450,Caution,Yellow,17187.0,1.14,0.11
3,Ward 3,2026-08-26,35.18,73.75,32.28,44.71,56.1,44.6,2.58,54.4,53855,Caution,Yellow,24019.0,1.14,0.15
8,Ward 8,2026-08-26,35.38,72.92,32.38,44.96,57.2,44.6,2.78,50.9,18760,Caution,Yellow,8367.0,1.14,0.05
27,Ward 27,2026-08-26,35.23,73.55,32.3,44.76,56.3,44.6,2.63,53.7,19350,Caution,Yellow,8630.0,1.14,0.05
13,Ward 13,2026-08-26,35.12,74.0,32.24,44.59,55.7,44.5,2.52,55.4,33066,Caution,Yellow,14714.0,1.14,0.09
50,Ward 50,2026-08-26,34.83,74.55,32.31,45.53,56.4,44.5,2.63,53.0,17251,Caution,Yellow,7677.0,1.14,0.05
47,Ward 47,2026-08-26,34.94,74.1,32.25,45.04,55.8,44.4,2.54,54.7,14684,Caution,Yellow,6520.0,1.14,0.04
67,Ward 67,2026-08-26,34.81,75.55,32.29,45.2,56.2,44.4,2.41,53.4,56284,Caution,Yellow,24990.0,1.14,0.16
7,Ward 7,2026-08-26,35.21,73.62,32.3,44.75,56.3,44.3,2.61,52.6,19180,Caution,Yellow,8497.0,1.14,0.05
81,Ward 81,2026-08-26,34.64,75.37,32.22,45.27,55.5,44.3,2.44,55.1,41501,Caution,Yellow,18385.0,1.14,0.11
15,Ward 15,2026-08-26,35.21,73.62,32.3,44.75,56.3,44.2,2.61,52.4,23922,Caution,Yellow,10574.0,1.14,0.07
1,Ward 1,2026-08-26,35.13,73.96,32.25,44.62,55.8,44.1,2.53,53.6,53125,Caution,Yellow,23428.0,1.14,0.15
34,Ward 34,2026-08-26,34.96,74.9,32.37,45.42,57.1,44.0,2.56,49.0,29773,Caution,Yellow,13100.0,1.14,0.08
55,Ward 55,2026-08-26,34.72,75.93,32.25,45.08,55.8,44.0,2.32,52.9,32254,Caution,Yellow,14192.0,1.14,0.09
64,Ward 64,2026-08-26,34.65,76.24,32.21,44.96,55.4,44.0,2.25,54.1,31280,Caution,Yellow,13763.0,1.14,0.09
133,Ward 133,2026-08-26,34.57,75.66,32.18,45.17,55.0,43.9,2.37,55.1,25588,Caution,Yellow,11233.0,1.14,0.07
35,Ward 35,2026-08-26,35.24,73.49,32.31,44.79,56.4,43.7,2.64,49.9,35024,Caution,Yellow,15305.0,1.14,0.1
132,Ward 132,2026-08-26,34.58,75.62,32.19,45.16,55.1,43.7,2.38,53.9,26274,Caution,Yellow,11482.0,1.14,0.07
99,Ward 99,2026-08-26,34.71,76.58,32.34,45.78,56.8,43.6,2.41,48.4,26739,Caution,Yellow,11658.0,1.14,0.08
4,Ward 4,2026-08-26,35.11,74.05,32.24,44.61,55.7,43.5,2.51,51.5,34476,Caution,Yellow,14997.0,1.14,0.1
51,Ward 51,2026-08-26,34.76,74.85,32.28,45.43,56.1,43.5,2.56,50.0,13556,Caution,Yellow,5897.0,1.14,0.04
72,Ward 72,2026-08-26,34.6,75.53,32.2,45.23,55.2,43.4,2.4,52.6,19167,Caution,Yellow,8318.0,1.14,0.05
117,Ward 117,2026-08-26,34.54,75.79,32.17,45.12,54.9,43.3,2.34,53.1,21824,Caution,Yellow,9450.0,1.14,0.06
138,Ward 138,2026-08-26,33.9,80.37,31.93,45.3,52.4,43.1,1.8,60.7,28858,Caution,Yellow,12438.0,1.13,0.07
118,Ward 118,2026-08-26,34.5,75.97,32.15,45.08,54.7,43.0,2.3,52.3,21810,Caution,Yellow,9378.0,1.14,0.06
89,Ward 89,2026-08-26,34.63,75.4,32.21,45.23,55.4,42.9,2.43,50.0,22304,Caution,Yellow,9568.0,1.14,0.06
103,Ward 103,2026-08-26,34.61,77.02,32.3,45.66,56.3,42.9,2.31,47.3,25428,Caution,Yellow,10909.0,1.14,0.07
96,Ward 96,2026-08-26,34.53,77.17,32.28,46.34,56.1,42.8,2.33,47.3,31033,Caution,Yellow,13282.0,1.14,0.09
95,Ward 95,2026-08-26,34.49,77.35,32.26,46.3,55.9,42.7,2.29,47.6,26737,Caution,Yellow,11417.0,1.14,0.07
120,Ward 120,2026-08-26,34.57,75.66,32.18,45.17,55.0,42.6,2.37,49.9,19710,Caution,Yellow,8396.0,1.14,0.05
98,Ward 98,2026-08-26,34.53,77.17,32.28,46.34,56.1,42.5,2.33,46.3,31708,Caution,Yellow,13476.0,1.14,0.09
101,Ward 101,2026-08-26,34.5,77.5,32.25,45.51,55.8,42.5,2.2,47.2,40208,Caution,Yellow,17088.0,1.14,0.11
105,Ward 105,2026-08-26,34.78,75.68,32.28,45.16,56.1,42.4,2.38,45.8,21267,Caution,Yellow,9017.0,1.14,0.06
116,Ward 116,2026-08-26,34.29,78.22,32.16,45.96,54.8,42.4,2.09,49.7,28338,Caution,Yellow,12015.0,1.14,0.08
12,Ward 12,2026-08-26,34.81,75.32,32.1,44.21,54.2,42.3,2.21,51.1,21493,Caution,Yellow,9092.0,1.14,0.06
68,Ward 68,2026-08-26,34.53,76.76,32.16,44.83,54.8,42.3,2.13,49.4,20724,Caution,Yellow,8766.0,1.14,0.06
31,Ward 31,2026-08-26,34.8,75.35,32.09,44.18,54.1,42.0,2.2,50.1,39025,Caution,Yellow,16390.0,1.14,0.1
32,Ward 32,2026-08-26,34.6,76.22,31.98,43.87,52.9,42.0,2.0,54.1,45636,Caution,Yellow,19167.0,1.13,0.12
130,Ward 130,2026-08-26,34.4,76.41,32.1,44.93,54.2,42.0,2.2,49.8,23227,Caution,Yellow,9755.0,1.14,0.06
71,Ward 71,2026-08-26,34.48,76.05,32.14,45.01,54.6,41.9,2.28,48.2,29922,Caution,Yellow,12537.0,1.14,0.08
6,Ward 6,2026-08-26,34.63,76.09,31.99,43.92,53.0,41.8,2.03,52.9,42346,Caution,Yellow,17701.0,1.13,0.11
112,Ward 112,2026-08-26,34.24,78.45,32.14,45.88,54.6,41.7,2.04,47.5,32404,Caution,Yellow,13512.0,1.14,0.09
102,Ward 102,2026-08-26,34.4,77.95,32.19,45.34,55.1,41.6,2.1,45.5,21503,Caution,Yellow,8945.0,1.14,0.06
104,Ward 104,2026-08-26,34.71,75.98,32.24,45.04,55.7,41.6,2.31,43.9,33185,Caution,Yellow,13805.0,1.14,0.09
113,Ward 113,2026-08-26,34.21,78.59,32.12,45.86,54.4,41.6,2.01,47.7,33475,Caution,Yellow,13926.0,1.14,0.09
115,Ward 115,2026-08-26,34.3,78.2,32.17,46.0,54.9,41.6,2.1,46.0,31919,Caution,Yellow,13278.0,1.14,0.09
131,Ward 131,2026-08-26,34.35,76.62,32.08,44.85,54.0,41.6,2.15,48.9,30911,Caution,Yellow,12859.0,1.14,0.08
123,Ward 123,2026-08-26,34.2,78.63,32.11,45.83,54.3,41.5,2.0,47.5,35386,Caution,Yellow,14685.0,1.14,0.1
2,Ward 2,2026-08-26,34.91,74.89,32.14,44.31,54.6,41.4,2.31,46.3,48190,Caution,Yellow,19951.0,1.14,0.13
69,Ward 69,2026-08-26,34.18,77.35,31.99,44.55,53.0,41.2,1.98,50.6,44111,Caution,Yellow,18174.0,1.13,0.12
114,Ward 114,2026-08-26,34.14,78.9,32.08,45.75,54.0,41.2,1.94,47.4,41913,Caution,Yellow,17268.0,1.14,0.11
121,Ward 121,2026-08-26,34.12,79.0,32.08,45.73,54.0,41.2,1.92,47.5,29921,Caution,Yellow,12327.0,1.14,0.08
136,Ward 136,2026-08-26,34.17,77.4,31.98,44.56,52.9,41.2,1.97,51.0,21482,Caution,Yellow,8851.0,1.13,0.06
92,Ward 92,2026-08-26,34.54,76.72,32.15,44.81,54.7,41.1,2.14,44.8,36450,Caution,Yellow,14981.0,1.14,0.1
93,Ward 93,2026-08-26,34.32,76.74,32.06,44.79,53.7,41.1,2.12,47.7,44364,Caution,Yellow,18234.0,1.14,0.12
137,Ward 137,2026-08-26,33.81,79.02,31.81,44.01,51.1,41.1,1.61,56.7,19385,Caution,Yellow,7967.0,1.13,0.05
106,Ward 106,2026-08-26,34.4,77.33,32.09,44.63,54.1,41.0,2.0,46.1,40618,Caution,Yellow,16653.0,1.14,0.11
119,Ward 119,2026-08-26,34.36,76.57,32.07,44.84,53.9,41.0,2.16,46.9,16491,Caution,Yellow,6761.0,1.14,0.04
139,Ward 139,2026-08-26,33.5,82.23,31.74,44.67,50.4,41.0,1.4,58.5,42014,Caution,Yellow,17226.0,1.13,0.1
57,Ward 57,2026-08-26,34.12,78.58,31.95,44.24,52.6,40.9,1.72,50.6,49856,Caution,Yellow,20391.0,1.13,0.13
107,Ward 107,2026-08-26,34.3,77.77,32.04,44.51,53.5,40.9,1.9,47.8,54260,Caution,Yellow,22192.0,1.13,0.14
124,Ward 124,2026-08-26,34.03,79.4,32.03,45.54,53.4,40.9,1.83,47.9,39179,Caution,Yellow,16024.0,1.13,0.1
128,Ward 128,2026-08-26,34.12,79.0,32.08,45.73,54.0,40.9,1.92,46.1,32179,Caution,Yellow,13161.0,1.14,0.09
129,Ward 129,2026-08-26,34.18,77.35,31.99,44.55,53.0,40.6,1.98,47.9,39654,Caution,Yellow,16100.0,1.13,0.1
100,Ward 100,2026-08-26,34.25,78.61,32.11,45.11,54.3,40.5,1.95,43.6,25507,Caution,Yellow,10330.0,1.14,0.07
111,Ward 111,2026-08-26,34.12,79.2,32.05,44.94,53.6,40.5,1.82,45.5,38647,Caution,Yellow,15652.0,1.14,0.1
125,Ward 125,2026-08-26,34.01,79.49,32.02,45.52,53.3,40.5,1.81,46.6,44850,Caution,Yellow,18164.0,1.13,0.12
70,Ward 70,2026-08-26,34.26,77.0,32.03,44.68,53.4,40.4,2.06,46.0,18618,Caution,Yellow,7522.0,1.13,0.05
86,Ward 86,2026-08-26,34.13,77.57,31.97,44.47,52.8,40.2,1.93,47.1,19195,Caution,Yellow,7716.0,1.13,0.05
110,Ward 110,2026-08-26,34.03,79.6,32.0,44.79,53.1,39.9,1.73,44.7,27470,Caution,Yellow,10961.0,1.13,0.07
141,Ward 141,2026-08-26,33.28,83.28,31.63,44.27,49.2,39.4,1.18,55.9,41152,Caution,Yellow,16214.0,1.12,0.1
140,Ward 140,2026-08-26,33.17,83.82,31.58,44.09,48.7,39.2,1.07,56.8,30504,Caution,Yellow,11958.0,1.12,0.07
127,Ward 127,2026-08-26,33.77,80.6,31.9,45.15,52.1,39.0,1.57,44.0,43782,Caution,Yellow,17075.0,1.13,0.11
122,Ward 122,2026-08-26,33.75,80.69,31.9,45.12,52.1,38.9,1.55,43.9,39198,Caution,Yellow,15248.0,1.13,0.1
33,Ward 33,2026-08-26,34.09,78.72,31.93,44.19,52.4,38.8,1.69,42.5,45919,Caution,Yellow,17817.0,1.13,0.12
79,Ward 79,2026-08-26,33.65,79.74,31.73,43.73,50.3,38.8,1.45,49.2,44303,Caution,Yellow,17190.0,1.13,0.11
5,Ward 5,2026-08-26,34.3,77.53,31.84,43.5,51.4,38.0,1.7,42.1,23707,Caution,Yellow,9009.0,1.13,0.06
58,Ward 58,2026-08-26,33.35,82.11,31.56,43.14,48.5,38.0,0.95,51.8,88465,Caution,Yellow,33617.0,1.12,0.21
109,Ward 109,2026-08-26,33.44,82.34,31.71,43.94,50.1,38.0,1.14,46.2,64567,Caution,Yellow,24535.0,1.12,0.16
126,Ward 126,2026-08-26,33.62,81.27,31.83,44.88,51.3,37.8,1.42,41.4,31631,Caution,Yellow,11957.0,1.13,0.08
46,Ward 46,2026-08-26,33.23,81.67,31.51,43.05,48.0,36.9,1.03,48.6,12823,Caution,Yellow,4732.0,1.12,0.03
74,Ward 74,2026-08-26,33.41,80.84,31.61,43.38,49.0,36.9,1.21,45.1,42176,Caution,Yellow,15563.0,1.12,0.1
97,Ward 97,2026-08-26,33.55,81.6,31.79,44.76,50.9,36.6,1.35,37.4,37199,Caution,Yellow,13615.0,1.13,0.09
87,Ward 87,2026-08-26,33.25,81.58,31.53,43.08,48.2,34.8,1.05,38.2,12675,Caution,Yellow,4411.0,1.12,0.03
108,Ward 108,2026-08-26,32.76,84.95,31.27,42.26,45.5,34.1,0.36,44.3,64777,Caution,Yellow,22089.0,1.11,0.14
80,Ward 80,2026-08-26,32.24,86.48,31.03,41.5,43.1,33.6,0.04,51.2,31094,Caution,Yellow,10448.0,1.11,0.07
94,Ward 94,2026-08-26,32.77,85.35,31.41,43.43,47.0,33.1,0.57,34.3,27469,Caution,Yellow,9092.0,1.12,0.06
45,Ward 45,2026-08-26,32.4,85.68,30.98,41.1,42.6,32.9,0.0,49.3,8394,Caution,Yellow,2762.0,1.1,0.02
90,Ward 90,2026-08-26,32.65,84.45,31.23,42.13,45.1,32.2,0.45,36.3,18857,Caution,Yellow,6072.0,1.11,0.04
63,Ward 63,2026-08-26,32.28,86.28,31.04,41.55,43.2,31.7,0.08,41.1,24387,Caution,Yellow,7731.0,1.11,0.05
54,Ward 54,2026-08-27,36.19,72.44,35.48,50.02,93.4,81.8,3.39,72.5,36235,Critical,Red,29640.0,1.24,0.17
60,Ward 60,2026-08-27,35.74,74.31,35.27,49.41,90.8,76.3,2.94,64.6,35732,Critical,Red,27264.0,1.23,0.16
65,Ward 65,2026-08-27,35.7,74.47,35.25,49.33,90.6,76.0,2.9,64.2,72427,Critical,Red,55045.0,1.23,0.33
66,Ward 66,2026-08-27,35.65,74.69,35.22,49.27,90.2,75.7,2.85,64.3,98024,Critical,Red,74204.0,1.23,0.44
56,Ward 56,2026-08-27,35.75,74.26,35.28,49.45,91.0,74.3,2.95,59.2,43622,Danger,Orange,32411.0,1.23,0.2
59,Ward 59,2026-08-27,35.26,76.35,35.04,48.73,88.0,71.3,2.46,57.8,70261,Danger,Orange,50096.0,1.22,0.31
24,Ward 24,2026-08-27,36.17,71.32,34.2,49.0,77.9,71.1,3.47,80.5,19824,Danger,Orange,14095.0,1.2,0.08
49,Ward 49,2026-08-27,36.02,72.55,34.12,49.0,76.9,70.9,3.22,82.7,19416,Danger,Orange,13766.0,1.2,0.07
23,Ward 23,2026-08-27,36.2,71.21,34.21,49.05,78.0,69.9,3.5,77.0,18256,Danger,Orange,12761.0,1.2,0.07
29,Ward 29,2026-08-27,36.09,72.27,34.16,49.13,77.4,69.8,3.29,78.3,53782,Danger,Orange,37540.0,1.2,0.21
91,Ward 91,2026-08-27,35.33,76.04,35.07,48.8,88.4,69.5,2.53,52.5,38450,Danger,Orange,26723.0,1.22,0.17
67,Ward 67,2026-08-27,35.21,76.57,35.02,48.67,87.8,69.4,2.41,53.4,56284,Danger,Orange,39061.0,1.22,0.25
64,Ward 64,2026-08-27,35.05,77.27,34.95,48.45,86.9,69.0,2.25,54.1,31280,Danger,Orange,21583.0,1.22,0.14
39,Ward 39,2026-08-27,35.94,72.26,34.09,48.68,76.6,68.9,3.24,77.7,21296,Danger,Orange,14673.0,1.19,0.08
55,Ward 55,2026-08-27,35.12,76.96,34.97,48.52,87.1,68.6,2.32,52.9,32254,Danger,Orange,22126.0,1.22,0.14
77,Ward 77,2026-08-27,35.9,71.75,34.24,49.05,78.3,68.5,3.4,72.2,45984,Danger,Orange,31499.0,1.2,0.18
34,Ward 34,2026-08-27,35.36,75.91,35.08,48.85,88.5,68.2,2.56,49.0,29773,Danger,Orange,20305.0,1.22,0.13
28,Ward 28,2026-08-27,36.12,72.14,34.18,49.17,77.6,68.1,3.32,72.7,38110,Danger,Orange,25953.0,1.2,0.15
18,Ward 18,2026-08-27,36.13,71.5,34.19,48.98,77.7,67.6,3.43,71.1,22267,Danger,Orange,15052.0,1.2,0.09
42,Ward 42,2026-08-27,35.76,73.0,34.0,48.46,75.5,67.0,3.06,74.9,21746,Danger,Orange,14570.0,1.19,0.08
48,Ward 48,2026-08-27,36.02,71.93,34.12,48.84,76.9,66.8,3.32,70.7,20437,Danger,Orange,13652.0,1.2,0.08
62,Ward 62,2026-08-27,35.8,72.15,34.2,48.94,77.9,66.8,3.3,68.4,34832,Danger,Orange,23268.0,1.2,0.14
43,Ward 43,2026-08-27,35.87,72.55,34.06,48.61,76.2,66.6,3.17,71.9,17677,Danger,Orange,11773.0,1.19,0.07
68,Ward 68,2026-08-27,34.93,77.78,34.88,48.25,86.0,66.4,2.13,49.4,20724,Danger,Orange,13761.0,1.22,0.09
37,Ward 37,2026-08-27,35.96,72.81,34.09,48.97,76.6,66.3,3.16,70.2,24020,Danger,Orange,15925.0,1.19,0.09
105,Ward 105,2026-08-27,35.18,76.69,35.0,48.62,87.5,66.2,2.38,45.8,21267,Danger,Orange,14079.0,1.22,0.09
99,Ward 99,2026-08-27,35.51,76.46,34.85,48.03,85.7,65.8,2.41,48.4,26739,Danger,Orange,17594.0,1.22,0.11
78,Ward 78,2026-08-27,35.68,72.64,34.14,48.76,77.2,65.6,3.18,66.7,54090,Danger,Orange,35483.0,1.2,0.21
57,Ward 57,2026-08-27,34.52,79.62,34.69,47.64,83.7,65.1,1.72,50.6,49856,Danger,Orange,32456.0,1.21,0.21
104,Ward 104,2026-08-27,35.11,77.0,34.97,48.49,87.1,65.1,2.31,43.9,33185,Danger,Orange,21603.0,1.22,0.14
103,Ward 103,2026-08-27,35.41,76.9,34.81,47.92,85.2,65.0,2.31,47.3,25428,Danger,Orange,16528.0,1.22,0.11
107,Ward 107,2026-08-27,34.7,78.81,34.78,47.95,84.8,64.9,1.9,47.8,54260,Danger,Orange,35215.0,1.22,0.23
135,Ward 135,2026-08-27,35.18,74.73,33.9,48.06,74.3,64.9,2.68,71.9,33258,Danger,Orange,21584.0,1.19,0.12
41,Ward 41,2026-08-27,35.76,73.0,34.0,48.46,75.5,64.8,3.06,68.6,19946,Danger,Orange,12925.0,1.19,0.08
92,Ward 92,2026-08-27,34.94,77.75,34.89,48.29,86.2,64.8,2.14,44.8,36450,Danger,Orange,23620.0,1.22,0.16
106,Ward 106,2026-08-27,34.8,78.37,34.83,48.08,85.4,64.7,2.0,46.1,40618,Danger,Orange,26280.0,1.22,0.17
19,Ward 19,2026-08-27,36.01,71.98,34.13,48.8,77.0,64.6,3.31,64.3,21158,Danger,Orange,13668.0,1.2,0.08
101,Ward 101,2026-08-27,35.3,77.39,34.76,47.77,84.6,64.5,2.2,47.2,40208,Danger,Orange,25934.0,1.21,0.17
26,Ward 26,2026-08-27,35.78,72.91,34.02,48.47,75.7,64.1,3.08,65.9,25371,Danger,Orange,16263.0,1.19,0.1
134,Ward 134,2026-08-27,34.95,75.7,33.78,47.71,72.9,63.8,2.45,72.2,35780,Danger,Orange,22828.0,1.18,0.13
25,Ward 25,2026-08-27,35.83,72.71,34.04,48.53,76.0,63.6,3.13,63.8,27484,Danger,Orange,17480.0,1.19,0.1
52,Ward 52,2026-08-27,35.57,73.1,34.09,48.61,76.6,63.6,3.07,62.4,16869,Danger,Orange,10729.0,1.19,0.06
21,Ward 21,2026-08-27,35.66,73.4,33.96,48.29,75.0,63.5,2.96,65.8,21187,Danger,Orange,13454.0,1.19,0.08
102,Ward 102,2026-08-27,35.2,77.82,34.71,47.6,84.0,63.4,2.1,45.5,21503,Danger,Orange,13633.0,1.21,0.09
44,Ward 44,2026-08-27,35.57,73.79,33.91,48.2,74.5,62.8,2.87,65.2,29600,Danger,Orange,18589.0,1.19,0.11
53,Ward 53,2026-08-27,35.59,73.01,34.09,48.62,76.6,62.7,3.09,59.7,25598,Danger,Orange,16050.0,1.19,0.1
16,Ward 16,2026-08-27,35.86,73.21,34.05,48.8,76.1,62.6,3.06,60.7,20904,Danger,Orange,13086.0,1.19,0.08
20,Ward 20,2026-08-27,35.76,73.0,34.0,48.46,75.5,62.5,3.06,61.7,21576,Danger,Orange,13485.0,1.19,0.08
58,Ward 58,2026-08-27,33.75,83.21,34.33,46.52,79.4,62.2,0.95,51.8,88465,Danger,Orange,55025.0,1.2,0.35
11,Ward 11,2026-08-27,35.86,73.21,34.05,48.8,76.1,62.1,3.06,59.0,22152,Danger,Orange,13756.0,1.19,0.08
111,Ward 111,2026-08-27,34.92,79.07,34.57,47.21,82.3,62.1,1.82,45.5,38647,Danger,Orange,24000.0,1.21,0.16
33,Ward 33,2026-08-27,34.49,79.76,34.68,47.65,83.6,62.0,1.69,42.5,45919,Danger,Orange,28470.0,1.21,0.19
100,Ward 100,2026-08-27,35.05,78.49,34.64,47.43,83.1,62.0,1.95,43.6,25507,Danger,Orange,15814.0,1.21,0.11
38,Ward 38,2026-08-27,35.72,73.78,33.99,48.6,75.4,61.7,2.92,59.7,28791,Danger,Orange,17764.0,1.19,0.11
61,Ward 61,2026-08-27,35.21,74.59,33.91,48.11,74.5,61.6,2.71,61.6,29704,Danger,Orange,18298.0,1.19,0.11
75,Ward 75,2026-08-27,35.21,74.59,33.91,48.11,74.5,61.4,2.71,61.0,26925,Danger,Orange,16532.0,1.19,0.1
110,Ward 110,2026-08-27,34.83,79.47,34.53,47.07,81.8,61.4,1.73,44.7,27470,Danger,Orange,16867.0,1.21,0.11
96,Ward 96,2026-08-27,35.13,77.24,34.37,47.53,79.9,61.0,2.33,47.3,31033,Danger,Orange,18930.0,1.2,0.12
10,Ward 10,2026-08-27,35.77,73.58,34.01,48.66,75.6,60.9,2.97,56.8,27700,Danger,Orange,16869.0,1.19,0.1
88,Ward 88,2026-08-27,35.3,74.22,33.96,48.25,75.0,60.8,2.8,58.0,23672,Danger,Orange,14393.0,1.19,0.09
95,Ward 95,2026-08-27,35.09,77.42,34.34,47.46,79.5,60.8,2.29,47.6,26737,Danger,Orange,16256.0,1.2,0.11
40,Ward 40,2026-08-27,35.63,74.16,33.94,48.46,74.8,60.7,2.83,58.1,20549,Danger,Orange,12473.0,1.19,0.08
83,Ward 83,2026-08-27,35.28,74.3,33.94,48.18,74.8,60.6,2.78,57.9,22163,Danger,Orange,13431.0,1.19,0.08
98,Ward 98,2026-08-27,35.13,77.24,34.37,47.53,79.9,60.6,2.33,46.3,31708,Danger,Orange,19215.0,1.2,0.13
116,Ward 116,2026-08-27,34.89,78.3,34.24,47.16,78.3,60.6,2.09,49.7,28338,Danger,Orange,17173.0,1.2,0.11
36,Ward 36,2026-08-27,34.9,77.29,33.59,47.42,70.7,60.2,2.1,66.9,27238,Danger,Orange,16397.0,1.18,0.1
84,Ward 84,2026-08-27,35.12,74.97,33.87,47.97,74.0,60.2,2.62,58.6,19230,Danger,Orange,11576.0,1.19,0.07
76,Ward 76,2026-08-27,35.25,74.42,33.93,48.14,74.7,59.7,2.75,55.5,21946,Danger,Orange,13102.0,1.19,0.08
30,Ward 30,2026-08-27,35.6,74.29,33.93,48.41,74.7,59.6,2.8,55.1,30050,Danger,Orange,17910.0,1.19,0.11
112,Ward 112,2026-08-27,34.84,78.52,34.22,47.1,78.1,59.6,2.04,47.5,32404,Danger,Orange,19313.0,1.2,0.13
113,Ward 113,2026-08-27,34.81,78.65,34.21,47.06,78.0,59.6,2.01,47.7,33475,Danger,Orange,19951.0,1.2,0.13
123,Ward 123,2026-08-27,34.8,78.7,34.21,47.08,78.0,59.6,2.0,47.5,35386,Danger,Orange,21090.0,1.2,0.14
109,Ward 109,2026-08-27,34.24,82.18,34.25,46.24,78.5,59.5,1.14,46.2,64567,Danger,Orange,38417.0,1.2,0.25
73,Ward 73,2026-08-27,35.17,74.77,33.89,48.03,74.2,59.4,2.67,55.8,23512,Danger,Orange,13966.0,1.19,0.09
115,Ward 115,2026-08-27,34.9,78.25,34.25,47.2,78.5,59.4,2.1,46.0,31919,Danger,Orange,18960.0,1.2,0.13
85,Ward 85,2026-08-27,35.11,75.02,33.86,47.93,73.9,59.3,2.61,56.0,29566,Danger,Orange,17533.0,1.19,0.11
82,Ward 82,2026-08-27,35.14,74.88,33.87,47.98,74.0,59.2,2.64,55.7,38838,Danger,Orange,22992.0,1.19,0.14
114,Ward 114,2026-08-27,34.74,78.96,34.18,46.98,77.6,59.2,1.94,47.4,41913,Danger,Orange,24812.0,1.2,0.16
121,Ward 121,2026-08-27,34.72,79.05,34.16,46.92,77.4,59.1,1.92,47.5,29921,Danger,Orange,17683.0,1.2,0.12
124,Ward 124,2026-08-27,34.63,79.47,34.13,46.82,77.0,58.9,1.83,47.9,39179,Danger,Orange,23076.0,1.2,0.15
14,Ward 14,2026-08-27,35.51,74.67,33.88,48.33,74.1,58.8,2.71,54.2,53343,Danger,Orange,31366.0,1.19,0.2
9,Ward 9,2026-08-27,35.52,73.99,33.89,48.09,74.2,58.6,2.82,53.2,16420,Danger,Orange,9622.0,1.19,0.06
128,Ward 128,2026-08-27,34.72,79.05,34.16,46.92,77.4,58.6,1.92,46.1,32179,Danger,Orange,18857.0,1.2,0.12
13,Ward 13,2026-08-27,35.32,75.47,33.79,48.06,73.1,58.4,2.52,55.4,33066,Danger,Orange,19311.0,1.18,0.12
27,Ward 27,2026-08-27,35.43,75.0,33.85,48.22,73.8,58.4,2.63,53.7,19350,Danger,Orange,11300.0,1.19,0.07
50,Ward 50,2026-08-27,35.13,74.94,33.88,48.0,74.1,58.4,2.63,53.0,17251,Danger,Orange,10075.0,1.19,0.06
3,Ward 3,2026-08-27,35.38,75.23,33.81,48.1,73.3,58.3,2.58,54.4,53855,Danger,Orange,31397.0,1.19,0.2
17,Ward 17,2026-08-27,35.64,74.12,33.94,48.49,74.8,58.3,2.84,51.0,21023,Danger,Orange,12256.0,1.19,0.08
22,Ward 22,2026-08-27,35.21,75.3,33.73,47.68,72.4,58.3,2.51,56.7,15730,Danger,Orange,9171.0,1.18,0.06
81,Ward 81,2026-08-27,34.94,75.74,33.79,47.73,73.1,58.3,2.44,55.1,41501,Danger,Orange,24195.0,1.18,0.15
125,Ward 125,2026-08-27,34.61,79.56,34.11,46.76,76.8,58.3,1.81,46.6,44850,Danger,Orange,26148.0,1.2,0.17
8,Ward 8,2026-08-27,35.58,74.38,33.91,48.4,74.5,58.0,2.78,50.9,18760,Danger,Orange,10881.0,1.19,0.07
133,Ward 133,2026-08-27,34.87,76.04,33.75,47.6,72.6,57.9,2.37,55.1,25588,Danger,Orange,14815.0,1.18,0.09
1,Ward 1,2026-08-27,35.33,75.43,33.79,48.04,73.1,57.8,2.53,53.6,53125,Danger,Orange,30706.0,1.18,0.19
7,Ward 7,2026-08-27,35.41,75.09,33.83,48.15,73.5,57.8,2.61,52.6,19180,Danger,Orange,11086.0,1.19,0.07
15,Ward 15,2026-08-27,35.41,75.09,33.83,48.15,73.5,57.8,2.61,52.4,23922,Danger,Orange,13827.0,1.19,0.09
47,Ward 47,2026-08-27,35.24,75.15,33.74,47.73,72.5,57.7,2.54,54.7,14684,Danger,Orange,8473.0,1.18,0.05
132,Ward 132,2026-08-27,34.88,76.0,33.75,47.64,72.6,57.5,2.38,53.9,26274,Danger,Orange,15108.0,1.18,0.1
72,Ward 72,2026-08-27,34.9,75.9,33.76,47.65,72.7,57.2,2.4,52.6,19167,Danger,Orange,10964.0,1.18,0.07
117,Ward 117,2026-08-27,34.84,76.17,33.73,47.55,72.4,57.1,2.34,53.1,21824,Danger,Orange,12462.0,1.18,0.08
4,Ward 4,2026-08-27,35.31,75.52,33.78,48.02,72.9,57.0,2.51,51.5,34476,Danger,Orange,19651.0,1.18,0.13
35,Ward 35,2026-08-27,35.44,74.97,33.84,48.2,73.6,57.0,2.64,49.9,35024,Danger,Orange,19964.0,1.19,0.13
51,Ward 51,2026-08-27,35.06,75.23,33.84,47.87,73.6,57.0,2.56,50.0,13556,Danger,Orange,7727.0,1.19,0.05
108,Ward 108,2026-08-27,33.16,86.07,34.05,45.62,76.1,57.0,0.36,44.3,64777,Danger,Orange,36923.0,1.19,0.25
118,Ward 118,2026-08-27,34.8,76.35,33.72,47.52,72.2,56.7,2.3,52.3,21810,Danger,Orange,12366.0,1.18,0.08
89,Ward 89,2026-08-27,34.93,75.79,33.78,47.7,72.9,56.5,2.43,50.0,22304,Danger,Orange,12602.0,1.18,0.08
127,Ward 127,2026-08-27,34.37,80.65,34.0,46.42,75.5,56.5,1.57,44.0,43782,Danger,Orange,24737.0,1.19,0.17
122,Ward 122,2026-08-27,34.35,80.74,33.99,46.41,75.4,56.4,1.55,43.9,39198,Danger,Orange,22108.0,1.19,0.15
120,Ward 120,2026-08-27,34.87,76.04,33.75,47.6,72.6,56.2,2.37,49.9,19710,Danger,Orange,11077.0,1.18,0.07
12,Ward 12,2026-08-27,35.01,76.8,33.64,47.59,71.3,55.6,2.21,51.1,21493,Danger,Orange,11950.0,1.18,0.08
32,Ward 32,2026-08-27,34.8,77.73,33.53,47.29,70.0,55.5,2.0,54.1,45636,Danger,Orange,25328.0,1.18,0.16
6,Ward 6,2026-08-27,34.83,77.6,33.55,47.34,70.3,55.4,2.03,52.9,42346,Danger,Orange,23460.0,1.18,0.15
138,Ward 138,2026-08-27,34.1,79.79,33.29,46.22,67.3,55.4,1.8,60.7,28858,Danger,Orange,15987.0,1.17,0.1
130,Ward 130,2026-08-27,34.7,76.77,33.66,47.34,71.5,55.3,2.2,49.8,23227,Danger,Orange,12845.0,1.18,0.08
31,Ward 31,2026-08-27,35.0,76.85,33.63,47.55,71.2,55.2,2.2,50.1,39025,Danger,Orange,21542.0,1.18,0.14
71,Ward 71,2026-08-27,34.78,76.41,33.7,47.46,72.0,55.2,2.28,48.2,29922,Danger,Orange,16517.0,1.18,0.11
126,Ward 126,2026-08-27,34.22,81.34,33.93,46.23,74.7,55.0,1.42,41.4,31631,Danger,Orange,17397.0,1.19,0.12
137,Ward 137,2026-08-27,34.11,79.4,33.38,46.51,68.3,55.0,1.61,56.7,19385,Danger,Orange,10662.0,1.17,0.07
131,Ward 131,2026-08-27,34.65,76.99,33.64,47.28,71.3,54.9,2.15,48.9,30911,Danger,Orange,16970.0,1.18,0.11
69,Ward 69,2026-08-27,34.48,77.74,33.56,47.06,70.4,54.8,1.98,50.6,44111,Danger,Orange,24173.0,1.18,0.16
136,Ward 136,2026-08-27,34.47,77.79,33.55,47.03,70.3,54.8,1.97,51.0,21482,Danger,Orange,11772.0,1.18,0.08
2,Ward 2,2026-08-27,35.11,76.38,33.69,47.72,71.9,54.5,2.31,46.3,48190,Danger,Orange,26264.0,1.18,0.17
93,Ward 93,2026-08-27,34.62,77.12,33.62,47.23,71.1,54.4,2.12,47.7,44364,Danger,Orange,24134.0,1.18,0.16
119,Ward 119,2026-08-27,34.66,76.95,33.65,47.31,71.4,54.3,2.16,46.9,16491,Danger,Orange,8955.0,1.18,0.06
129,Ward 129,2026-08-27,34.48,77.74,33.56,47.06,70.4,53.9,1.98,47.9,39654,Danger,Orange,21374.0,1.18,0.14
70,Ward 70,2026-08-27,34.56,77.39,33.6,47.18,70.9,53.7,2.06,46.0,18618,Danger,Orange,9998.0,1.18,0.07
86,Ward 86,2026-08-27,34.43,77.96,33.54,47.0,70.2,53.5,1.93,47.1,19195,Danger,Orange,10269.0,1.18,0.07
97,Ward 97,2026-08-27,34.15,81.67,33.89,46.09,74.2,53.3,1.35,37.4,37199,Danger,Orange,19827.0,1.19,0.14
139,Ward 139,2026-08-27,33.7,81.62,33.09,45.67,65.0,52.9,1.4,58.5,42014,Danger,Orange,22225.0,1.16,0.14
79,Ward 79,2026-08-27,33.95,80.12,33.3,46.27,67.4,52.0,1.45,49.2,44303,Danger,Orange,23038.0,1.17,0.15
141,Ward 141,2026-08-27,33.48,82.67,32.99,45.31,63.9,51.2,1.18,55.9,41152,Danger,Orange,21070.0,1.16,0.13
140,Ward 140,2026-08-27,33.37,83.19,32.93,45.17,63.2,50.9,1.07,56.8,30504,Danger,Orange,15527.0,1.16,0.1
5,Ward 5,2026-08-27,34.5,79.06,33.39,46.82,68.4,50.6,1.7,42.1,23707,Danger,Orange,11996.0,1.17,0.08
46,Ward 46,2026-08-27,33.53,82.07,33.11,45.66,65.3,50.2,1.03,48.6,12823,Danger,Orange,6437.0,1.16,0.04
74,Ward 74,2026-08-27,33.71,81.23,33.18,45.89,66.1,49.8,1.21,45.1,42176,Caution,Yellow,21004.0,1.17,0.14
94,Ward 94,2026-08-27,33.37,85.4,33.53,44.99,70.0,49.3,0.57,34.3,27469,Caution,Yellow,13542.0,1.18,0.1
87,Ward 87,2026-08-27,33.55,81.96,33.11,45.68,65.3,47.1,1.05,38.2,12675,Caution,Yellow,5970.0,1.16,0.04
80,Ward 80,2026-08-27,32.54,86.87,32.63,44.12,59.9,46.7,0.04,51.2,31094,Caution,Yellow,14521.0,1.15,0.09
45,Ward 45,2026-08-27,32.7,86.88,32.52,43.89,58.7,45.3,0.0,49.3,8394,Caution,Yellow,3802.0,1.15,0.02
63,Ward 63,2026-08-27,32.58,86.65,32.65,44.17,60.1,44.2,0.08,41.1,24387,Caution,Yellow,10779.0,1.15,0.07
90,Ward 90,2026-08-27,32.95,84.83,32.82,44.74,62.0,44.2,0.45,36.3,18857,Caution,Yellow,8335.0,1.16,0.06
24,Ward 24,2026-08-28,36.37,72.08,33.95,48.65,74.9,68.3,3.47,80.5,19824,Danger,Orange,13540.0,1.19,0.07
77,Ward 77,2026-08-28,36.4,73.02,34.17,49.24,77.5,67.8,3.4,72.2,45984,Danger,Orange,31177.0,1.2,0.18
23,Ward 23,2026-08-28,36.4,71.95,33.96,48.69,75.0,67.2,3.5,77.0,18256,Danger,Orange,12268.0,1.19,0.07
54,Ward 54,2026-08-28,36.59,73.22,34.03,49.13,75.9,66.5,3.39,72.5,36235,Danger,Orange,24096.0,1.19,0.14
49,Ward 49,2026-08-28,36.12,73.23,33.69,48.31,71.9,66.3,3.22,82.7,19416,Danger,Orange,12873.0,1.18,0.07
39,Ward 39,2026-08-28,36.14,73.01,33.84,48.37,73.6,66.2,3.24,77.7,21296,Danger,Orange,14098.0,1.19,0.08
62,Ward 62,2026-08-28,36.3,73.43,34.12,49.08,76.9,66.0,3.3,68.4,34832,Danger,Orange,22989.0,1.2,0.13
29,Ward 29,2026-08-28,36.19,72.94,33.73,48.43,72.4,65.3,3.29,78.3,53782,Danger,Orange,35120.0,1.18,0.19
18,Ward 18,2026-08-28,36.33,72.23,33.93,48.58,74.7,65.0,3.43,71.1,22267,Danger,Orange,14474.0,1.19,0.08
78,Ward 78,2026-08-28,36.18,73.94,34.06,48.91,76.2,64.8,3.18,66.7,54090,Danger,Orange,35050.0,1.19,0.21
42,Ward 42,2026-08-28,35.96,73.76,33.74,48.07,72.5,64.3,3.06,74.9,21746,Danger,Orange,13983.0,1.18,0.08
48,Ward 48,2026-08-28,36.22,72.68,33.88,48.45,74.1,64.3,3.32,70.7,20437,Danger,Orange,13141.0,1.19,0.08
135,Ward 135,2026-08-28,35.68,76.05,33.82,48.2,73.4,64.1,2.68,71.9,33258,Danger,Orange,21318.0,1.19,0.12
43,Ward 43,2026-08-28,36.07,73.3,33.8,48.25,73.2,63.9,3.17,71.9,17677,Danger,Orange,11296.0,1.18,0.06
28,Ward 28,2026-08-28,36.22,72.83,33.75,48.48,72.6,63.7,3.32,72.7,38110,Danger,Orange,24276.0,1.18,0.14
138,Ward 138,2026-08-28,34.9,80.81,34.15,46.8,77.3,63.6,1.8,60.7,28858,Danger,Orange,18354.0,1.2,0.11
134,Ward 134,2026-08-28,35.45,77.05,33.71,47.88,72.1,63.1,2.45,72.2,35780,Danger,Orange,22577.0,1.18,0.13
52,Ward 52,2026-08-28,36.07,74.4,34.01,48.77,75.6,62.8,3.07,62.4,16869,Danger,Orange,10594.0,1.19,0.06
41,Ward 41,2026-08-28,35.96,73.76,33.74,48.07,72.5,62.3,3.06,68.6,19946,Danger,Orange,12426.0,1.18,0.07
19,Ward 19,2026-08-28,36.21,72.73,33.87,48.42,74.0,62.1,3.31,64.3,21158,Danger,Orange,13139.0,1.19,0.08
53,Ward 53,2026-08-28,36.09,74.31,34.02,48.78,75.7,62.0,3.09,59.7,25598,Danger,Orange,15871.0,1.19,0.1
37,Ward 37,2026-08-28,36.06,73.48,33.66,48.21,71.5,61.9,3.16,70.2,24020,Danger,Orange,14868.0,1.18,0.09
60,Ward 60,2026-08-28,36.14,75.1,33.82,48.53,73.4,61.7,2.94,64.6,35732,Danger,Orange,22047.0,1.19,0.13
26,Ward 26,2026-08-28,35.98,73.68,33.76,48.13,72.7,61.5,3.08,65.9,25371,Danger,Orange,15603.0,1.18,0.09
65,Ward 65,2026-08-28,36.1,75.27,33.8,48.46,73.2,61.4,2.9,64.2,72427,Danger,Orange,44470.0,1.18,0.26
66,Ward 66,2026-08-28,36.05,75.48,33.78,48.41,72.9,61.2,2.85,64.3,98024,Danger,Orange,59991.0,1.18,0.36
25,Ward 25,2026-08-28,36.03,73.46,33.78,48.18,72.9,61.0,3.13,63.8,27484,Danger,Orange,16765.0,1.18,0.1
139,Ward 139,2026-08-28,34.5,82.68,33.96,46.22,75.0,61.0,1.4,58.5,42014,Danger,Orange,25629.0,1.19,0.16
21,Ward 21,2026-08-28,35.86,74.18,33.7,47.97,72.0,60.9,2.96,65.8,21187,Danger,Orange,12903.0,1.18,0.08
61,Ward 61,2026-08-28,35.71,75.92,33.84,48.25,73.6,60.9,2.71,61.6,29704,Danger,Orange,18090.0,1.19,0.11
75,Ward 75,2026-08-28,35.71,75.92,33.84,48.25,73.6,60.7,2.71,61.0,26925,Danger,Orange,16343.0,1.19,0.1
96,Ward 96,2026-08-28,35.23,79.12,34.34,48.69,79.5,60.6,2.33,47.3,31033,Danger,Orange,18806.0,1.2,0.12
95,Ward 95,2026-08-28,35.19,79.3,34.31,48.6,79.2,60.5,2.29,47.6,26737,Danger,Orange,16176.0,1.2,0.11
116,Ward 116,2026-08-28,34.99,80.21,34.22,48.34,78.1,60.4,2.09,49.7,28338,Danger,Orange,17116.0,1.2,0.11
44,Ward 44,2026-08-28,35.77,74.55,33.66,47.84,71.5,60.3,2.87,65.2,29600,Danger,Orange,17849.0,1.18,0.11
98,Ward 98,2026-08-28,35.23,79.12,34.34,48.69,79.5,60.3,2.33,46.3,31708,Danger,Orange,19120.0,1.2,0.13
88,Ward 88,2026-08-28,35.8,75.54,33.89,48.38,74.2,60.2,2.8,58.0,23672,Danger,Orange,14251.0,1.19,0.09
20,Ward 20,2026-08-28,35.96,73.76,33.74,48.07,72.5,60.0,3.06,61.7,21576,Danger,Orange,12946.0,1.18,0.08
56,Ward 56,2026-08-28,36.15,75.06,33.83,48.56,73.5,60.0,2.95,59.2,43622,Danger,Orange,26173.0,1.19,0.16
83,Ward 83,2026-08-28,35.78,75.62,33.87,48.37,74.0,60.0,2.78,57.9,22163,Danger,Orange,13298.0,1.19,0.08
84,Ward 84,2026-08-28,35.62,76.31,33.79,48.11,73.1,59.5,2.62,58.6,19230,Danger,Orange,11442.0,1.18,0.07
112,Ward 112,2026-08-28,34.94,80.43,34.2,48.27,77.9,59.5,2.04,47.5,32404,Danger,Orange,19280.0,1.2,0.13
113,Ward 113,2026-08-28,34.91,80.58,34.19,48.22,77.7,59.4,2.01,47.7,33475,Danger,Orange,19884.0,1.2,0.13
123,Ward 123,2026-08-28,34.9,80.61,34.18,48.19,77.6,59.3,2.0,47.5,35386,Danger,Orange,20984.0,1.2,0.14
115,Ward 115,2026-08-28,35.0,80.17,34.23,48.37,78.2,59.2,2.1,46.0,31919,Danger,Orange,18896.0,1.2,0.12
141,Ward 141,2026-08-28,34.28,83.73,33.86,45.93,73.9,59.2,1.18,55.9,41152,Danger,Orange,24362.0,1.19,0.15
76,Ward 76,2026-08-28,35.75,75.75,33.86,48.33,73.9,59.1,2.75,55.5,21946,Danger,Orange,12970.0,1.19,0.08
114,Ward 114,2026-08-28,34.84,80.9,34.16,48.14,77.4,59.1,1.94,47.4,41913,Danger,Orange,24771.0,1.2,0.16
140,Ward 140,2026-08-28,34.17,84.26,33.81,45.76,73.3,59.1,1.07,56.8,30504,Danger,Orange,18028.0,1.19,0.11
121,Ward 121,2026-08-28,34.82,80.99,34.14,48.07,77.2,59.0,1.92,47.5,29921,Danger,Orange,17653.0,1.2,0.12
73,Ward 73,2026-08-28,35.67,76.1,33.82,48.23,73.4,58.8,2.67,55.8,23512,Danger,Orange,13825.0,1.19,0.09
124,Ward 124,2026-08-28,34.73,81.42,34.1,47.96,76.7,58.7,1.83,47.9,39179,Danger,Orange,22998.0,1.19,0.15
82,Ward 82,2026-08-28,35.64,76.23,33.8,48.18,73.2,58.6,2.64,55.7,38838,Danger,Orange,22759.0,1.18,0.14
85,Ward 85,2026-08-28,35.61,76.35,33.79,48.14,73.1,58.6,2.61,56.0,29566,Danger,Orange,17326.0,1.18,0.11
128,Ward 128,2026-08-28,34.82,80.99,34.14,48.07,77.2,58.5,1.92,46.1,32179,Danger,Orange,18825.0,1.2,0.12
16,Ward 16,2026-08-28,35.96,73.9,33.61,48.09,71.0,58.4,3.06,60.7,20904,Danger,Orange,12208.0,1.18,0.07
125,Ward 125,2026-08-28,34.71,81.51,34.09,47.95,76.6,58.2,1.81,46.6,44850,Danger,Orange,26103.0,1.19,0.17
11,Ward 11,2026-08-28,35.96,73.9,33.61,48.09,71.0,57.9,3.06,59.0,22152,Danger,Orange,12826.0,1.18,0.08
50,Ward 50,2026-08-28,35.63,76.26,33.8,48.15,73.2,57.7,2.63,53.0,17251,Danger,Orange,9954.0,1.18,0.06
38,Ward 38,2026-08-28,35.82,74.49,33.55,47.88,70.3,57.6,2.92,59.7,28791,Danger,Orange,16584.0,1.18,0.1
81,Ward 81,2026-08-28,35.44,77.09,33.71,47.9,72.1,57.5,2.44,55.1,41501,Danger,Orange,23863.0,1.18,0.15
59,Ward 59,2026-08-28,35.66,77.17,33.58,47.87,70.6,57.2,2.46,57.8,70261,Danger,Orange,40189.0,1.18,0.25
133,Ward 133,2026-08-28,35.37,77.39,33.67,47.77,71.7,57.2,2.37,55.1,25588,Danger,Orange,14636.0,1.18,0.09
132,Ward 132,2026-08-28,35.38,77.35,33.68,47.81,71.8,56.9,2.38,53.9,26274,Danger,Orange,14950.0,1.18,0.09
10,Ward 10,2026-08-28,35.87,74.27,33.57,47.94,70.5,56.8,2.97,56.8,27700,Danger,Orange,15734.0,1.18,0.1
40,Ward 40,2026-08-28,35.73,74.87,33.5,47.78,69.7,56.6,2.83,58.1,20549,Danger,Orange,11631.0,1.18,0.07
72,Ward 72,2026-08-28,35.4,77.25,33.69,47.82,71.9,56.6,2.4,52.6,19167,Danger,Orange,10849.0,1.18,0.07
51,Ward 51,2026-08-28,35.56,76.57,33.76,48.02,72.7,56.3,2.56,50.0,13556,Danger,Orange,7632.0,1.18,0.05
117,Ward 117,2026-08-28,35.34,77.53,33.65,47.73,71.4,56.3,2.34,53.1,21824,Danger,Orange,12287.0,1.18,0.08
127,Ward 127,2026-08-28,34.47,82.63,33.98,47.57,75.3,56.3,1.57,44.0,43782,Danger,Orange,24649.0,1.19,0.16
122,Ward 122,2026-08-28,34.45,82.72,33.97,47.56,75.2,56.2,1.55,43.9,39198,Danger,Orange,22029.0,1.19,0.15
9,Ward 9,2026-08-28,35.72,74.76,33.62,47.73,71.1,56.1,2.82,53.2,16420,Danger,Orange,9212.0,1.18,0.06
22,Ward 22,2026-08-28,35.41,76.09,33.48,47.33,69.5,56.0,2.51,56.7,15730,Danger,Orange,8809.0,1.18,0.05
118,Ward 118,2026-08-28,35.3,77.71,33.64,47.7,71.3,56.0,2.3,52.3,21810,Danger,Orange,12214.0,1.18,0.08
91,Ward 91,2026-08-28,35.73,76.85,33.62,47.98,71.1,55.9,2.53,52.5,38450,Danger,Orange,21494.0,1.18,0.14
36,Ward 36,2026-08-28,35.0,78.03,33.14,46.68,65.6,55.8,2.1,66.9,27238,Danger,Orange,15199.0,1.17,0.09
89,Ward 89,2026-08-28,35.43,77.14,33.7,47.86,72.0,55.8,2.43,50.0,22304,Danger,Orange,12446.0,1.18,0.08
67,Ward 67,2026-08-28,35.61,77.39,33.56,47.81,70.4,55.6,2.41,53.4,56284,Danger,Orange,31294.0,1.18,0.2
99,Ward 99,2026-08-28,35.51,78.02,33.73,47.87,72.4,55.6,2.41,48.4,26739,Danger,Orange,14867.0,1.18,0.1
30,Ward 30,2026-08-28,35.7,75.0,33.49,47.73,69.6,55.5,2.8,55.1,30050,Danger,Orange,16678.0,1.18,0.1
120,Ward 120,2026-08-28,35.37,77.39,33.67,47.77,71.7,55.5,2.37,49.9,19710,Danger,Orange,10939.0,1.18,0.07
47,Ward 47,2026-08-28,35.44,75.96,33.49,47.37,69.6,55.4,2.54,54.7,14684,Danger,Orange,8135.0,1.18,0.05
55,Ward 55,2026-08-28,35.52,77.79,33.52,47.68,69.9,55.1,2.32,52.9,32254,Danger,Orange,17772.0,1.18,0.11
64,Ward 64,2026-08-28,35.45,78.1,33.48,47.57,69.5,55.1,2.25,54.1,31280,Danger,Orange,17235.0,1.18,0.11
14,Ward 14,2026-08-28,35.61,75.37,33.45,47.59,69.1,54.9,2.71,54.2,53343,Danger,Orange,29285.0,1.18,0.18
34,Ward 34,2026-08-28,35.76,76.74,33.64,48.03,71.3,54.9,2.56,49.0,29773,Danger,Orange,16345.0,1.18,0.11
126,Ward 126,2026-08-28,34.32,83.33,33.91,47.36,74.5,54.9,1.42,41.4,31631,Danger,Orange,17365.0,1.19,0.12
103,Ward 103,2026-08-28,35.41,78.46,33.67,47.7,71.7,54.7,2.31,47.3,25428,Danger,Orange,13909.0,1.18,0.09
130,Ward 130,2026-08-28,35.2,78.15,33.58,47.53,70.6,54.7,2.2,49.8,23227,Danger,Orange,12705.0,1.18,0.08
71,Ward 71,2026-08-28,35.28,77.79,33.62,47.63,71.1,54.5,2.28,48.2,29922,Danger,Orange,16307.0,1.18,0.11
13,Ward 13,2026-08-28,35.42,76.19,33.35,47.3,68.0,54.4,2.52,55.4,33066,Danger,Orange,17988.0,1.17,0.11
3,Ward 3,2026-08-28,35.48,75.93,33.38,47.4,68.3,54.3,2.58,54.4,53855,Danger,Orange,29243.0,1.17,0.18
17,Ward 17,2026-08-28,35.74,74.82,33.5,47.76,69.7,54.3,2.84,51.0,21023,Danger,Orange,11415.0,1.18,0.07
27,Ward 27,2026-08-28,35.53,75.71,33.4,47.47,68.6,54.3,2.63,53.7,19350,Danger,Orange,10507.0,1.17,0.07
137,Ward 137,2026-08-28,34.61,80.83,33.31,46.71,67.5,54.3,1.61,56.7,19385,Danger,Orange,10526.0,1.17,0.07
101,Ward 101,2026-08-28,35.3,78.95,33.62,47.56,71.1,54.2,2.2,47.2,40208,Danger,Orange,21793.0,1.18,0.14
131,Ward 131,2026-08-28,35.15,78.38,33.56,47.47,70.4,54.2,2.15,48.9,30911,Danger,Orange,16754.0,1.18,0.11
136,Ward 136,2026-08-28,34.97,79.17,33.48,47.18,69.5,54.2,1.97,51.0,21482,Danger,Orange,11643.0,1.18,0.07
8,Ward 8,2026-08-28,35.68,75.08,33.47,47.67,69.4,54.1,2.78,50.9,18760,Danger,Orange,10149.0,1.18,0.06
69,Ward 69,2026-08-28,34.98,79.13,33.49,47.22,69.6,54.1,1.98,50.6,44111,Danger,Orange,23864.0,1.18,0.15
1,Ward 1,2026-08-28,35.43,76.14,33.36,47.34,68.1,53.9,2.53,53.6,53125,Danger,Orange,28634.0,1.17,0.18
7,Ward 7,2026-08-28,35.51,75.8,33.39,47.45,68.4,53.8,2.61,52.6,19180,Danger,Orange,10319.0,1.17,0.07
15,Ward 15,2026-08-28,35.51,75.8,33.39,47.45,68.4,53.7,2.61,52.4,23922,Danger,Orange,12846.0,1.17,0.08
93,Ward 93,2026-08-28,35.12,78.5,33.54,47.42,70.2,53.7,2.12,47.7,44364,Danger,Orange,23823.0,1.18,0.16
119,Ward 119,2026-08-28,35.16,78.33,33.57,47.5,70.5,53.7,2.16,46.9,16491,Danger,Orange,8856.0,1.18,0.06
102,Ward 102,2026-08-28,35.2,79.41,33.58,47.45,70.6,53.3,2.1,45.5,21503,Danger,Orange,11461.0,1.18,0.08
129,Ward 129,2026-08-28,34.98,79.13,33.49,47.22,69.6,53.3,1.98,47.9,39654,Danger,Orange,21136.0,1.18,0.14
35,Ward 35,2026-08-28,35.54,75.68,33.41,47.5,68.7,53.2,2.64,49.9,35024,Danger,Orange,18633.0,1.17,0.12
97,Ward 97,2026-08-28,34.25,83.68,33.88,47.26,74.1,53.2,1.35,37.4,37199,Danger,Orange,19790.0,1.19,0.14
105,Ward 105,2026-08-28,35.58,77.52,33.55,47.77,70.3,53.2,2.38,45.8,21267,Danger,Orange,11314.0,1.18,0.07
4,Ward 4,2026-08-28,35.41,76.23,33.34,47.32,67.9,53.1,2.51,51.5,34476,Danger,Orange,18307.0,1.17,0.12
68,Ward 68,2026-08-28,35.33,78.63,33.42,47.39,68.8,53.1,2.13,49.4,20724,Danger,Orange,11004.0,1.17,0.07
70,Ward 70,2026-08-28,35.06,78.77,33.52,47.33,69.9,52.9,2.06,46.0,18618,Danger,Orange,9849.0,1.18,0.07
86,Ward 86,2026-08-28,34.93,79.36,33.46,47.16,69.2,52.7,1.93,47.1,19195,Danger,Orange,10116.0,1.18,0.07
104,Ward 104,2026-08-28,35.51,77.84,33.51,47.65,69.8,52.2,2.31,43.9,33185,Danger,Orange,17323.0,1.18,0.12
100,Ward 100,2026-08-28,35.05,80.1,33.5,47.22,69.7,52.0,1.95,43.6,25507,Danger,Orange,13264.0,1.18,0.09
111,Ward 111,2026-08-28,34.92,80.69,33.43,47.0,68.9,52.0,1.82,45.5,38647,Danger,Orange,20096.0,1.17,0.13
92,Ward 92,2026-08-28,35.34,78.58,33.43,47.42,68.9,51.8,2.14,44.8,36450,Danger,Orange,18881.0,1.17,0.13
12,Ward 12,2026-08-28,35.11,77.55,33.2,46.86,66.3,51.7,2.21,51.1,21493,Danger,Orange,11112.0,1.17,0.07
57,Ward 57,2026-08-28,34.92,80.48,33.22,46.85,66.5,51.7,1.72,50.6,49856,Danger,Orange,25776.0,1.17,0.17
32,Ward 32,2026-08-28,34.9,78.46,33.09,46.54,65.0,51.6,2.0,54.1,45636,Danger,Orange,23548.0,1.16,0.15
106,Ward 106,2026-08-28,35.2,79.21,33.36,47.23,68.1,51.6,2.0,46.1,40618,Danger,Orange,20959.0,1.17,0.14
107,Ward 107,2026-08-28,35.1,79.66,33.31,47.07,67.5,51.6,1.9,47.8,54260,Danger,Orange,27998.0,1.17,0.18
6,Ward 6,2026-08-28,34.93,78.35,33.11,46.59,65.3,51.5,2.03,52.9,42346,Danger,Orange,21808.0,1.16,0.14
110,Ward 110,2026-08-28,34.83,81.1,33.4,46.92,68.6,51.5,1.73,44.7,27470,Danger,Orange,14147.0,1.17,0.09
79,Ward 79,2026-08-28,34.45,81.57,33.23,46.47,66.6,51.4,1.45,49.2,44303,Danger,Orange,22772.0,1.17,0.15
31,Ward 31,2026-08-28,35.1,77.58,33.19,46.82,66.2,51.3,2.2,50.1,39025,Danger,Orange,20020.0,1.17,0.13
2,Ward 2,2026-08-28,35.21,77.11,33.24,46.99,66.7,50.6,2.31,46.3,48190,Danger,Orange,24384.0,1.17,0.16
46,Ward 46,2026-08-28,34.03,83.55,33.03,45.86,64.4,49.5,1.03,48.6,12823,Caution,Yellow,6347.0,1.16,0.04
109,Ward 109,2026-08-28,34.24,83.88,33.1,46.04,65.2,49.4,1.14,46.2,64567,Caution,Yellow,31896.0,1.16,0.21
33,Ward 33,2026-08-28,34.89,80.63,33.21,46.8,66.4,49.2,1.69,42.5,45919,Caution,Yellow,22592.0,1.17,0.15
74,Ward 74,2026-08-28,34.21,82.7,33.11,46.12,65.3,49.2,1.21,45.1,42176,Caution,Yellow,20751.0,1.16,0.14
94,Ward 94,2026-08-28,33.47,87.5,33.5,46.04,69.7,49.1,0.57,34.3,27469,Caution,Yellow,13487.0,1.18,0.1
58,Ward 58,2026-08-28,34.15,84.1,32.85,45.75,62.4,48.9,0.95,51.8,88465,Caution,Yellow,43259.0,1.16,0.27
5,Ward 5,2026-08-28,34.6,79.82,32.95,46.1,63.5,47.0,1.7,42.1,23707,Caution,Yellow,11142.0,1.16,0.08
87,Ward 87,2026-08-28,34.05,83.44,33.04,45.88,64.5,46.6,1.05,38.2,12675,Caution,Yellow,5907.0,1.16,0.04
80,Ward 80,2026-08-28,33.04,88.44,32.56,44.34,59.2,46.2,0.04,51.2,31094,Caution,Yellow,14365.0,1.15,0.09
108,Ward 108,2026-08-28,33.56,87.01,32.56,44.87,59.2,44.4,0.36,44.3,64777,Caution,Yellow,28761.0,1.15,0.19
63,Ward 63,2026-08-28,33.08,88.24,32.57,44.44,59.3,43.6,0.08,41.1,24387,Caution,Yellow,10633.0,1.15,0.07
90,Ward 90,2026-08-28,33.45,86.38,32.74,45.0,61.1,43.6,0.45,36.3,18857,Caution,Yellow,8222.0,1.15,0.06
45,Ward 45,2026-08-28,32.9,87.82,32.25,43.71,55.8,43.1,0.0,49.3,8394,Caution,Yellow,3618.0,1.14,0.02
49,Ward 49,2026-08-29,35.82,71.27,32.86,46.92,62.5,57.6,3.22,82.7,19416,Danger,Orange,11184.0,1.16,0.06
24,Ward 24,2026-08-29,35.67,69.6,32.87,46.89,62.6,57.1,3.47,80.5,19824,Danger,Orange,11320.0,1.16,0.06
29,Ward 29,2026-08-29,35.89,70.98,32.89,46.99,62.8,56.7,3.29,78.3,53782,Danger,Orange,30494.0,1.16,0.17
23,Ward 23,2026-08-29,35.7,69.49,32.88,46.93,62.7,56.2,3.5,77.0,18256,Danger,Orange,10260.0,1.16,0.06
54,Ward 54,2026-08-29,36.09,70.37,32.97,47.32,63.7,55.8,3.39,72.5,36235,Danger,Orange,20219.0,1.16,0.12
28,Ward 28,2026-08-29,35.92,70.86,32.9,47.04,62.9,55.2,3.32,72.7,38110,Danger,Orange,21037.0,1.16,0.12
39,Ward 39,2026-08-29,35.44,70.5,32.76,46.58,61.4,55.2,3.24,77.7,21296,Danger,Orange,11755.0,1.16,0.07
77,Ward 77,2026-08-29,35.6,69.74,32.84,46.77,62.2,54.4,3.4,72.2,45984,Danger,Orange,25015.0,1.16,0.14
18,Ward 18,2026-08-29,35.63,69.75,32.84,46.81,62.2,54.1,3.43,71.1,22267,Danger,Orange,12046.0,1.16,0.07
37,Ward 37,2026-08-29,35.76,71.5,32.83,46.84,62.1,53.8,3.16,70.2,24020,Danger,Orange,12923.0,1.16,0.07
48,Ward 48,2026-08-29,35.52,70.19,32.79,46.67,61.7,53.6,3.32,70.7,20437,Danger,Orange,10954.0,1.16,0.06
42,Ward 42,2026-08-29,35.26,71.22,32.66,46.31,60.3,53.5,3.06,74.9,21746,Danger,Orange,11634.0,1.15,0.07
43,Ward 43,2026-08-29,35.37,70.79,32.72,46.46,60.9,53.2,3.17,71.9,17677,Danger,Orange,9404.0,1.15,0.05
62,Ward 62,2026-08-29,35.5,70.12,32.8,46.66,61.8,53.0,3.3,68.4,34832,Danger,Orange,18461.0,1.16,0.11
78,Ward 78,2026-08-29,35.38,70.6,32.74,46.49,61.1,51.9,3.18,66.7,54090,Danger,Orange,28073.0,1.15,0.16
41,Ward 41,2026-08-29,35.26,71.22,32.66,46.31,60.3,51.8,3.06,68.6,19946,Danger,Orange,10332.0,1.15,0.06
19,Ward 19,2026-08-29,35.51,70.22,32.78,46.64,61.6,51.7,3.31,64.3,21158,Danger,Orange,10939.0,1.16,0.06
60,Ward 60,2026-08-29,35.64,72.17,32.74,46.66,61.1,51.4,2.94,64.6,35732,Danger,Orange,18366.0,1.15,0.11
26,Ward 26,2026-08-29,35.28,71.14,32.67,46.33,60.4,51.1,3.08,65.9,25371,Danger,Orange,12965.0,1.15,0.08
65,Ward 65,2026-08-29,35.6,72.33,32.72,46.63,60.9,51.1,2.9,64.2,72427,Danger,Orange,37010.0,1.15,0.22
135,Ward 135,2026-08-29,34.88,72.62,32.49,45.76,58.4,51.0,2.68,71.9,33258,Danger,Orange,16962.0,1.15,0.1
66,Ward 66,2026-08-29,35.55,72.53,32.69,46.52,60.6,50.9,2.85,64.3,98024,Danger,Orange,49894.0,1.15,0.3
16,Ward 16,2026-08-29,35.66,71.9,32.79,46.72,61.7,50.8,3.06,60.7,20904,Danger,Orange,10619.0,1.16,0.06
25,Ward 25,2026-08-29,35.33,70.95,32.7,46.43,60.7,50.8,3.13,63.8,27484,Danger,Orange,13962.0,1.15,0.08
21,Ward 21,2026-08-29,35.16,71.63,32.62,46.2,59.8,50.6,2.96,65.8,21187,Danger,Orange,10721.0,1.15,0.06
11,Ward 11,2026-08-29,35.66,71.9,32.79,46.72,61.7,50.3,3.06,59.0,22152,Danger,Orange,11142.0,1.16,0.07
52,Ward 52,2026-08-29,35.27,71.04,32.69,46.34,60.6,50.3,3.07,62.4,16869,Danger,Orange,8485.0,1.15,0.05
44,Ward 44,2026-08-29,35.07,71.99,32.58,46.06,59.4,50.1,2.87,65.2,29600,Danger,Orange,14830.0,1.15,0.09
56,Ward 56,2026-08-29,35.65,72.13,32.75,46.69,61.2,50.0,2.95,59.2,43622,Danger,Orange,21811.0,1.16,0.13
134,Ward 134,2026-08-29,34.65,73.58,32.38,45.47,57.2,50.0,2.45,72.2,35780,Danger,Orange,17890.0,1.14,0.1
20,Ward 20,2026-08-29,35.26,71.22,32.66,46.31,60.3,49.9,3.06,61.7,21576,Caution,Yellow,10766.0,1.15,0.06
38,Ward 38,2026-08-29,35.52,72.47,32.71,46.47,60.8,49.8,2.92,59.7,28791,Caution,Yellow,14338.0,1.15,0.09
53,Ward 53,2026-08-29,35.29,70.95,32.7,46.36,60.7,49.7,3.09,59.7,25598,Caution,Yellow,12722.0,1.15,0.08
10,Ward 10,2026-08-29,35.57,72.28,32.74,46.58,61.1,49.2,2.97,56.8,27700,Caution,Yellow,13628.0,1.15,0.08
40,Ward 40,2026-08-29,35.43,72.84,32.67,46.39,60.4,49.0,2.83,58.1,20549,Caution,Yellow,10069.0,1.15,0.06
61,Ward 61,2026-08-29,34.91,72.51,32.5,45.81,58.5,48.4,2.71,61.6,29704,Caution,Yellow,14377.0,1.15,0.09
75,Ward 75,2026-08-29,34.91,72.51,32.5,45.81,58.5,48.2,2.71,61.0,26925,Caution,Yellow,12978.0,1.15,0.08
30,Ward 30,2026-08-29,35.4,72.97,32.66,46.34,60.3,48.1,2.8,55.1,30050,Caution,Yellow,14454.0,1.15,0.09
36,Ward 36,2026-08-29,34.7,75.91,32.3,45.31,56.3,47.9,2.1,66.9,27238,Caution,Yellow,13047.0,1.14,0.08
88,Ward 88,2026-08-29,35.0,72.13,32.55,45.94,59.0,47.8,2.8,58.0,23672,Caution,Yellow,11315.0,1.15,0.07
83,Ward 83,2026-08-29,34.98,72.22,32.54,45.93,58.9,47.7,2.78,57.9,22163,Caution,Yellow,10572.0,1.15,0.06
14,Ward 14,2026-08-29,35.31,73.34,32.61,46.2,59.7,47.4,2.71,54.2,53343,Caution,Yellow,25285.0,1.15,0.16
59,Ward 59,2026-08-29,35.16,74.15,32.5,45.97,58.5,47.4,2.46,57.8,70261,Caution,Yellow,33304.0,1.15,0.2
84,Ward 84,2026-08-29,34.82,72.88,32.47,45.72,58.2,47.4,2.62,58.6,19230,Caution,Yellow,9115.0,1.15,0.06
17,Ward 17,2026-08-29,35.44,72.81,32.67,46.37,60.4,47.1,2.84,51.0,21023,Caution,Yellow,9902.0,1.15,0.06
76,Ward 76,2026-08-29,34.95,72.34,32.53,45.88,58.8,47.0,2.75,55.5,21946,Caution,Yellow,10315.0,1.15,0.06
3,Ward 3,2026-08-29,35.18,73.89,32.55,46.03,59.0,46.9,2.58,54.4,53855,Caution,Yellow,25258.0,1.15,0.16
13,Ward 13,2026-08-29,35.12,74.14,32.52,45.94,58.7,46.9,2.52,55.4,33066,Caution,Yellow,15508.0,1.15,0.1
27,Ward 27,2026-08-29,35.23,73.67,32.57,46.1,59.3,46.9,2.63,53.7,19350,Caution,Yellow,9075.0,1.15,0.06
73,Ward 73,2026-08-29,34.87,72.66,32.49,45.78,58.4,46.8,2.67,55.8,23512,Caution,Yellow,11004.0,1.15,0.07
8,Ward 8,2026-08-29,35.38,73.04,32.64,46.28,60.0,46.7,2.78,50.9,18760,Caution,Yellow,8761.0,1.15,0.06
82,Ward 82,2026-08-29,34.84,72.8,32.48,45.73,58.3,46.7,2.64,55.7,38838,Caution,Yellow,18137.0,1.15,0.11
7,Ward 7,2026-08-29,35.21,73.75,32.56,46.08,59.2,46.6,2.61,52.6,19180,Caution,Yellow,8938.0,1.15,0.06
85,Ward 85,2026-08-29,34.81,72.91,32.46,45.69,58.1,46.6,2.61,56.0,29566,Caution,Yellow,13778.0,1.15,0.09
9,Ward 9,2026-08-29,35.02,72.19,32.54,45.96,58.9,46.5,2.82,53.2,16420,Caution,Yellow,7635.0,1.15,0.05
15,Ward 15,2026-08-29,35.21,73.75,32.56,46.08,59.2,46.5,2.61,52.4,23922,Caution,Yellow,11124.0,1.15,0.07
1,Ward 1,2026-08-29,35.13,74.09,32.51,45.92,58.6,46.4,2.53,53.6,53125,Caution,Yellow,24650.0,1.15,0.15
91,Ward 91,2026-08-29,35.23,73.86,32.54,46.1,58.9,46.3,2.53,52.5,38450,Caution,Yellow,17802.0,1.15,0.11
22,Ward 22,2026-08-29,34.71,73.48,32.4,45.56,57.4,46.2,2.51,56.7,15730,Caution,Yellow,7267.0,1.14,0.04
67,Ward 67,2026-08-29,35.11,74.36,32.48,45.91,58.3,46.1,2.41,53.4,56284,Caution,Yellow,25947.0,1.15,0.16
35,Ward 35,2026-08-29,35.24,73.63,32.57,46.08,59.3,45.9,2.64,49.9,35024,Caution,Yellow,16076.0,1.15,0.1
50,Ward 50,2026-08-29,34.83,72.82,32.47,45.7,58.2,45.9,2.63,53.0,17251,Caution,Yellow,7918.0,1.15,0.05
4,Ward 4,2026-08-29,35.11,74.18,32.51,45.91,58.6,45.8,2.51,51.5,34476,Caution,Yellow,15790.0,1.15,0.1
47,Ward 47,2026-08-29,34.74,73.35,32.4,45.56,57.4,45.7,2.54,54.7,14684,Caution,Yellow,6711.0,1.14,0.04
34,Ward 34,2026-08-29,35.26,73.75,32.56,46.14,59.2,45.6,2.56,49.0,29773,Caution,Yellow,13576.0,1.15,0.09
81,Ward 81,2026-08-29,34.64,73.62,32.37,45.44,57.1,45.6,2.44,55.1,41501,Caution,Yellow,18924.0,1.14,0.12
55,Ward 55,2026-08-29,35.02,74.74,32.43,45.76,57.7,45.5,2.32,52.9,32254,Caution,Yellow,14676.0,1.14,0.09
64,Ward 64,2026-08-29,34.95,75.05,32.4,45.69,57.4,45.5,2.25,54.1,31280,Caution,Yellow,14232.0,1.14,0.09
133,Ward 133,2026-08-29,34.57,73.91,32.35,45.36,56.9,45.4,2.37,55.1,25588,Caution,Yellow,11617.0,1.14,0.07
132,Ward 132,2026-08-29,34.58,73.87,32.34,45.35,56.8,45.0,2.38,53.9,26274,Caution,Yellow,11823.0,1.14,0.07
51,Ward 51,2026-08-29,34.76,73.12,32.44,45.63,57.8,44.8,2.56,50.0,13556,Caution,Yellow,6073.0,1.15,0.04
72,Ward 72,2026-08-29,34.6,73.78,32.35,45.36,56.9,44.8,2.4,52.6,19167,Caution,Yellow,8587.0,1.14,0.05
117,Ward 117,2026-08-29,34.54,74.04,32.33,45.32,56.6,44.7,2.34,53.1,21824,Caution,Yellow,9755.0,1.14,0.06
12,Ward 12,2026-08-29,34.81,75.45,32.36,45.48,57.0,44.5,2.21,51.1,21493,Caution,Yellow,9564.0,1.14,0.06
138,Ward 138,2026-08-29,34.2,79.23,32.08,45.06,54.0,44.5,1.8,60.7,28858,Caution,Yellow,12842.0,1.14,0.08
32,Ward 32,2026-08-29,34.6,76.35,32.26,45.18,55.9,44.4,2.0,54.1,45636,Caution,Yellow,20262.0,1.14,0.13
31,Ward 31,2026-08-29,34.8,75.5,32.36,45.49,57.0,44.2,2.2,50.1,39025,Caution,Yellow,17249.0,1.14,0.11
89,Ward 89,2026-08-29,34.63,73.66,32.36,45.41,57.0,44.2,2.43,50.0,22304,Caution,Yellow,9858.0,1.14,0.06
118,Ward 118,2026-08-29,34.5,74.2,32.3,45.24,56.3,44.2,2.3,52.3,21810,Caution,Yellow,9640.0,1.14,0.06
6,Ward 6,2026-08-29,34.63,76.23,32.27,45.23,56.0,44.1,2.03,52.9,42346,Caution,Yellow,18675.0,1.14,0.12
120,Ward 120,2026-08-29,34.57,73.91,32.35,45.36,56.9,44.1,2.37,49.9,19710,Caution,Yellow,8692.0,1.14,0.06
105,Ward 105,2026-08-29,35.08,74.49,32.46,45.86,58.1,43.9,2.38,45.8,21267,Caution,Yellow,9336.0,1.15,0.06
68,Ward 68,2026-08-29,34.83,75.56,32.33,45.49,56.6,43.7,2.13,49.4,20724,Caution,Yellow,9056.0,1.14,0.06
2,Ward 2,2026-08-29,34.91,75.03,32.41,45.61,57.5,43.6,2.31,46.3,48190,Caution,Yellow,21011.0,1.14,0.14
95,Ward 95,2026-08-29,34.59,75.93,32.33,45.38,56.6,43.3,2.29,47.6,26737,Caution,Yellow,11577.0,1.14,0.08
96,Ward 96,2026-08-29,34.63,75.74,32.34,45.41,56.8,43.3,2.33,47.3,31033,Caution,Yellow,13437.0,1.14,0.09
130,Ward 130,2026-08-29,34.4,74.63,32.26,45.11,55.9,43.3,2.2,49.8,23227,Caution,Yellow,10057.0,1.14,0.06
71,Ward 71,2026-08-29,34.48,74.29,32.3,45.22,56.3,43.2,2.28,48.2,29922,Caution,Yellow,12926.0,1.14,0.08
98,Ward 98,2026-08-29,34.63,75.74,32.34,45.41,56.8,43.1,2.33,46.3,31708,Caution,Yellow,13666.0,1.14,0.09
104,Ward 104,2026-08-29,35.01,74.8,32.43,45.78,57.7,43.1,2.31,43.9,33185,Caution,Yellow,14303.0,1.14,0.1
116,Ward 116,2026-08-29,34.39,76.8,32.22,45.08,55.5,42.9,2.09,49.7,28338,Caution,Yellow,12157.0,1.14,0.08
131,Ward 131,2026-08-29,34.35,74.85,32.24,45.05,55.7,42.9,2.15,48.9,30911,Caution,Yellow,13261.0,1.14,0.09
92,Ward 92,2026-08-29,34.84,75.5,32.34,45.52,56.8,42.7,2.14,44.8,36450,Caution,Yellow,15564.0,1.14,0.1
136,Ward 136,2026-08-29,34.17,75.61,32.14,44.76,54.6,42.6,1.97,51.0,21482,Caution,Yellow,9151.0,1.14,0.06
57,Ward 57,2026-08-29,34.42,77.34,32.14,44.93,54.6,42.5,1.72,50.6,49856,Caution,Yellow,21189.0,1.14,0.13
69,Ward 69,2026-08-29,34.18,75.57,32.15,44.79,54.7,42.5,1.98,50.6,44111,Caution,Yellow,18747.0,1.14,0.12
107,Ward 107,2026-08-29,34.6,76.56,32.23,45.18,55.6,42.5,1.9,47.8,54260,Caution,Yellow,23060.0,1.14,0.15
137,Ward 137,2026-08-29,33.81,77.18,31.97,44.25,52.8,42.5,1.61,56.7,19385,Caution,Yellow,8239.0,1.13,0.05
93,Ward 93,2026-08-29,34.32,74.97,32.22,45.0,55.5,42.4,2.12,47.7,44364,Caution,Yellow,18810.0,1.14,0.12
99,Ward 99,2026-08-29,34.91,75.4,32.2,45.18,55.2,42.4,2.41,48.4,26739,Caution,Yellow,11337.0,1.14,0.07
106,Ward 106,2026-08-29,34.7,76.12,32.27,45.31,56.0,42.4,2.0,46.1,40618,Caution,Yellow,17222.0,1.14,0.11
119,Ward 119,2026-08-29,34.36,74.81,32.23,45.03,55.6,42.3,2.16,46.9,16491,Caution,Yellow,6976.0,1.14,0.05
112,Ward 112,2026-08-29,34.34,77.01,32.2,45.01,55.2,42.2,2.04,47.5,32404,Caution,Yellow,13674.0,1.14,0.09
139,Ward 139,2026-08-29,33.8,81.06,31.89,44.42,51.9,42.2,1.4,58.5,42014,Caution,Yellow,17730.0,1.13,0.11
113,Ward 113,2026-08-29,34.31,77.14,32.19,44.97,55.1,42.1,2.01,47.7,33475,Caution,Yellow,14093.0,1.14,0.09
115,Ward 115,2026-08-29,34.4,76.75,32.23,45.11,55.6,42.1,2.1,46.0,31919,Caution,Yellow,13438.0,1.14,0.09
123,Ward 123,2026-08-29,34.3,77.18,32.18,44.93,55.0,42.0,2.0,47.5,35386,Caution,Yellow,14862.0,1.14,0.1
129,Ward 129,2026-08-29,34.18,75.57,32.15,44.79,54.7,41.9,1.98,47.9,39654,Caution,Yellow,16615.0,1.14,0.11
103,Ward 103,2026-08-29,34.81,75.84,32.16,45.06,54.8,41.8,2.31,47.3,25428,Caution,Yellow,10629.0,1.14,0.07
114,Ward 114,2026-08-29,34.24,77.46,32.16,44.88,54.8,41.8,1.94,47.4,41913,Caution,Yellow,17520.0,1.14,0.11
70,Ward 70,2026-08-29,34.26,75.21,32.19,44.9,55.1,41.7,2.06,46.0,18618,Caution,Yellow,7764.0,1.14,0.05
121,Ward 121,2026-08-29,34.22,77.53,32.14,44.82,54.6,41.7,1.92,47.5,29921,Caution,Yellow,12477.0,1.14,0.08
86,Ward 86,2026-08-29,34.13,75.8,32.13,44.72,54.5,41.5,1.93,47.1,19195,Caution,Yellow,7966.0,1.14,0.05
124,Ward 124,2026-08-29,34.13,77.93,32.1,44.72,54.2,41.5,1.83,47.9,39179,Caution,Yellow,16259.0,1.14,0.11
128,Ward 128,2026-08-29,34.22,77.53,32.14,44.82,54.6,41.4,1.92,46.1,32179,Caution,Yellow,13322.0,1.14,0.09
101,Ward 101,2026-08-29,34.7,76.3,32.09,44.86,54.1,41.2,2.2,47.2,40208,Caution,Yellow,16566.0,1.14,0.11
125,Ward 125,2026-08-29,34.11,78.02,32.08,44.66,54.0,41.0,1.81,46.6,44850,Caution,Yellow,18388.0,1.14,0.12
141,Ward 141,2026-08-29,33.58,82.08,31.78,44.07,50.8,40.7,1.18,55.9,41152,Caution,Yellow,16749.0,1.13,0.1
102,Ward 102,2026-08-29,34.6,76.74,32.05,44.73,53.6,40.5,2.1,45.5,21503,Caution,Yellow,8709.0,1.14,0.06
140,Ward 140,2026-08-29,33.47,82.61,31.73,43.91,50.3,40.5,1.07,56.8,30504,Caution,Yellow,12354.0,1.13,0.08
33,Ward 33,2026-08-29,34.39,77.47,32.12,44.88,54.4,40.3,1.69,42.5,45919,Caution,Yellow,18505.0,1.14,0.12
5,Ward 5,2026-08-29,34.3,77.67,32.11,44.73,54.3,40.2,1.7,42.1,23707,Caution,Yellow,9530.0,1.14,0.06
79,Ward 79,2026-08-29,33.65,77.88,31.89,44.01,51.9,40.0,1.45,49.2,44303,Caution,Yellow,17721.0,1.13,0.11
58,Ward 58,2026-08-29,33.65,80.83,31.76,43.79,50.6,39.6,0.95,51.8,88465,Caution,Yellow,35032.0,1.13,0.22
127,Ward 127,2026-08-29,33.87,79.1,31.98,44.35,52.9,39.6,1.57,44.0,43782,Caution,Yellow,17338.0,1.13,0.11
100,Ward 100,2026-08-29,34.45,77.4,31.98,44.54,52.9,39.5,1.95,43.6,25507,Caution,Yellow,10075.0,1.13,0.07
111,Ward 111,2026-08-29,34.32,77.98,31.91,44.32,52.2,39.4,1.82,45.5,38647,Caution,Yellow,15227.0,1.13,0.1
122,Ward 122,2026-08-29,33.85,79.19,31.96,44.29,52.7,39.4,1.55,43.9,39198,Caution,Yellow,15444.0,1.13,0.1
110,Ward 110,2026-08-29,34.23,78.38,31.87,44.22,51.7,38.8,1.73,44.7,27470,Caution,Yellow,10658.0,1.13,0.07
46,Ward 46,2026-08-29,33.23,79.78,31.68,43.38,49.7,38.2,1.03,48.6,12823,Caution,Yellow,4898.0,1.12,0.03
74,Ward 74,2026-08-29,33.41,78.95,31.77,43.65,50.7,38.2,1.21,45.1,42176,Caution,Yellow,16111.0,1.13,0.11
126,Ward 126,2026-08-29,33.72,79.79,31.89,44.1,51.9,38.2,1.42,41.4,31631,Caution,Yellow,12083.0,1.13,0.08
97,Ward 97,2026-08-29,33.65,80.11,31.86,44.01,51.6,37.1,1.35,37.4,37199,Caution,Yellow,13801.0,1.13,0.09
109,Ward 109,2026-08-29,33.64,81.08,31.58,43.35,48.7,36.9,1.14,46.2,64567,Caution,Yellow,23825.0,1.12,0.15
87,Ward 87,2026-08-29,33.25,79.68,31.68,43.4,49.7,35.9,1.05,38.2,12675,Caution,Yellow,4550.0,1.12,0.03
108,Ward 108,2026-08-29,33.06,83.61,31.48,42.88,47.7,35.7,0.36,44.3,64777,Caution,Yellow,23125.0,1.12,0.15
80,Ward 80,2026-08-29,32.24,84.44,31.2,41.88,44.8,35.0,0.04,51.2,31094,Caution,Yellow,10883.0,1.11,0.07
45,Ward 45,2026-08-29,32.2,84.79,31.16,41.79,44.4,34.3,0.0,49.3,8394,Caution,Yellow,2879.0,1.11,0.02
94,Ward 94,2026-08-29,32.87,83.77,31.48,42.86,47.7,33.6,0.57,34.3,27469,Caution,Yellow,9230.0,1.12,0.06
90,Ward 90,2026-08-29,32.65,82.47,31.4,42.52,46.8,33.4,0.45,36.3,18857,Caution,Yellow,6298.0,1.12,0.04
63,Ward 63,2026-08-29,32.28,84.25,31.22,41.93,45.0,33.1,0.08,41.1,24387,Caution,Yellow,8072.0,1.11,0.05
24,Ward 24,2026-08-30,34.87,73.36,31.96,46.65,52.7,48.1,3.47,80.5,19824,Caution,Yellow,9535.0,1.13,0.05
23,Ward 23,2026-08-30,34.9,73.24,31.98,46.7,52.9,47.4,3.5,77.0,18256,Caution,Yellow,8653.0,1.13,0.05
77,Ward 77,2026-08-30,34.8,73.85,32.06,46.95,53.7,47.0,3.4,72.2,45984,Caution,Yellow,21612.0,1.14,0.12
39,Ward 39,2026-08-30,34.64,74.33,31.86,46.35,51.6,46.4,3.24,77.7,21296,Caution,Yellow,9881.0,1.13,0.05
18,Ward 18,2026-08-30,34.83,73.53,31.95,46.62,52.6,45.8,3.43,71.1,22267,Caution,Yellow,10198.0,1.13,0.06
62,Ward 62,2026-08-30,34.7,74.27,32.02,46.81,53.3,45.7,3.3,68.4,34832,Caution,Yellow,15918.0,1.13,0.09
48,Ward 48,2026-08-30,34.72,73.99,31.9,46.46,52.1,45.2,3.32,70.7,20437,Caution,Yellow,9238.0,1.13,0.05
42,Ward 42,2026-08-30,34.46,75.1,31.76,46.06,50.6,44.9,3.06,74.9,21746,Caution,Yellow,9764.0,1.13,0.05
49,Ward 49,2026-08-30,34.52,74.03,31.57,45.87,48.6,44.8,3.22,82.7,19416,Caution,Yellow,8698.0,1.12,0.05
43,Ward 43,2026-08-30,34.57,74.61,31.82,46.22,51.2,44.7,3.17,71.9,17677,Caution,Yellow,7902.0,1.13,0.04
78,Ward 78,2026-08-30,34.58,74.77,31.95,46.6,52.6,44.7,3.18,66.7,54090,Caution,Yellow,24178.0,1.13,0.14
29,Ward 29,2026-08-30,34.59,73.74,31.61,45.99,49.0,44.2,3.29,78.3,53782,Caution,Yellow,23772.0,1.12,0.13
135,Ward 135,2026-08-30,34.08,76.92,31.71,45.88,50.1,43.8,2.68,71.9,33258,Caution,Yellow,14567.0,1.12,0.08
19,Ward 19,2026-08-30,34.71,74.02,31.89,46.43,51.9,43.6,3.31,64.3,21158,Caution,Yellow,9225.0,1.13,0.05
54,Ward 54,2026-08-30,34.89,74.23,31.69,46.24,49.8,43.6,3.39,72.5,36235,Caution,Yellow,15798.0,1.12,0.09
41,Ward 41,2026-08-30,34.46,75.1,31.76,46.06,50.6,43.5,3.06,68.6,19946,Caution,Yellow,8677.0,1.13,0.05
28,Ward 28,2026-08-30,34.62,73.62,31.63,46.04,49.2,43.2,3.32,72.7,38110,Caution,Yellow,16464.0,1.12,0.09
52,Ward 52,2026-08-30,34.47,75.24,31.89,46.43,51.9,43.1,3.07,62.4,16869,Caution,Yellow,7271.0,1.13,0.04
26,Ward 26,2026-08-30,34.48,75.01,31.78,46.13,50.8,43.0,3.08,65.9,25371,Caution,Yellow,10910.0,1.13,0.06
134,Ward 134,2026-08-30,33.85,77.95,31.6,45.53,48.9,42.8,2.45,72.2,35780,Caution,Yellow,15314.0,1.12,0.09
25,Ward 25,2026-08-30,34.53,74.8,31.8,46.19,51.0,42.7,3.13,63.8,27484,Caution,Yellow,11736.0,1.13,0.07
53,Ward 53,2026-08-30,34.49,75.16,31.91,46.5,52.2,42.7,3.09,59.7,25598,Caution,Yellow,10930.0,1.13,0.07
21,Ward 21,2026-08-30,34.36,75.51,31.71,45.93,50.1,42.4,2.96,65.8,21187,Caution,Yellow,8983.0,1.12,0.05
20,Ward 20,2026-08-30,34.46,75.1,31.76,46.06,50.6,41.9,3.06,61.7,21576,Caution,Yellow,9040.0,1.13,0.05
37,Ward 37,2026-08-30,34.46,74.28,31.55,45.82,48.4,41.9,3.16,70.2,24020,Caution,Yellow,10064.0,1.12,0.06
44,Ward 44,2026-08-30,34.27,75.91,31.68,45.83,49.7,41.9,2.87,65.2,29600,Caution,Yellow,12402.0,1.12,0.07
61,Ward 61,2026-08-30,34.11,76.79,31.72,45.89,50.2,41.5,2.71,61.6,29704,Caution,Yellow,12327.0,1.12,0.07
75,Ward 75,2026-08-30,34.11,76.79,31.72,45.89,50.2,41.4,2.71,61.0,26925,Caution,Yellow,11147.0,1.12,0.07
88,Ward 88,2026-08-30,34.2,76.4,31.77,46.05,50.7,41.1,2.8,58.0,23672,Caution,Yellow,9729.0,1.13,0.06
83,Ward 83,2026-08-30,34.18,76.5,31.76,46.03,50.6,41.0,2.78,57.9,22163,Caution,Yellow,9087.0,1.13,0.06
84,Ward 84,2026-08-30,34.02,77.19,31.68,45.77,49.7,40.4,2.62,58.6,19230,Caution,Yellow,7769.0,1.12,0.05
76,Ward 76,2026-08-30,34.15,76.62,31.74,45.98,50.4,40.3,2.75,55.5,21946,Caution,Yellow,8844.0,1.13,0.05
73,Ward 73,2026-08-30,34.07,76.99,31.7,45.85,50.0,40.1,2.67,55.8,23512,Caution,Yellow,9428.0,1.12,0.06
60,Ward 60,2026-08-30,34.44,76.16,31.45,45.56,47.4,39.8,2.94,64.6,35732,Caution,Yellow,14221.0,1.12,0.08
82,Ward 82,2026-08-30,34.04,77.11,31.68,45.79,49.7,39.8,2.64,55.7,38838,Caution,Yellow,15458.0,1.12,0.1
85,Ward 85,2026-08-30,34.01,77.25,31.67,45.74,49.6,39.8,2.61,56.0,29566,Caution,Yellow,11767.0,1.12,0.07
65,Ward 65,2026-08-30,34.4,76.33,31.44,45.53,47.3,39.7,2.9,64.2,72427,Caution,Yellow,28754.0,1.12,0.17
66,Ward 66,2026-08-30,34.35,76.55,31.42,45.47,47.1,39.5,2.85,64.3,98024,Caution,Yellow,38719.0,1.12,0.23
16,Ward 16,2026-08-30,34.36,74.72,31.49,45.65,47.8,39.3,3.06,60.7,20904,Caution,Yellow,8215.0,1.12,0.05
50,Ward 50,2026-08-30,34.03,77.16,31.69,45.81,49.8,39.3,2.63,53.0,17251,Caution,Yellow,6780.0,1.12,0.04
11,Ward 11,2026-08-30,34.36,74.72,31.49,45.65,47.8,39.0,3.06,59.0,22152,Caution,Yellow,8639.0,1.12,0.05
9,Ward 9,2026-08-30,34.22,76.12,31.64,45.71,49.3,38.9,2.82,53.2,16420,Caution,Yellow,6387.0,1.12,0.04
81,Ward 81,2026-08-30,33.84,77.99,31.59,45.49,48.8,38.9,2.44,55.1,41501,Caution,Yellow,16144.0,1.12,0.1
56,Ward 56,2026-08-30,34.45,76.12,31.46,45.59,47.5,38.8,2.95,59.2,43622,Caution,Yellow,16925.0,1.12,0.1
38,Ward 38,2026-08-30,34.22,75.3,31.42,45.44,47.1,38.6,2.92,59.7,28791,Caution,Yellow,11113.0,1.12,0.07
133,Ward 133,2026-08-30,33.77,78.32,31.55,45.39,48.4,38.6,2.37,55.1,25588,Caution,Yellow,9877.0,1.12,0.06
22,Ward 22,2026-08-30,33.91,77.48,31.49,45.27,47.8,38.5,2.51,56.7,15730,Caution,Yellow,6056.0,1.12,0.04
132,Ward 132,2026-08-30,33.78,78.27,31.56,45.43,48.5,38.4,2.38,53.9,26274,Caution,Yellow,10089.0,1.12,0.06
10,Ward 10,2026-08-30,34.27,75.09,31.45,45.51,47.4,38.2,2.97,56.8,27700,Caution,Yellow,10581.0,1.12,0.06
47,Ward 47,2026-08-30,33.94,77.35,31.51,45.32,48.0,38.2,2.54,54.7,14684,Caution,Yellow,5609.0,1.12,0.03
51,Ward 51,2026-08-30,33.96,77.46,31.64,45.66,49.3,38.2,2.56,50.0,13556,Caution,Yellow,5178.0,1.12,0.03
72,Ward 72,2026-08-30,33.8,78.18,31.57,45.45,48.6,38.2,2.4,52.6,19167,Caution,Yellow,7322.0,1.12,0.05
117,Ward 117,2026-08-30,33.74,78.44,31.54,45.34,48.3,38.1,2.34,53.1,21824,Caution,Yellow,8315.0,1.12,0.05
40,Ward 40,2026-08-30,34.13,75.7,31.39,45.35,46.7,37.9,2.83,58.1,20549,Caution,Yellow,7788.0,1.12,0.05
89,Ward 89,2026-08-30,33.83,78.05,31.59,45.5,48.8,37.8,2.43,50.0,22304,Caution,Yellow,8431.0,1.12,0.05
118,Ward 118,2026-08-30,33.7,78.62,31.52,45.29,48.1,37.8,2.3,52.3,21810,Caution,Yellow,8244.0,1.12,0.05
120,Ward 120,2026-08-30,33.77,78.32,31.55,45.39,48.4,37.5,2.37,49.9,19710,Caution,Yellow,7391.0,1.12,0.05
30,Ward 30,2026-08-30,34.1,75.82,31.37,45.3,46.5,37.1,2.8,55.1,30050,Caution,Yellow,11149.0,1.12,0.07
71,Ward 71,2026-08-30,33.68,78.71,31.51,45.27,48.0,36.8,2.28,48.2,29922,Caution,Yellow,11011.0,1.12,0.07
130,Ward 130,2026-08-30,33.6,79.08,31.47,45.14,47.6,36.8,2.2,49.8,23227,Caution,Yellow,8548.0,1.12,0.05
36,Ward 36,2026-08-30,33.4,78.91,31.02,44.26,43.0,36.6,2.1,66.9,27238,Caution,Yellow,9969.0,1.11,0.06
138,Ward 138,2026-08-30,32.8,82.12,31.17,44.24,44.5,36.6,1.8,60.7,28858,Caution,Yellow,10562.0,1.11,0.06
14,Ward 14,2026-08-30,34.01,76.2,31.32,45.15,46.0,36.5,2.71,54.2,53343,Caution,Yellow,19470.0,1.11,0.12
59,Ward 59,2026-08-30,33.96,78.27,31.22,44.9,45.0,36.5,2.46,57.8,70261,Caution,Yellow,25645.0,1.11,0.15
131,Ward 131,2026-08-30,33.55,79.29,31.45,45.06,47.4,36.5,2.15,48.9,30911,Caution,Yellow,11283.0,1.12,0.07
17,Ward 17,2026-08-30,34.14,75.65,31.38,45.33,46.6,36.3,2.84,51.0,21023,Caution,Yellow,7631.0,1.12,0.05
69,Ward 69,2026-08-30,33.38,80.08,31.37,44.79,46.5,36.2,1.98,50.6,44111,Caution,Yellow,15968.0,1.12,0.1
136,Ward 136,2026-08-30,33.37,80.12,31.37,44.8,46.5,36.2,1.97,51.0,21482,Caution,Yellow,7776.0,1.12,0.05
3,Ward 3,2026-08-30,33.88,76.77,31.26,44.97,45.4,36.1,2.58,54.4,53855,Caution,Yellow,19442.0,1.11,0.12
8,Ward 8,2026-08-30,34.08,75.9,31.35,45.24,46.3,36.1,2.78,50.9,18760,Caution,Yellow,6772.0,1.12,0.04
27,Ward 27,2026-08-30,33.93,76.55,31.28,45.04,45.6,36.1,2.63,53.7,19350,Caution,Yellow,6985.0,1.11,0.04
93,Ward 93,2026-08-30,33.52,79.43,31.43,45.0,47.2,36.1,2.12,47.7,44364,Caution,Yellow,16015.0,1.12,0.1
119,Ward 119,2026-08-30,33.56,79.25,31.46,45.09,47.5,36.1,2.16,46.9,16491,Caution,Yellow,5953.0,1.12,0.04
13,Ward 13,2026-08-30,33.82,77.03,31.23,44.88,45.1,36.0,2.52,55.4,33066,Caution,Yellow,11904.0,1.11,0.07
137,Ward 137,2026-08-30,33.01,81.79,31.19,44.23,44.7,36.0,1.61,56.7,19385,Caution,Yellow,6979.0,1.11,0.04
7,Ward 7,2026-08-30,33.91,76.64,31.28,45.02,45.6,35.9,2.61,52.6,19180,Caution,Yellow,6886.0,1.11,0.04
1,Ward 1,2026-08-30,33.83,76.99,31.24,44.91,45.2,35.8,2.53,53.6,53125,Caution,Yellow,19019.0,1.11,0.12
15,Ward 15,2026-08-30,33.91,76.64,31.28,45.02,45.6,35.8,2.61,52.4,23922,Caution,Yellow,8564.0,1.11,0.05
70,Ward 70,2026-08-30,33.46,79.72,31.41,44.93,47.0,35.6,2.06,46.0,18618,Caution,Yellow,6628.0,1.12,0.04
91,Ward 91,2026-08-30,34.03,77.95,31.25,44.98,45.3,35.6,2.53,52.5,38450,Caution,Yellow,13688.0,1.11,0.09
129,Ward 129,2026-08-30,33.38,80.08,31.37,44.79,46.5,35.6,1.98,47.9,39654,Caution,Yellow,14117.0,1.12,0.09
35,Ward 35,2026-08-30,33.94,76.52,31.29,45.07,45.7,35.4,2.64,49.9,35024,Caution,Yellow,12398.0,1.11,0.08
67,Ward 67,2026-08-30,33.91,78.5,31.2,44.84,44.8,35.4,2.41,53.4,56284,Caution,Yellow,19925.0,1.11,0.12
4,Ward 4,2026-08-30,33.81,77.08,31.22,44.84,45.0,35.2,2.51,51.5,34476,Caution,Yellow,12136.0,1.11,0.08
86,Ward 86,2026-08-30,33.33,80.3,31.34,44.71,46.2,35.2,1.93,47.1,19195,Caution,Yellow,6757.0,1.12,0.04
34,Ward 34,2026-08-30,34.06,77.82,31.27,45.03,45.5,35.1,2.56,49.0,29773,Caution,Yellow,10450.0,1.11,0.07
55,Ward 55,2026-08-30,33.82,78.9,31.15,44.69,44.3,34.9,2.32,52.9,32254,Caution,Yellow,11257.0,1.11,0.07
64,Ward 64,2026-08-30,33.75,79.2,31.12,44.61,44.0,34.9,2.25,54.1,31280,Caution,Yellow,10917.0,1.11,0.07
99,Ward 99,2026-08-30,34.01,79.17,31.26,44.78,45.4,34.9,2.41,48.4,26739,Caution,Yellow,9332.0,1.11,0.06
96,Ward 96,2026-08-30,33.73,80.11,31.26,44.91,45.4,34.6,2.33,47.3,31033,Caution,Yellow,10737.0,1.11,0.07
139,Ward 139,2026-08-30,32.4,84.04,30.97,43.57,42.5,34.6,1.4,58.5,42014,Caution,Yellow,14537.0,1.1,0.09
95,Ward 95,2026-08-30,33.69,80.3,31.24,44.88,45.2,34.5,2.29,47.6,26737,Caution,Yellow,9224.0,1.11,0.06
98,Ward 98,2026-08-30,33.73,80.11,31.26,44.91,45.4,34.4,2.33,46.3,31708,Caution,Yellow,10908.0,1.11,0.07
103,Ward 103,2026-08-30,33.91,79.62,31.21,44.65,44.9,34.3,2.31,47.3,25428,Caution,Yellow,8722.0,1.11,0.06
116,Ward 116,2026-08-30,33.49,81.24,31.15,44.6,44.3,34.3,2.09,49.7,28338,Caution,Yellow,9720.0,1.11,0.06
12,Ward 12,2026-08-30,33.51,78.42,31.08,44.44,43.6,34.0,2.21,51.1,21493,Caution,Yellow,7308.0,1.11,0.05
101,Ward 101,2026-08-30,33.8,80.11,31.16,44.49,44.4,33.9,2.2,47.2,40208,Caution,Yellow,13631.0,1.11,0.09
79,Ward 79,2026-08-30,32.85,82.54,31.1,43.94,43.8,33.8,1.45,49.2,44303,Caution,Yellow,14974.0,1.11,0.09
31,Ward 31,2026-08-30,33.5,78.45,31.07,44.4,43.5,33.7,2.2,50.1,39025,Caution,Yellow,13151.0,1.11,0.08
32,Ward 32,2026-08-30,33.3,79.36,30.97,44.12,42.5,33.7,2.0,54.1,45636,Caution,Yellow,15379.0,1.1,0.09
105,Ward 105,2026-08-30,33.88,78.62,31.18,44.79,44.6,33.7,2.38,45.8,21267,Caution,Yellow,7167.0,1.11,0.05
6,Ward 6,2026-08-30,33.33,79.23,30.99,44.17,42.7,33.6,2.03,52.9,42346,Caution,Yellow,14228.0,1.1,0.09
112,Ward 112,2026-08-30,33.44,81.47,31.12,44.53,44.0,33.6,2.04,47.5,32404,Caution,Yellow,10888.0,1.11,0.07
113,Ward 113,2026-08-30,33.41,81.6,31.11,44.48,43.9,33.6,2.01,47.7,33475,Caution,Yellow,11248.0,1.11,0.07
115,Ward 115,2026-08-30,33.5,81.18,31.15,44.59,44.3,33.5,2.1,46.0,31919,Caution,Yellow,10693.0,1.11,0.07
123,Ward 123,2026-08-30,33.4,81.65,31.1,44.44,43.8,33.5,2.0,47.5,35386,Caution,Yellow,11854.0,1.11,0.08
2,Ward 2,2026-08-30,33.61,77.96,31.12,44.57,44.0,33.4,2.31,46.3,48190,Caution,Yellow,16095.0,1.11,0.1
68,Ward 68,2026-08-30,33.63,79.75,31.05,44.41,43.3,33.4,2.13,49.4,20724,Caution,Yellow,6922.0,1.11,0.04
141,Ward 141,2026-08-30,32.18,85.11,30.87,43.21,41.5,33.3,1.18,55.9,41152,Caution,Yellow,13704.0,1.1,0.08
102,Ward 102,2026-08-30,33.7,80.58,31.11,44.36,43.9,33.1,2.1,45.5,21503,Caution,Yellow,7117.0,1.11,0.05
114,Ward 114,2026-08-30,33.34,81.94,31.06,44.34,43.4,33.1,1.94,47.4,41913,Caution,Yellow,13873.0,1.11,0.09
121,Ward 121,2026-08-30,33.32,82.04,31.06,44.32,43.4,33.1,1.92,47.5,29921,Caution,Yellow,9904.0,1.11,0.06
104,Ward 104,2026-08-30,33.81,78.94,31.14,44.66,44.2,33.0,2.31,43.9,33185,Caution,Yellow,10951.0,1.11,0.07
140,Ward 140,2026-08-30,32.07,85.65,30.82,43.02,41.0,33.0,1.07,56.8,30504,Caution,Yellow,10066.0,1.1,0.06
124,Ward 124,2026-08-30,33.23,82.44,31.02,44.21,43.0,32.9,1.83,47.9,39179,Caution,Yellow,12890.0,1.11,0.08
128,Ward 128,2026-08-30,33.32,82.04,31.06,44.32,43.4,32.9,1.92,46.1,32179,Caution,Yellow,10587.0,1.11,0.07
92,Ward 92,2026-08-30,33.64,79.71,31.06,44.44,43.4,32.6,2.14,44.8,36450,Caution,Yellow,11883.0,1.11,0.08
125,Ward 125,2026-08-30,33.21,82.54,31.01,44.19,42.9,32.6,1.81,46.6,44850,Caution,Yellow,14621.0,1.1,0.09
106,Ward 106,2026-08-30,33.5,80.34,30.99,44.22,42.7,32.3,2.0,46.1,40618,Caution,Yellow,13120.0,1.1,0.08
107,Ward 107,2026-08-30,33.4,80.81,30.94,44.08,42.2,32.3,1.9,47.8,54260,Caution,Yellow,17526.0,1.1,0.11
46,Ward 46,2026-08-30,32.43,84.57,30.91,43.28,41.9,32.2,1.03,48.6,12823,Caution,Yellow,4129.0,1.1,0.03
74,Ward 74,2026-08-30,32.61,83.69,31.0,43.58,42.8,32.2,1.21,45.1,42176,Caution,Yellow,13581.0,1.1,0.09
100,Ward 100,2026-08-30,33.55,81.27,31.03,44.11,43.1,32.2,1.95,43.6,25507,Caution,Yellow,8213.0,1.11,0.05
57,Ward 57,2026-08-30,33.22,81.64,30.85,43.82,41.3,32.1,1.72,50.6,49856,Caution,Yellow,16004.0,1.1,0.1
111,Ward 111,2026-08-30,33.42,81.88,30.97,43.92,42.5,32.1,1.82,45.5,38647,Caution,Yellow,12406.0,1.1,0.08
110,Ward 110,2026-08-30,33.33,82.32,30.93,43.82,42.1,31.6,1.73,44.7,27470,Caution,Yellow,8681.0,1.1,0.06
127,Ward 127,2026-08-30,32.97,83.7,30.89,43.81,41.7,31.2,1.57,44.0,43782,Caution,Yellow,13660.0,1.1,0.09
122,Ward 122,2026-08-30,32.95,83.8,30.88,43.79,41.6,31.1,1.55,43.9,39198,Caution,Yellow,12191.0,1.1,0.08
33,Ward 33,2026-08-30,33.19,81.79,30.84,43.77,41.2,30.5,1.69,42.5,45919,Caution,Yellow,14005.0,1.1,0.09
5,Ward 5,2026-08-30,33.0,80.73,30.83,43.69,41.1,30.4,1.7,42.1,23707,Caution,Yellow,7207.0,1.1,0.05
87,Ward 87,2026-08-30,32.45,84.47,30.92,43.31,42.0,30.3,1.05,38.2,12675,Caution,Yellow,3841.0,1.1,0.03
126,Ward 126,2026-08-30,32.82,84.43,30.81,43.58,40.9,30.1,1.42,41.4,31631,Caution,Yellow,9521.0,1.1,0.06
109,Ward 109,2026-08-30,32.74,85.15,30.65,42.94,39.3,29.8,1.14,46.2,64567,Caution,Yellow,19241.0,1.1,0.12
58,Ward 58,2026-08-30,32.45,85.35,30.48,42.68,37.7,29.5,0.95,51.8,88465,Caution,Yellow,26097.0,1.09,0.16
97,Ward 97,2026-08-30,32.75,84.76,30.78,43.48,40.6,29.2,1.35,37.4,37199,Caution,Yellow,10862.0,1.1,0.07
80,Ward 80,2026-08-30,31.44,89.54,30.44,41.57,37.3,29.1,0.04,51.2,31094,Caution,Yellow,9048.0,1.09,0.06
90,Ward 90,2026-08-30,31.85,87.45,30.63,42.29,39.2,28.0,0.45,36.3,18857,Caution,Yellow,5280.0,1.1,0.04
45,Ward 45,2026-08-30,31.4,89.5,30.27,41.34,35.7,27.6,0.0,49.3,8394,Caution,Yellow,2317.0,1.08,0.01
63,Ward 63,2026-08-30,31.48,89.33,30.46,41.63,37.5,27.6,0.08,41.1,24387,Caution,Yellow,6731.0,1.09,0.04
108,Ward 108,2026-08-30,31.86,88.3,30.18,41.74,34.8,26.1,0.36,44.3,64777,Caution,Yellow,16907.0,1.08,0.11
94,Ward 94,2026-08-30,31.97,88.67,30.4,42.25,36.9,26.0,0.57,34.3,27469,Caution,Yellow,7142.0,1.09,0.05
