ward_id,ward_name,date,tmax_adj_c,rh_mean_pct,wbgt_peak_c,hi_peak_c,hazard_score,risk_score,uhi_delta_c,vulnerability,population,risk_band,risk_colour,exposed_population,relative_risk,excess_deaths_per_day,run_at
24,Ward 24,2026-09-03,33.87,73.01,31.23,44.25,45.1,41.1,3.47,80.5,19824,Caution,Yellow,8148.0,1.11,0.04,2026-09-04T18:06:16
77,Ward 77,2026-09-03,33.8,72.72,31.36,44.31,46.4,40.6,3.4,72.2,45984,Caution,Yellow,18670.0,1.12,0.1,2026-09-04T18:06:16
23,Ward 23,2026-09-03,33.9,72.88,31.24,44.25,45.2,40.5,3.5,77.0,18256,Caution,Yellow,7394.0,1.11,0.04,2026-09-04T18:06:16
39,Ward 39,2026-09-03,33.64,73.98,31.11,43.9,43.9,39.5,3.24,77.7,21296,Caution,Yellow,8412.0,1.11,0.05,2026-09-04T18:06:16
62,Ward 62,2026-09-03,33.7,73.12,31.31,44.17,45.9,39.4,3.3,68.4,34832,Caution,Yellow,13724.0,1.11,0.08,2026-09-04T18:06:16
18,Ward 18,2026-09-03,33.83,73.18,31.21,44.17,44.9,39.1,3.43,71.1,22267,Caution,Yellow,8706.0,1.11,0.05,2026-09-04T18:06:16
54,Ward 54,2026-09-03,33.59,73.08,31.15,44.37,44.3,38.8,3.39,72.5,36235,Caution,Yellow,14059.0,1.11,0.08,2026-09-04T18:06:16
48,Ward 48,2026-09-03,33.72,73.63,31.15,44.01,44.3,38.5,3.32,70.7,20437,Caution,Yellow,7868.0,1.11,0.04,2026-09-04T18:06:16
78,Ward 78,2026-09-03,33.58,73.64,31.25,43.98,45.3,38.5,3.18,66.7,54090,Caution,Yellow,20825.0,1.11,0.12,2026-09-04T18:06:16
42,Ward 42,2026-09-03,33.46,74.74,31.03,43.65,43.1,38.2,3.06,74.9,21746,Caution,Yellow,8307.0,1.11,0.05,2026-09-04T18:06:16
43,Ward 43,2026-09-03,33.57,74.27,31.08,43.81,43.6,38.1,3.17,71.9,17677,Caution,Yellow,6735.0,1.11,0.04,2026-09-04T18:06:16
135,Ward 135,2026-09-03,33.08,75.76,31.0,43.25,42.8,37.4,2.68,71.9,33258,Caution,Yellow,12438.0,1.1,0.07,2026-09-04T18:06:16
19,Ward 19,2026-09-03,33.71,73.67,31.14,43.98,44.2,37.1,3.31,64.3,21158,Caution,Yellow,7850.0,1.11,0.05,2026-09-04T18:06:16
52,Ward 52,2026-09-03,33.47,74.09,31.19,43.81,44.7,37.1,3.07,62.4,16869,Caution,Yellow,6258.0,1.11,0.04,2026-09-04T18:06:16
41,Ward 41,2026-09-03,33.46,74.74,31.03,43.65,43.1,37.0,3.06,68.6,19946,Caution,Yellow,7380.0,1.11,0.04,2026-09-04T18:06:16
53,Ward 53,2026-09-03,33.49,74.01,31.21,43.88,44.9,36.8,3.09,59.7,25598,Caution,Yellow,9420.0,1.11,0.06,2026-09-04T18:06:16
26,Ward 26,2026-09-03,33.48,74.65,31.03,43.67,43.1,36.5,3.08,65.9,25371,Caution,Yellow,9260.0,1.11,0.05,2026-09-04T18:06:16
134,Ward 134,2026-09-03,32.85,76.77,30.89,42.91,41.7,36.5,2.45,72.2,35780,Caution,Yellow,13060.0,1.1,0.07,2026-09-04T18:06:16
25,Ward 25,2026-09-03,33.53,74.43,31.06,43.74,43.4,36.3,3.13,63.8,27484,Caution,Yellow,9977.0,1.11,0.06,2026-09-04T18:06:16
49,Ward 49,2026-09-03,33.22,74.32,30.65,43.47,39.3,36.2,3.22,82.7,19416,Caution,Yellow,7029.0,1.1,0.04,2026-09-04T18:06:16
21,Ward 21,2026-09-03,33.36,75.17,30.98,43.52,42.6,36.0,2.96,65.8,21187,Caution,Yellow,7627.0,1.1,0.04,2026-09-04T18:06:16
29,Ward 29,2026-09-03,33.29,74.03,30.69,43.56,39.7,35.8,3.29,78.3,53782,Caution,Yellow,19254.0,1.1,0.1,2026-09-04T18:06:16
20,Ward 20,2026-09-03,33.46,74.74,31.03,43.65,43.1,35.7,3.06,61.7,21576,Caution,Yellow,7703.0,1.11,0.05,2026-09-04T18:06:16
61,Ward 61,2026-09-03,33.11,75.63,31.02,43.3,43.0,35.6,2.71,61.6,29704,Caution,Yellow,10575.0,1.11,0.06,2026-09-04T18:06:16
44,Ward 44,2026-09-03,33.27,75.55,30.93,43.37,42.1,35.5,2.87,65.2,29600,Caution,Yellow,10508.0,1.1,0.06,2026-09-04T18:06:16
75,Ward 75,2026-09-03,33.11,75.63,31.02,43.3,43.0,35.5,2.71,61.0,26925,Caution,Yellow,9558.0,1.11,0.06,2026-09-04T18:06:16
60,Ward 60,2026-09-03,33.14,74.98,30.92,43.7,42.0,35.3,2.94,64.6,35732,Caution,Yellow,12613.0,1.1,0.07,2026-09-04T18:06:16
88,Ward 88,2026-09-03,33.2,75.24,31.07,43.45,43.5,35.3,2.8,58.0,23672,Caution,Yellow,8356.0,1.11,0.05,2026-09-04T18:06:16
138,Ward 138,2026-09-03,32.4,81.05,31.01,42.77,42.9,35.3,1.8,60.7,28858,Caution,Yellow,10187.0,1.1,0.06,2026-09-04T18:06:16
65,Ward 65,2026-09-03,33.1,75.16,30.91,43.66,41.9,35.1,2.9,64.2,72427,Caution,Yellow,25422.0,1.1,0.15,2026-09-04T18:06:16
83,Ward 83,2026-09-03,33.18,75.33,31.05,43.39,43.3,35.1,2.78,57.9,22163,Caution,Yellow,7779.0,1.11,0.05,2026-09-04T18:06:16
28,Ward 28,2026-09-03,33.32,73.89,30.7,43.61,39.8,34.9,3.32,72.7,38110,Caution,Yellow,13300.0,1.1,0.07,2026-09-04T18:06:16
66,Ward 66,2026-09-03,33.05,75.38,30.88,43.59,41.6,34.9,2.85,64.3,98024,Caution,Yellow,34210.0,1.1,0.2,2026-09-04T18:06:16
84,Ward 84,2026-09-03,33.02,76.03,30.98,43.19,42.6,34.7,2.62,58.6,19230,Caution,Yellow,6673.0,1.1,0.04,2026-09-04T18:06:16
76,Ward 76,2026-09-03,33.15,75.45,31.04,43.38,43.2,34.5,2.75,55.5,21946,Caution,Yellow,7571.0,1.11,0.05,2026-09-04T18:06:16
56,Ward 56,2026-09-03,33.15,74.95,30.93,43.73,42.1,34.4,2.95,59.2,43622,Caution,Yellow,15006.0,1.1,0.09,2026-09-04T18:06:16
96,Ward 96,2026-09-03,32.93,76.44,31.23,43.61,45.1,34.4,2.33,47.3,31033,Caution,Yellow,10675.0,1.11,0.07,2026-09-04T18:06:16
73,Ward 73,2026-09-03,33.07,75.8,31.0,43.26,42.8,34.3,2.67,55.8,23512,Caution,Yellow,8065.0,1.1,0.05,2026-09-04T18:06:16
82,Ward 82,2026-09-03,33.04,75.94,30.99,43.21,42.7,34.2,2.64,55.7,38838,Caution,Yellow,13283.0,1.1,0.08,2026-09-04T18:06:16
95,Ward 95,2026-09-03,32.89,76.61,31.2,43.53,44.8,34.2,2.29,47.6,26737,Caution,Yellow,9144.0,1.11,0.06,2026-09-04T18:06:16
98,Ward 98,2026-09-03,32.93,76.44,31.23,43.61,45.1,34.2,2.33,46.3,31708,Caution,Yellow,10844.0,1.11,0.07,2026-09-04T18:06:16
85,Ward 85,2026-09-03,33.01,76.07,30.97,43.16,42.5,34.1,2.61,56.0,29566,Caution,Yellow,10082.0,1.1,0.06,2026-09-04T18:06:16
116,Ward 116,2026-09-03,32.69,77.51,31.11,43.22,43.9,34.0,2.09,49.7,28338,Caution,Yellow,9635.0,1.11,0.06,2026-09-04T18:06:16
37,Ward 37,2026-09-03,33.16,74.58,30.62,43.37,39.1,33.9,3.16,70.2,24020,Caution,Yellow,8143.0,1.1,0.04,2026-09-04T18:06:16
50,Ward 50,2026-09-03,33.03,75.98,30.98,43.18,42.6,33.6,2.63,53.0,17251,Caution,Yellow,5796.0,1.1,0.04,2026-09-04T18:06:16
99,Ward 99,2026-09-03,32.71,76.54,31.08,43.39,43.6,33.5,2.41,48.4,26739,Caution,Yellow,8958.0,1.11,0.06,2026-09-04T18:06:16
81,Ward 81,2026-09-03,32.84,76.81,30.89,42.92,41.7,33.3,2.44,55.1,41501,Caution,Yellow,13820.0,1.1,0.08,2026-09-04T18:06:16
112,Ward 112,2026-09-03,32.64,77.71,31.08,43.14,43.6,33.3,2.04,47.5,32404,Caution,Yellow,10791.0,1.11,0.07,2026-09-04T18:06:16
113,Ward 113,2026-09-03,32.61,77.87,31.07,43.12,43.5,33.3,2.01,47.7,33475,Caution,Yellow,11147.0,1.11,0.07,2026-09-04T18:06:16
139,Ward 139,2026-09-03,32.0,82.95,30.81,42.11,40.9,33.3,1.4,58.5,42014,Caution,Yellow,13991.0,1.1,0.08,2026-09-04T18:06:16
115,Ward 115,2026-09-03,32.7,77.45,31.11,43.25,43.9,33.2,2.1,46.0,31919,Caution,Yellow,10597.0,1.11,0.07,2026-09-04T18:06:16
9,Ward 9,2026-09-03,33.22,75.77,30.91,43.3,41.9,33.1,2.82,53.2,16420,Caution,Yellow,5435.0,1.1,0.03,2026-09-04T18:06:16
123,Ward 123,2026-09-03,32.6,77.89,31.06,43.09,43.4,33.1,2.0,47.5,35386,Caution,Yellow,11713.0,1.11,0.07,2026-09-04T18:06:16
133,Ward 133,2026-09-03,32.77,77.12,30.85,42.79,41.3,33.0,2.37,55.1,25588,Caution,Yellow,8444.0,1.1,0.05,2026-09-04T18:06:16
103,Ward 103,2026-09-03,32.61,76.97,31.03,43.24,43.1,32.9,2.31,47.3,25428,Caution,Yellow,8366.0,1.11,0.05,2026-09-04T18:06:16
114,Ward 114,2026-09-03,32.54,78.16,31.03,42.98,43.1,32.9,1.94,47.4,41913,Caution,Yellow,13789.0,1.11,0.09,2026-09-04T18:06:16
51,Ward 51,2026-09-03,32.96,76.29,30.95,43.09,42.3,32.8,2.56,50.0,13556,Caution,Yellow,4446.0,1.1,0.03,2026-09-04T18:06:16
121,Ward 121,2026-09-03,32.52,78.26,31.02,42.95,43.0,32.8,1.92,47.5,29921,Caution,Yellow,9814.0,1.11,0.06,2026-09-04T18:06:16
132,Ward 132,2026-09-03,32.78,77.08,30.86,42.82,41.4,32.8,2.38,53.9,26274,Caution,Yellow,8618.0,1.1,0.05,2026-09-04T18:06:16
72,Ward 72,2026-09-03,32.8,76.98,30.86,42.84,41.4,32.6,2.4,52.6,19167,Caution,Yellow,6248.0,1.1,0.04,2026-09-04T18:06:16
124,Ward 124,2026-09-03,32.43,78.68,30.98,42.82,42.6,32.6,1.83,47.9,39179,Caution,Yellow,12772.0,1.1,0.08,2026-09-04T18:06:16
128,Ward 128,2026-09-03,32.52,78.26,31.02,42.95,43.0,32.6,1.92,46.1,32179,Caution,Yellow,10490.0,1.11,0.07,2026-09-04T18:06:16
101,Ward 101,2026-09-03,32.5,77.48,30.98,43.09,42.6,32.5,2.2,47.2,40208,Caution,Yellow,13068.0,1.1,0.08,2026-09-04T18:06:16
117,Ward 117,2026-09-03,32.74,77.25,30.84,42.77,41.2,32.5,2.34,53.1,21824,Caution,Yellow,7093.0,1.1,0.04,2026-09-04T18:06:16
22,Ward 22,2026-09-03,32.91,77.13,30.75,42.85,40.3,32.4,2.51,56.7,15730,Caution,Yellow,5097.0,1.1,0.03,2026-09-04T18:06:16
125,Ward 125,2026-09-03,32.41,78.76,30.97,42.8,42.5,32.3,1.81,46.6,44850,Caution,Yellow,14487.0,1.1,0.09,2026-09-04T18:06:16
47,Ward 47,2026-09-03,32.94,76.99,30.77,42.9,40.5,32.2,2.54,54.7,14684,Caution,Yellow,4728.0,1.1,0.03,2026-09-04T18:06:16
59,Ward 59,2026-09-03,32.66,77.07,30.69,42.98,39.7,32.2,2.46,57.8,70261,Caution,Yellow,22624.0,1.1,0.13,2026-09-04T18:06:16
89,Ward 89,2026-09-03,32.83,76.86,30.88,42.89,41.6,32.2,2.43,50.0,22304,Caution,Yellow,7182.0,1.1,0.04,2026-09-04T18:06:16
118,Ward 118,2026-09-03,32.7,77.43,30.81,42.69,40.9,32.1,2.3,52.3,21810,Caution,Yellow,7001.0,1.1,0.04,2026-09-04T18:06:16
120,Ward 120,2026-09-03,32.77,77.12,30.85,42.79,41.3,32.0,2.37,49.9,19710,Caution,Yellow,6307.0,1.1,0.04,2026-09-04T18:06:16
141,Ward 141,2026-09-03,31.78,84.01,30.71,41.79,39.9,32.0,1.18,55.9,41152,Caution,Yellow,13169.0,1.1,0.08,2026-09-04T18:06:16
16,Ward 16,2026-09-03,33.06,74.99,30.57,43.23,38.6,31.8,3.06,60.7,20904,Caution,Yellow,6647.0,1.09,0.04,2026-09-04T18:06:16
102,Ward 102,2026-09-03,32.4,77.92,30.93,42.93,42.1,31.8,2.1,45.5,21503,Caution,Yellow,6838.0,1.1,0.04,2026-09-04T18:06:16
140,Ward 140,2026-09-03,31.67,84.55,30.66,41.62,39.4,31.7,1.07,56.8,30504,Caution,Yellow,9670.0,1.1,0.06,2026-09-04T18:06:16
11,Ward 11,2026-09-03,33.06,74.99,30.57,43.23,38.6,31.5,3.06,59.0,22152,Caution,Yellow,6978.0,1.09,0.04,2026-09-04T18:06:16
71,Ward 71,2026-09-03,32.68,77.52,30.81,42.67,40.9,31.4,2.28,48.2,29922,Caution,Yellow,9396.0,1.1,0.06,2026-09-04T18:06:16
91,Ward 91,2026-09-03,32.73,76.75,30.72,43.08,40.0,31.4,2.53,52.5,38450,Caution,Yellow,12073.0,1.1,0.07,2026-09-04T18:06:16
130,Ward 130,2026-09-03,32.6,77.88,30.77,42.54,40.5,31.4,2.2,49.8,23227,Caution,Yellow,7293.0,1.1,0.05,2026-09-04T18:06:16
67,Ward 67,2026-09-03,32.61,77.3,30.66,42.9,39.4,31.1,2.41,53.4,56284,Caution,Yellow,17504.0,1.1,0.11,2026-09-04T18:06:16
38,Ward 38,2026-09-03,32.92,75.61,30.5,43.0,37.9,31.0,2.92,59.7,28791,Caution,Yellow,8925.0,1.09,0.05,2026-09-04T18:06:16
127,Ward 127,2026-09-03,32.17,79.85,30.86,42.42,41.4,31.0,1.57,44.0,43782,Caution,Yellow,13572.0,1.1,0.09,2026-09-04T18:06:16
131,Ward 131,2026-09-03,32.55,78.1,30.74,42.47,40.2,31.0,2.15,48.9,30911,Caution,Yellow,9582.0,1.1,0.06,2026-09-04T18:06:16
34,Ward 34,2026-09-03,32.76,76.63,30.73,43.13,40.1,30.9,2.56,49.0,29773,Caution,Yellow,9200.0,1.1,0.06,2026-09-04T18:06:16
100,Ward 100,2026-09-03,32.25,78.59,30.86,42.69,41.4,30.9,1.95,43.6,25507,Caution,Yellow,7882.0,1.1,0.05,2026-09-04T18:06:16
122,Ward 122,2026-09-03,32.15,79.95,30.85,42.4,41.3,30.9,1.55,43.9,39198,Caution,Yellow,12112.0,1.1,0.08,2026-09-04T18:06:16
55,Ward 55,2026-09-03,32.52,77.7,30.62,42.78,39.1,30.8,2.32,52.9,32254,Caution,Yellow,9934.0,1.1,0.06,2026-09-04T18:06:16
64,Ward 64,2026-09-03,32.45,78.02,30.59,42.68,38.8,30.8,2.25,54.1,31280,Caution,Yellow,9634.0,1.09,0.06,2026-09-04T18:06:16
111,Ward 111,2026-09-03,32.12,79.2,30.8,42.5,40.8,30.8,1.82,45.5,38647,Caution,Yellow,11903.0,1.1,0.08,2026-09-04T18:06:16
10,Ward 10,2026-09-03,32.97,75.39,30.52,43.08,38.1,30.7,2.97,56.8,27700,Caution,Yellow,8504.0,1.09,0.05,2026-09-04T18:06:16
119,Ward 119,2026-09-03,32.56,78.06,30.75,42.5,40.3,30.7,2.16,46.9,16491,Caution,Yellow,5063.0,1.1,0.03,2026-09-04T18:06:16
69,Ward 69,2026-09-03,32.38,78.88,30.66,42.21,39.4,30.6,1.98,50.6,44111,Caution,Yellow,13498.0,1.1,0.08,2026-09-04T18:06:16
93,Ward 93,2026-09-03,32.52,78.24,30.72,42.41,40.0,30.6,2.12,47.7,44364,Caution,Yellow,13575.0,1.1,0.09,2026-09-04T18:06:16
136,Ward 136,2026-09-03,32.37,78.91,30.65,42.18,39.3,30.6,1.97,51.0,21482,Caution,Yellow,6573.0,1.1,0.04,2026-09-04T18:06:16
40,Ward 40,2026-09-03,32.83,75.99,30.46,42.89,37.5,30.4,2.83,58.1,20549,Caution,Yellow,6247.0,1.09,0.04,2026-09-04T18:06:16
137,Ward 137,2026-09-03,32.01,80.56,30.48,41.64,37.7,30.4,1.61,56.7,19385,Caution,Yellow,5893.0,1.09,0.03,2026-09-04T18:06:16
110,Ward 110,2026-09-03,32.03,79.59,30.76,42.37,40.4,30.3,1.73,44.7,27470,Caution,Yellow,8323.0,1.1,0.05,2026-09-04T18:06:16
129,Ward 129,2026-09-03,32.38,78.88,30.66,42.21,39.4,30.2,1.98,47.9,39654,Caution,Yellow,11976.0,1.1,0.07,2026-09-04T18:06:16
70,Ward 70,2026-09-03,32.46,78.5,30.7,42.35,39.8,30.1,2.06,46.0,18618,Caution,Yellow,5604.0,1.1,0.04,2026-09-04T18:06:16
86,Ward 86,2026-09-03,32.33,79.1,30.63,42.14,39.2,29.9,1.93,47.1,19195,Caution,Yellow,5739.0,1.1,0.04,2026-09-04T18:06:16
126,Ward 126,2026-09-03,32.02,80.55,30.78,42.17,40.6,29.9,1.42,41.4,31631,Caution,Yellow,9458.0,1.1,0.06,2026-09-04T18:06:16
30,Ward 30,2026-09-03,32.8,76.12,30.44,42.84,37.3,29.8,2.8,55.1,30050,Caution,Yellow,8955.0,1.09,0.05,2026-09-04T18:06:16
105,Ward 105,2026-09-03,32.58,77.42,30.64,42.85,39.3,29.7,2.38,45.8,21267,Caution,Yellow,6316.0,1.1,0.04,2026-09-04T18:06:16
68,Ward 68,2026-09-03,32.33,78.54,30.52,42.46,38.1,29.4,2.13,49.4,20724,Caution,Yellow,6093.0,1.09,0.04,2026-09-04T18:06:16
14,Ward 14,2026-09-03,32.71,76.53,30.4,42.72,36.9,29.3,2.71,54.2,53343,Caution,Yellow,15629.0,1.09,0.09,2026-09-04T18:06:16
17,Ward 17,2026-09-03,32.84,75.96,30.47,42.92,37.6,29.3,2.84,51.0,21023,Caution,Yellow,6160.0,1.09,0.04,2026-09-04T18:06:16
104,Ward 104,2026-09-03,32.51,77.74,30.61,42.75,39.0,29.2,2.31,43.9,33185,Caution,Yellow,9690.0,1.09,0.06,2026-09-04T18:06:16
8,Ward 8,2026-09-03,32.78,76.21,30.43,42.82,37.2,29.0,2.78,50.9,18760,Caution,Yellow,5440.0,1.09,0.03,2026-09-04T18:06:16
3,Ward 3,2026-09-03,32.58,77.09,30.34,42.52,36.4,28.9,2.58,54.4,53855,Caution,Yellow,15564.0,1.09,0.09,2026-09-04T18:06:16
27,Ward 27,2026-09-03,32.63,76.87,30.36,42.59,36.5,28.9,2.63,53.7,19350,Caution,Yellow,5592.0,1.09,0.03,2026-09-04T18:06:16
36,Ward 36,2026-09-03,32.1,79.25,30.09,41.77,34.0,28.9,2.1,66.9,27238,Caution,Yellow,7872.0,1.08,0.04,2026-09-04T18:06:16
97,Ward 97,2026-09-03,31.95,80.87,30.75,42.06,40.3,28.9,1.35,37.4,37199,Caution,Yellow,10751.0,1.1,0.07,2026-09-04T18:06:16
13,Ward 13,2026-09-03,32.52,77.35,30.3,42.41,36.0,28.8,2.52,55.4,33066,Caution,Yellow,9523.0,1.09,0.06,2026-09-04T18:06:16
7,Ward 7,2026-09-03,32.61,76.95,30.35,42.57,36.5,28.7,2.61,52.6,19180,Caution,Yellow,5505.0,1.09,0.03,2026-09-04T18:06:16
15,Ward 15,2026-09-03,32.61,76.95,30.35,42.57,36.5,28.7,2.61,52.4,23922,Caution,Yellow,6866.0,1.09,0.04,2026-09-04T18:06:16
92,Ward 92,2026-09-03,32.34,78.5,30.53,42.49,38.2,28.7,2.14,44.8,36450,Caution,Yellow,10461.0,1.09,0.07,2026-09-04T18:06:16
1,Ward 1,2026-09-03,32.53,77.31,30.31,42.44,36.1,28.6,2.53,53.6,53125,Caution,Yellow,15194.0,1.09,0.09,2026-09-04T18:06:16
79,Ward 79,2026-09-03,31.85,81.3,30.4,41.4,36.9,28.5,1.45,49.2,44303,Caution,Yellow,12626.0,1.09,0.08,2026-09-04T18:06:16
109,Ward 109,2026-09-03,31.44,82.35,30.47,41.39,37.6,28.5,1.14,46.2,64567,Caution,Yellow,18402.0,1.09,0.12,2026-09-04T18:06:16
106,Ward 106,2026-09-03,32.2,79.15,30.46,42.28,37.5,28.4,2.0,46.1,40618,Caution,Yellow,11536.0,1.09,0.07,2026-09-04T18:06:16
35,Ward 35,2026-09-03,32.64,76.83,30.36,42.58,36.5,28.3,2.64,49.9,35024,Caution,Yellow,9912.0,1.09,0.06,2026-09-04T18:06:16
107,Ward 107,2026-09-03,32.1,79.6,30.41,42.12,37.0,28.3,1.9,47.8,54260,Caution,Yellow,15356.0,1.09,0.1,2026-09-04T18:06:16
57,Ward 57,2026-09-03,31.92,80.42,30.32,41.82,36.2,28.2,1.72,50.6,49856,Caution,Yellow,14059.0,1.09,0.09,2026-09-04T18:06:16
4,Ward 4,2026-09-03,32.51,77.4,30.3,42.42,36.0,28.1,2.51,51.5,34476,Caution,Yellow,9688.0,1.09,0.06,2026-09-04T18:06:16
12,Ward 12,2026-09-03,32.21,78.75,30.15,41.96,34.6,27.0,2.21,51.1,21493,Caution,Yellow,5803.0,1.08,0.03,2026-09-04T18:06:16
74,Ward 74,2026-09-03,31.61,82.44,30.28,41.02,35.8,27.0,1.21,45.1,42176,Caution,Yellow,11388.0,1.08,0.07,2026-09-04T18:06:16
31,Ward 31,2026-09-03,32.2,78.8,30.14,41.93,34.5,26.8,2.2,50.1,39025,Caution,Yellow,10459.0,1.08,0.06,2026-09-04T18:06:16
33,Ward 33,2026-09-03,31.89,80.56,30.31,41.8,36.1,26.8,1.69,42.5,45919,Caution,Yellow,12306.0,1.09,0.08,2026-09-04T18:06:16
46,Ward 46,2026-09-03,31.43,83.32,30.19,40.7,34.9,26.8,1.03,48.6,12823,Caution,Yellow,3437.0,1.08,0.02,2026-09-04T18:06:16
6,Ward 6,2026-09-03,32.03,79.57,30.06,41.66,33.7,26.6,2.03,52.9,42346,Caution,Yellow,11264.0,1.08,0.07,2026-09-04T18:06:16
32,Ward 32,2026-09-03,32.0,79.7,30.04,41.61,33.5,26.6,2.0,54.1,45636,Caution,Yellow,12139.0,1.08,0.07,2026-09-04T18:06:16
2,Ward 2,2026-09-03,32.31,78.3,30.2,42.11,35.0,26.5,2.31,46.3,48190,Caution,Yellow,12770.0,1.08,0.08,2026-09-04T18:06:16
94,Ward 94,2026-09-03,31.17,84.61,30.37,40.76,36.6,25.8,0.57,34.3,27469,Caution,Yellow,7087.0,1.09,0.05,2026-09-04T18:06:16
58,Ward 58,2026-09-03,31.15,84.08,29.95,40.59,32.7,25.6,0.95,51.8,88465,Caution,Yellow,22647.0,1.08,0.13,2026-09-04T18:06:16
87,Ward 87,2026-09-03,31.45,83.21,30.21,40.77,35.1,25.3,1.05,38.2,12675,Caution,Yellow,3207.0,1.08,0.02,2026-09-04T18:06:16
5,Ward 5,2026-09-03,31.7,81.09,29.9,41.15,32.2,23.8,1.7,42.1,23707,Normal,Green,5642.0,1.08,0.04,2026-09-04T18:06:16
80,Ward 80,2026-09-03,30.44,88.24,29.71,39.04,30.5,23.8,0.04,51.2,31094,Normal,Green,7400.0,1.07,0.04,2026-09-04T18:06:16
90,Ward 90,2026-09-03,30.85,86.17,29.91,39.77,32.3,23.0,0.45,36.3,18857,Normal,Green,4337.0,1.08,0.03,2026-09-04T18:06:16
63,Ward 63,2026-09-03,30.48,88.05,29.74,39.14,30.8,22.6,0.08,41.1,24387,Normal,Green,5511.0,1.07,0.03,2026-09-04T18:06:16
108,Ward 108,2026-09-03,30.56,87.0,29.66,39.56,30.0,22.5,0.36,44.3,64777,Normal,Green,14575.0,1.07,0.09,2026-09-04T18:06:16
45,Ward 45,2026-09-03,30.4,89.17,29.51,38.82,28.7,22.2,0.0,49.3,8394,Normal,Green,1863.0,1.06,0.01,2026-09-04T18:06:16
24,Ward 24,2026-09-04,34.67,68.3,32.2,44.02,55.2,50.4,3.47,80.5,19824,Danger,Orange,9991.0,1.14,0.05,2026-09-04T18:06:16
23,Ward 23,2026-09-04,34.7,68.19,32.21,44.06,55.4,49.7,3.5,77.0,18256,Caution,Yellow,9073.0,1.14,0.05,2026-09-04T18:06:16
39,Ward 39,2026-09-04,34.44,69.21,32.08,43.71,54.0,48.6,3.24,77.7,21296,Caution,Yellow,10350.0,1.14,0.06,2026-09-04T18:06:16
49,Ward 49,2026-09-04,34.32,68.61,31.94,43.52,52.5,48.4,3.22,82.7,19416,Caution,Yellow,9397.0,1.13,0.05,2026-09-04T18:06:16
18,Ward 18,2026-09-04,34.63,68.46,32.17,43.95,54.9,47.8,3.43,71.1,22267,Caution,Yellow,10644.0,1.14,0.06,2026-09-04T18:06:16
29,Ward 29,2026-09-04,34.39,68.33,31.98,43.63,52.9,47.7,3.29,78.3,53782,Caution,Yellow,25654.0,1.13,0.14,2026-09-04T18:06:16
77,Ward 77,2026-09-04,34.6,68.21,32.11,43.93,54.3,47.5,3.4,72.2,45984,Caution,Yellow,21842.0,1.14,0.12,2026-09-04T18:06:16
54,Ward 54,2026-09-04,34.89,67.8,32.08,44.21,54.0,47.3,3.39,72.5,36235,Caution,Yellow,17139.0,1.14,0.1,2026-09-04T18:06:16
48,Ward 48,2026-09-04,34.52,68.89,32.12,43.81,54.4,47.2,3.32,70.7,20437,Caution,Yellow,9646.0,1.14,0.06,2026-09-04T18:06:16
42,Ward 42,2026-09-04,34.26,69.91,31.99,43.45,53.0,47.0,3.06,74.9,21746,Caution,Yellow,10221.0,1.13,0.06,2026-09-04T18:06:16
43,Ward 43,2026-09-04,34.37,69.47,32.04,43.6,53.5,46.7,3.17,71.9,17677,Caution,Yellow,8255.0,1.13,0.05,2026-09-04T18:06:16
28,Ward 28,2026-09-04,34.42,68.22,31.98,43.63,52.9,46.4,3.32,72.7,38110,Caution,Yellow,17683.0,1.13,0.1,2026-09-04T18:06:16
62,Ward 62,2026-09-04,34.5,68.61,32.07,43.82,53.9,46.2,3.3,68.4,34832,Caution,Yellow,16092.0,1.14,0.09,2026-09-04T18:06:16
19,Ward 19,2026-09-04,34.51,68.92,32.11,43.78,54.3,45.6,3.31,64.3,21158,Caution,Yellow,9648.0,1.14,0.06,2026-09-04T18:06:16
41,Ward 41,2026-09-04,34.26,69.91,31.99,43.45,53.0,45.5,3.06,68.6,19946,Caution,Yellow,9075.0,1.13,0.05,2026-09-04T18:06:16
37,Ward 37,2026-09-04,34.26,68.85,31.91,43.43,52.2,45.2,3.16,70.2,24020,Caution,Yellow,10857.0,1.13,0.06,2026-09-04T18:06:16
78,Ward 78,2026-09-04,34.38,69.08,32.01,43.65,53.2,45.2,3.18,66.7,54090,Caution,Yellow,24449.0,1.13,0.14,2026-09-04T18:06:16
26,Ward 26,2026-09-04,34.28,69.84,32.0,43.47,53.1,45.0,3.08,65.9,25371,Caution,Yellow,11417.0,1.13,0.07,2026-09-04T18:06:16
25,Ward 25,2026-09-04,34.33,69.64,32.03,43.57,53.4,44.7,3.13,63.8,27484,Caution,Yellow,12285.0,1.13,0.07,2026-09-04T18:06:16
21,Ward 21,2026-09-04,34.16,70.3,31.94,43.29,52.5,44.4,2.96,65.8,21187,Caution,Yellow,9407.0,1.13,0.05,2026-09-04T18:06:16
135,Ward 135,2026-09-04,33.88,71.08,31.76,42.96,50.6,44.2,2.68,71.9,33258,Caution,Yellow,14700.0,1.13,0.08,2026-09-04T18:06:16
20,Ward 20,2026-09-04,34.26,69.91,31.99,43.45,53.0,43.9,3.06,61.7,21576,Caution,Yellow,9472.0,1.13,0.06,2026-09-04T18:06:16
44,Ward 44,2026-09-04,34.07,70.67,31.9,43.21,52.1,43.9,2.87,65.2,29600,Caution,Yellow,12994.0,1.13,0.08,2026-09-04T18:06:16
52,Ward 52,2026-09-04,34.27,69.51,31.95,43.5,52.6,43.7,3.07,62.4,16869,Caution,Yellow,7372.0,1.13,0.04,2026-09-04T18:06:16
60,Ward 60,2026-09-04,34.44,69.55,31.85,43.57,51.5,43.3,2.94,64.6,35732,Caution,Yellow,15472.0,1.13,0.09,2026-09-04T18:06:16
53,Ward 53,2026-09-04,34.29,69.43,31.96,43.51,52.7,43.1,3.09,59.7,25598,Caution,Yellow,11033.0,1.13,0.07,2026-09-04T18:06:16
65,Ward 65,2026-09-04,34.4,69.72,31.84,43.54,51.4,43.1,2.9,64.2,72427,Caution,Yellow,31216.0,1.13,0.18,2026-09-04T18:06:16
134,Ward 134,2026-09-04,33.65,72.0,31.64,42.63,49.3,43.1,2.45,72.2,35780,Caution,Yellow,15421.0,1.12,0.09,2026-09-04T18:06:16
66,Ward 66,2026-09-04,34.35,69.91,31.81,43.44,51.1,42.9,2.85,64.3,98024,Caution,Yellow,42052.0,1.13,0.25,2026-09-04T18:06:16
16,Ward 16,2026-09-04,34.16,69.24,31.85,43.28,51.5,42.4,3.06,60.7,20904,Caution,Yellow,8863.0,1.13,0.05,2026-09-04T18:06:16
56,Ward 56,2026-09-04,34.45,69.52,31.86,43.6,51.6,42.1,2.95,59.2,43622,Caution,Yellow,18365.0,1.13,0.11,2026-09-04T18:06:16
11,Ward 11,2026-09-04,34.16,69.24,31.85,43.28,51.5,42.0,3.06,59.0,22152,Caution,Yellow,9304.0,1.13,0.06,2026-09-04T18:06:16
61,Ward 61,2026-09-04,33.91,70.95,31.77,42.97,50.7,41.9,2.71,61.6,29704,Caution,Yellow,12446.0,1.13,0.07,2026-09-04T18:06:16
75,Ward 75,2026-09-04,33.91,70.95,31.77,42.97,50.7,41.8,2.71,61.0,26925,Caution,Yellow,11255.0,1.13,0.07,2026-09-04T18:06:16
38,Ward 38,2026-09-04,34.02,69.79,31.78,43.09,50.8,41.6,2.92,59.7,28791,Caution,Yellow,11977.0,1.13,0.07,2026-09-04T18:06:16
83,Ward 83,2026-09-04,33.98,70.68,31.81,43.09,51.1,41.4,2.78,57.9,22163,Caution,Yellow,9175.0,1.13,0.06,2026-09-04T18:06:16
88,Ward 88,2026-09-04,34.0,70.59,31.81,43.1,51.1,41.4,2.8,58.0,23672,Caution,Yellow,9800.0,1.13,0.06,2026-09-04T18:06:16
10,Ward 10,2026-09-04,34.07,69.59,31.81,43.15,51.1,41.2,2.97,56.8,27700,Caution,Yellow,11412.0,1.13,0.07,2026-09-04T18:06:16
40,Ward 40,2026-09-04,33.93,70.15,31.74,42.96,50.4,40.9,2.83,58.1,20549,Caution,Yellow,8405.0,1.13,0.05,2026-09-04T18:06:16
84,Ward 84,2026-09-04,33.82,71.3,31.73,42.87,50.3,40.9,2.62,58.6,19230,Caution,Yellow,7865.0,1.13,0.05,2026-09-04T18:06:16
9,Ward 9,2026-09-04,34.02,70.86,31.87,43.1,51.7,40.8,2.82,53.2,16420,Caution,Yellow,6699.0,1.13,0.04,2026-09-04T18:06:16
76,Ward 76,2026-09-04,33.95,70.78,31.79,43.04,50.9,40.7,2.75,55.5,21946,Caution,Yellow,8932.0,1.13,0.06,2026-09-04T18:06:16
73,Ward 73,2026-09-04,33.87,71.1,31.75,42.93,50.5,40.5,2.67,55.8,23512,Caution,Yellow,9522.0,1.13,0.06,2026-09-04T18:06:16
82,Ward 82,2026-09-04,33.84,71.24,31.74,42.89,50.4,40.4,2.64,55.7,38838,Caution,Yellow,15691.0,1.13,0.1,2026-09-04T18:06:16
22,Ward 22,2026-09-04,33.71,72.13,31.71,42.67,50.1,40.3,2.51,56.7,15730,Caution,Yellow,6339.0,1.12,0.04,2026-09-04T18:06:16
85,Ward 85,2026-09-04,33.81,71.36,31.72,42.84,50.2,40.3,2.61,56.0,29566,Caution,Yellow,11915.0,1.12,0.07,2026-09-04T18:06:16
30,Ward 30,2026-09-04,33.9,70.25,31.72,42.92,50.2,40.1,2.8,55.1,30050,Caution,Yellow,12050.0,1.12,0.07,2026-09-04T18:06:16
47,Ward 47,2026-09-04,33.74,72.0,31.73,42.72,50.3,40.0,2.54,54.7,14684,Caution,Yellow,5874.0,1.13,0.04,2026-09-04T18:06:16
50,Ward 50,2026-09-04,33.83,71.27,31.73,42.86,50.3,39.7,2.63,53.0,17251,Caution,Yellow,6849.0,1.13,0.04,2026-09-04T18:06:16
59,Ward 59,2026-09-04,33.96,71.48,31.61,42.91,49.0,39.7,2.46,57.8,70261,Caution,Yellow,27894.0,1.12,0.17,2026-09-04T18:06:16
36,Ward 36,2026-09-04,33.2,73.12,31.37,41.94,46.5,39.6,2.1,66.9,27238,Caution,Yellow,10786.0,1.12,0.06,2026-09-04T18:06:16
14,Ward 14,2026-09-04,33.81,70.63,31.68,42.78,49.7,39.5,2.71,54.2,53343,Caution,Yellow,21070.0,1.12,0.13,2026-09-04T18:06:16
17,Ward 17,2026-09-04,33.94,70.1,31.75,42.99,50.5,39.4,2.84,51.0,21023,Caution,Yellow,8283.0,1.13,0.05,2026-09-04T18:06:16
81,Ward 81,2026-09-04,33.64,72.05,31.63,42.6,49.2,39.3,2.44,55.1,41501,Caution,Yellow,16310.0,1.12,0.1,2026-09-04T18:06:16
8,Ward 8,2026-09-04,33.88,70.34,31.72,42.9,50.2,39.1,2.78,50.9,18760,Caution,Yellow,7335.0,1.12,0.05,2026-09-04T18:06:16
133,Ward 133,2026-09-04,33.57,72.33,31.61,42.52,49.0,39.1,2.37,55.1,25588,Caution,Yellow,10005.0,1.12,0.06,2026-09-04T18:06:16
3,Ward 3,2026-09-04,33.68,71.15,31.62,42.62,49.1,39.0,2.58,54.4,53855,Caution,Yellow,21003.0,1.12,0.13,2026-09-04T18:06:16
27,Ward 27,2026-09-04,33.73,70.93,31.64,42.68,49.3,39.0,2.63,53.7,19350,Caution,Yellow,7546.0,1.12,0.05,2026-09-04T18:06:16
13,Ward 13,2026-09-04,33.62,71.39,31.58,42.53,48.7,38.9,2.52,55.4,33066,Caution,Yellow,12863.0,1.12,0.08,2026-09-04T18:06:16
91,Ward 91,2026-09-04,34.03,71.19,31.66,43.03,49.5,38.9,2.53,52.5,38450,Caution,Yellow,14957.0,1.12,0.09,2026-09-04T18:06:16
138,Ward 138,2026-09-04,32.8,77.9,31.43,42.36,47.2,38.9,1.8,60.7,28858,Caution,Yellow,11226.0,1.12,0.07,2026-09-04T18:06:16
51,Ward 51,2026-09-04,33.76,71.55,31.7,42.78,50.0,38.8,2.56,50.0,13556,Caution,Yellow,5260.0,1.12,0.03,2026-09-04T18:06:16
132,Ward 132,2026-09-04,33.58,72.29,31.6,42.51,48.9,38.8,2.38,53.9,26274,Caution,Yellow,10194.0,1.12,0.06,2026-09-04T18:06:16
7,Ward 7,2026-09-04,33.71,71.03,31.63,42.67,49.2,38.7,2.61,52.6,19180,Caution,Yellow,7423.0,1.12,0.05,2026-09-04T18:06:16
15,Ward 15,2026-09-04,33.71,71.03,31.63,42.67,49.2,38.7,2.61,52.4,23922,Caution,Yellow,9258.0,1.12,0.06,2026-09-04T18:06:16
1,Ward 1,2026-09-04,33.63,71.35,31.59,42.56,48.8,38.6,2.53,53.6,53125,Caution,Yellow,20506.0,1.12,0.13,2026-09-04T18:06:16
67,Ward 67,2026-09-04,33.91,71.68,31.59,42.84,48.8,38.6,2.41,53.4,56284,Caution,Yellow,21726.0,1.12,0.13,2026-09-04T18:06:16
72,Ward 72,2026-09-04,33.6,72.21,31.62,42.56,49.1,38.6,2.4,52.6,19167,Caution,Yellow,7398.0,1.12,0.05,2026-09-04T18:06:16
117,Ward 117,2026-09-04,33.54,72.46,31.59,42.47,48.8,38.5,2.34,53.1,21824,Caution,Yellow,8402.0,1.12,0.05,2026-09-04T18:06:16
35,Ward 35,2026-09-04,33.74,70.91,31.65,42.71,49.4,38.3,2.64,49.9,35024,Caution,Yellow,13414.0,1.12,0.09,2026-09-04T18:06:16
96,Ward 96,2026-09-04,33.53,72.77,31.72,43.47,50.2,38.3,2.33,47.3,31033,Caution,Yellow,11886.0,1.12,0.08,2026-09-04T18:06:16
34,Ward 34,2026-09-04,34.06,71.06,31.67,43.07,49.6,38.2,2.56,49.0,29773,Caution,Yellow,11373.0,1.12,0.07,2026-09-04T18:06:16
89,Ward 89,2026-09-04,33.63,72.1,31.64,42.61,49.3,38.2,2.43,50.0,22304,Caution,Yellow,8520.0,1.12,0.05,2026-09-04T18:06:16
95,Ward 95,2026-09-04,33.49,72.95,31.7,43.39,50.0,38.2,2.29,47.6,26737,Caution,Yellow,10214.0,1.12,0.07,2026-09-04T18:06:16
55,Ward 55,2026-09-04,33.82,72.05,31.54,42.71,48.3,38.1,2.32,52.9,32254,Caution,Yellow,12289.0,1.12,0.08,2026-09-04T18:06:16
64,Ward 64,2026-09-04,33.75,72.34,31.51,42.63,48.0,38.1,2.25,54.1,31280,Caution,Yellow,11918.0,1.12,0.07,2026-09-04T18:06:16
98,Ward 98,2026-09-04,33.53,72.77,31.72,43.47,50.2,38.1,2.33,46.3,31708,Caution,Yellow,12081.0,1.12,0.08,2026-09-04T18:06:16
118,Ward 118,2026-09-04,33.5,72.62,31.56,42.4,48.5,38.1,2.3,52.3,21810,Caution,Yellow,8310.0,1.12,0.05,2026-09-04T18:06:16
4,Ward 4,2026-09-04,33.61,71.43,31.57,42.5,48.6,38.0,2.51,51.5,34476,Caution,Yellow,13101.0,1.12,0.08,2026-09-04T18:06:16
120,Ward 120,2026-09-04,33.57,72.33,31.61,42.52,49.0,38.0,2.37,49.9,19710,Caution,Yellow,7490.0,1.12,0.05,2026-09-04T18:06:16
116,Ward 116,2026-09-04,33.29,73.78,31.6,43.11,48.9,37.8,2.09,49.7,28338,Caution,Yellow,10712.0,1.12,0.07,2026-09-04T18:06:16
71,Ward 71,2026-09-04,33.48,72.7,31.56,42.38,48.5,37.2,2.28,48.2,29922,Caution,Yellow,11131.0,1.12,0.07,2026-09-04T18:06:16
99,Ward 99,2026-09-04,33.81,72.03,31.56,43.23,48.5,37.2,2.41,48.4,26739,Caution,Yellow,9947.0,1.12,0.06,2026-09-04T18:06:16
112,Ward 112,2026-09-04,33.24,74.0,31.58,43.04,48.7,37.2,2.04,47.5,32404,Caution,Yellow,12054.0,1.12,0.08,2026-09-04T18:06:16
130,Ward 130,2026-09-04,33.4,73.04,31.52,42.27,48.1,37.2,2.2,49.8,23227,Caution,Yellow,8640.0,1.12,0.05,2026-09-04T18:06:16
113,Ward 113,2026-09-04,33.21,74.12,31.56,42.99,48.5,37.1,2.01,47.7,33475,Caution,Yellow,12419.0,1.12,0.08,2026-09-04T18:06:16
115,Ward 115,2026-09-04,33.3,73.75,31.6,43.1,48.9,37.0,2.1,46.0,31919,Caution,Yellow,11810.0,1.12,0.08,2026-09-04T18:06:16
123,Ward 123,2026-09-04,33.2,74.16,31.55,42.96,48.4,37.0,2.0,47.5,35386,Caution,Yellow,13093.0,1.12,0.08,2026-09-04T18:06:16
12,Ward 12,2026-09-04,33.31,72.65,31.43,42.09,47.2,36.8,2.21,51.1,21493,Caution,Yellow,7909.0,1.12,0.05,2026-09-04T18:06:16
105,Ward 105,2026-09-04,33.88,71.8,31.58,42.8,48.7,36.8,2.38,45.8,21267,Caution,Yellow,7826.0,1.12,0.05,2026-09-04T18:06:16
114,Ward 114,2026-09-04,33.14,74.42,31.53,42.9,48.2,36.8,1.94,47.4,41913,Caution,Yellow,15424.0,1.12,0.1,2026-09-04T18:06:16
131,Ward 131,2026-09-04,33.35,73.25,31.49,42.2,47.8,36.8,2.15,48.9,30911,Caution,Yellow,11375.0,1.12,0.07,2026-09-04T18:06:16
121,Ward 121,2026-09-04,33.12,74.51,31.51,42.84,48.0,36.7,1.92,47.5,29921,Caution,Yellow,10981.0,1.12,0.07,2026-09-04T18:06:16
139,Ward 139,2026-09-04,32.4,79.71,31.23,41.77,45.1,36.7,1.4,58.5,42014,Caution,Yellow,15419.0,1.11,0.09,2026-09-04T18:06:16
31,Ward 31,2026-09-04,33.3,72.72,31.43,42.11,47.2,36.6,2.2,50.1,39025,Caution,Yellow,14283.0,1.12,0.09,2026-09-04T18:06:16
32,Ward 32,2026-09-04,33.1,73.54,31.33,41.81,46.1,36.6,2.0,54.1,45636,Caution,Yellow,16703.0,1.11,0.1,2026-09-04T18:06:16
68,Ward 68,2026-09-04,33.63,72.83,31.45,42.44,47.4,36.6,2.13,49.4,20724,Caution,Yellow,7585.0,1.12,0.05,2026-09-04T18:06:16
69,Ward 69,2026-09-04,33.18,73.96,31.41,41.95,47.0,36.6,1.98,50.6,44111,Caution,Yellow,16145.0,1.12,0.1,2026-09-04T18:06:16
93,Ward 93,2026-09-04,33.32,73.38,31.48,42.15,47.7,36.5,2.12,47.7,44364,Caution,Yellow,16193.0,1.12,0.1,2026-09-04T18:06:16
103,Ward 103,2026-09-04,33.71,72.44,31.5,43.06,47.9,36.5,2.31,47.3,25428,Caution,Yellow,9281.0,1.12,0.06,2026-09-04T18:06:16
124,Ward 124,2026-09-04,33.03,74.9,31.48,42.72,47.7,36.5,1.83,47.9,39179,Caution,Yellow,14300.0,1.12,0.09,2026-09-04T18:06:16
136,Ward 136,2026-09-04,33.17,74.01,31.4,41.92,46.8,36.5,1.97,51.0,21482,Caution,Yellow,7841.0,1.12,0.05,2026-09-04T18:06:16
6,Ward 6,2026-09-04,33.13,73.42,31.34,41.86,46.2,36.4,2.03,52.9,42346,Caution,Yellow,15414.0,1.12,0.1,2026-09-04T18:06:16
119,Ward 119,2026-09-04,33.36,73.22,31.49,42.19,47.8,36.4,2.16,46.9,16491,Caution,Yellow,6003.0,1.12,0.04,2026-09-04T18:06:16
128,Ward 128,2026-09-04,33.12,74.51,31.51,42.84,48.0,36.4,1.92,46.1,32179,Caution,Yellow,11713.0,1.12,0.08,2026-09-04T18:06:16
2,Ward 2,2026-09-04,33.41,72.25,31.49,42.26,47.8,36.2,2.31,46.3,48190,Caution,Yellow,17445.0,1.12,0.11,2026-09-04T18:06:16
101,Ward 101,2026-09-04,33.6,72.9,31.46,42.94,47.5,36.2,2.2,47.2,40208,Caution,Yellow,14555.0,1.12,0.09,2026-09-04T18:06:16
104,Ward 104,2026-09-04,33.81,72.09,31.55,42.72,48.4,36.2,2.31,43.9,33185,Caution,Yellow,12013.0,1.12,0.08,2026-09-04T18:06:16
125,Ward 125,2026-09-04,33.01,74.98,31.47,42.7,47.6,36.2,1.81,46.6,44850,Caution,Yellow,16236.0,1.12,0.1,2026-09-04T18:06:16
137,Ward 137,2026-09-04,32.81,75.55,31.22,41.41,45.0,36.2,1.61,56.7,19385,Caution,Yellow,7017.0,1.11,0.04,2026-09-04T18:06:16
129,Ward 129,2026-09-04,33.18,73.96,31.41,41.95,47.0,36.0,1.98,47.9,39654,Caution,Yellow,14275.0,1.12,0.09,2026-09-04T18:06:16
70,Ward 70,2026-09-04,33.26,73.63,31.45,42.06,47.4,35.9,2.06,46.0,18618,Caution,Yellow,6684.0,1.12,0.04,2026-09-04T18:06:16
92,Ward 92,2026-09-04,33.64,72.79,31.46,42.47,47.5,35.7,2.14,44.8,36450,Caution,Yellow,13013.0,1.12,0.08,2026-09-04T18:06:16
86,Ward 86,2026-09-04,33.13,74.17,31.38,41.88,46.6,35.5,1.93,47.1,19195,Caution,Yellow,6814.0,1.12,0.04,2026-09-04T18:06:16
106,Ward 106,2026-09-04,33.5,73.39,31.39,42.27,46.7,35.4,2.0,46.1,40618,Caution,Yellow,14379.0,1.12,0.09,2026-09-04T18:06:16
102,Ward 102,2026-09-04,33.5,73.31,31.4,42.76,46.8,35.3,2.1,45.5,21503,Caution,Yellow,7591.0,1.12,0.05,2026-09-04T18:06:16
107,Ward 107,2026-09-04,33.4,73.8,31.34,42.14,46.2,35.3,1.9,47.8,54260,Caution,Yellow,19154.0,1.12,0.12,2026-09-04T18:06:16
141,Ward 141,2026-09-04,32.18,80.71,31.13,41.44,44.1,35.3,1.18,55.9,41152,Caution,Yellow,14527.0,1.11,0.09,2026-09-04T18:06:16
57,Ward 57,2026-09-04,33.22,74.56,31.24,41.85,45.2,35.2,1.72,50.6,49856,Caution,Yellow,17549.0,1.11,0.11,2026-09-04T18:06:16
140,Ward 140,2026-09-04,32.07,81.25,31.07,41.25,43.5,35.0,1.07,56.8,30504,Caution,Yellow,10676.0,1.11,0.06,2026-09-04T18:06:16
127,Ward 127,2026-09-04,32.77,76.02,31.34,42.33,46.2,34.6,1.57,44.0,43782,Caution,Yellow,15149.0,1.12,0.1,2026-09-04T18:06:16
122,Ward 122,2026-09-04,32.75,76.11,31.34,42.3,46.2,34.5,1.55,43.9,39198,Caution,Yellow,13523.0,1.12,0.09,2026-09-04T18:06:16
100,Ward 100,2026-09-04,33.35,73.95,31.33,42.55,46.1,34.4,1.95,43.6,25507,Caution,Yellow,8774.0,1.11,0.06,2026-09-04T18:06:16
111,Ward 111,2026-09-04,33.22,74.5,31.26,42.36,45.4,34.3,1.82,45.5,38647,Caution,Yellow,13256.0,1.11,0.09,2026-09-04T18:06:16
79,Ward 79,2026-09-04,32.65,76.24,31.14,41.17,44.2,34.1,1.45,49.2,44303,Caution,Yellow,15107.0,1.11,0.1,2026-09-04T18:06:16
110,Ward 110,2026-09-04,33.13,74.89,31.22,42.25,45.0,33.8,1.73,44.7,27470,Caution,Yellow,9285.0,1.11,0.06,2026-09-04T18:06:16
126,Ward 126,2026-09-04,32.62,76.68,31.27,42.1,45.5,33.5,1.42,41.4,31631,Caution,Yellow,10596.0,1.11,0.07,2026-09-04T18:06:16
33,Ward 33,2026-09-04,33.19,74.69,31.23,41.8,45.1,33.4,1.69,42.5,45919,Caution,Yellow,15337.0,1.11,0.1,2026-09-04T18:06:16
5,Ward 5,2026-09-04,32.8,74.81,31.18,41.38,44.6,33.0,1.7,42.1,23707,Caution,Yellow,7823.0,1.11,0.05,2026-09-04T18:06:16
58,Ward 58,2026-09-04,32.45,77.94,30.87,40.74,41.5,32.5,0.95,51.8,88465,Caution,Yellow,28751.0,1.1,0.18,2026-09-04T18:06:16
74,Ward 74,2026-09-04,32.41,77.31,31.03,40.84,43.1,32.5,1.21,45.1,42176,Caution,Yellow,13707.0,1.11,0.09,2026-09-04T18:06:16
97,Ward 97,2026-09-04,32.55,76.98,31.24,42.0,45.2,32.5,1.35,37.4,37199,Caution,Yellow,12090.0,1.11,0.08,2026-09-04T18:06:16
46,Ward 46,2026-09-04,32.23,78.12,30.94,40.57,42.2,32.4,1.03,48.6,12823,Caution,Yellow,4155.0,1.1,0.03,2026-09-04T18:06:16
109,Ward 109,2026-09-04,32.54,77.47,30.93,41.35,42.1,31.9,1.14,46.2,64567,Caution,Yellow,20597.0,1.1,0.13,2026-09-04T18:06:16
87,Ward 87,2026-09-04,32.25,78.02,30.95,40.59,42.3,30.5,1.05,38.2,12675,Caution,Yellow,3866.0,1.1,0.03,2026-09-04T18:06:16
80,Ward 80,2026-09-04,31.24,82.72,30.45,39.03,37.4,29.2,0.04,51.2,31094,Caution,Yellow,9079.0,1.09,0.06,2026-09-04T18:06:16
94,Ward 94,2026-09-04,31.77,80.54,30.86,40.78,41.4,29.2,0.57,34.3,27469,Caution,Yellow,8021.0,1.1,0.05,2026-09-04T18:06:16
45,Ward 45,2026-09-04,31.2,83.34,30.47,38.98,37.6,29.0,0.0,49.3,8394,Caution,Yellow,2434.0,1.09,0.02,2026-09-04T18:06:16
108,Ward 108,2026-09-04,31.86,80.65,30.58,39.86,38.7,29.0,0.36,44.3,64777,Caution,Yellow,18785.0,1.09,0.12,2026-09-04T18:06:16
90,Ward 90,2026-09-04,31.65,80.77,30.65,39.67,39.3,28.0,0.45,36.3,18857,Caution,Yellow,5280.0,1.1,0.04,2026-09-04T18:06:16
63,Ward 63,2026-09-04,31.28,82.53,30.46,39.08,37.5,27.6,0.08,41.1,24387,Caution,Yellow,6731.0,1.09,0.04,2026-09-04T18:06:16
24,Ward 24,2026-09-05,34.07,71.44,31.66,43.63,49.5,45.2,3.47,80.5,19824,Caution,Yellow,8960.0,1.12,0.05,2026-09-04T18:06:16
23,Ward 23,2026-09-05,34.1,71.31,31.68,43.68,49.7,44.6,3.5,77.0,18256,Caution,Yellow,8142.0,1.12,0.04,2026-09-04T18:06:16
39,Ward 39,2026-09-05,33.84,72.38,31.56,43.35,48.5,43.6,3.24,77.7,21296,Caution,Yellow,9285.0,1.12,0.05,2026-09-04T18:06:16
18,Ward 18,2026-09-05,34.03,71.6,31.65,43.6,49.4,43.0,3.43,71.1,22267,Caution,Yellow,9575.0,1.12,0.05,2026-09-04T18:06:16
48,Ward 48,2026-09-05,33.92,72.05,31.6,43.46,48.9,42.5,3.32,70.7,20437,Caution,Yellow,8686.0,1.12,0.05,2026-09-04T18:06:16
54,Ward 54,2026-09-05,33.59,73.55,31.55,43.68,48.4,42.4,3.39,72.5,36235,Caution,Yellow,15364.0,1.12,0.09,2026-09-04T18:06:16
42,Ward 42,2026-09-05,33.66,73.13,31.46,43.08,47.5,42.1,3.06,74.9,21746,Caution,Yellow,9155.0,1.12,0.05,2026-09-04T18:06:16
43,Ward 43,2026-09-05,33.77,72.67,31.52,43.23,48.1,42.0,3.17,71.9,17677,Caution,Yellow,7424.0,1.12,0.04,2026-09-04T18:06:16
49,Ward 49,2026-09-05,33.32,73.76,31.21,43.0,44.9,41.4,3.22,82.7,19416,Caution,Yellow,8038.0,1.11,0.04,2026-09-04T18:06:16
19,Ward 19,2026-09-05,33.91,72.08,31.59,43.43,48.8,41.0,3.31,64.3,21158,Caution,Yellow,8675.0,1.12,0.05,2026-09-04T18:06:16
29,Ward 29,2026-09-05,33.39,73.47,31.24,43.14,45.2,40.8,3.29,78.3,53782,Caution,Yellow,21943.0,1.11,0.12,2026-09-04T18:06:16
41,Ward 41,2026-09-05,33.66,73.13,31.46,43.08,47.5,40.8,3.06,68.6,19946,Caution,Yellow,8138.0,1.12,0.05,2026-09-04T18:06:16
26,Ward 26,2026-09-05,33.68,73.03,31.47,43.09,47.6,40.3,3.08,65.9,25371,Caution,Yellow,10225.0,1.12,0.06,2026-09-04T18:06:16
77,Ward 77,2026-09-05,33.5,72.02,31.33,43.71,46.1,40.3,3.4,72.2,45984,Caution,Yellow,18532.0,1.11,0.1,2026-09-04T18:06:16
25,Ward 25,2026-09-05,33.73,72.83,31.5,43.2,47.9,40.1,3.13,63.8,27484,Caution,Yellow,11021.0,1.12,0.06,2026-09-04T18:06:16
21,Ward 21,2026-09-05,33.56,73.54,31.42,42.95,47.1,39.9,2.96,65.8,21187,Caution,Yellow,8454.0,1.12,0.05,2026-09-04T18:06:16
28,Ward 28,2026-09-05,33.42,73.35,31.25,43.19,45.3,39.7,3.32,72.7,38110,Caution,Yellow,15130.0,1.11,0.08,2026-09-04T18:06:16
20,Ward 20,2026-09-05,33.66,73.13,31.46,43.08,47.5,39.3,3.06,61.7,21576,Caution,Yellow,8479.0,1.12,0.05,2026-09-04T18:06:16
44,Ward 44,2026-09-05,33.47,73.91,31.37,42.81,46.5,39.2,2.87,65.2,29600,Caution,Yellow,11603.0,1.12,0.07,2026-09-04T18:06:16
62,Ward 62,2026-09-05,33.4,72.42,31.28,43.56,45.6,39.1,3.3,68.4,34832,Caution,Yellow,13619.0,1.11,0.08,2026-09-04T18:06:16
60,Ward 60,2026-09-05,33.14,75.46,31.33,42.98,46.1,38.8,2.94,64.6,35732,Caution,Yellow,13864.0,1.11,0.08,2026-09-04T18:06:16
37,Ward 37,2026-09-05,33.26,74.02,31.17,42.94,44.5,38.5,3.16,70.2,24020,Caution,Yellow,9248.0,1.11,0.05,2026-09-04T18:06:16
65,Ward 65,2026-09-05,33.1,75.63,31.31,42.93,45.9,38.5,2.9,64.2,72427,Caution,Yellow,27884.0,1.11,0.16,2026-09-04T18:06:16
66,Ward 66,2026-09-05,33.05,75.86,31.28,42.85,45.6,38.3,2.85,64.3,98024,Caution,Yellow,37543.0,1.11,0.22,2026-09-04T18:06:16
78,Ward 78,2026-09-05,33.28,72.92,31.22,43.38,45.0,38.3,3.18,66.7,54090,Caution,Yellow,20716.0,1.11,0.12,2026-09-04T18:06:16
56,Ward 56,2026-09-05,33.15,75.41,31.34,43.01,46.2,37.7,2.95,59.2,43622,Caution,Yellow,16445.0,1.12,0.1,2026-09-04T18:06:16
135,Ward 135,2026-09-05,32.78,75.02,30.97,42.58,42.5,37.1,2.68,71.9,33258,Caution,Yellow,12339.0,1.1,0.07,2026-09-04T18:06:16
52,Ward 52,2026-09-05,33.17,73.37,31.16,43.19,44.4,36.9,3.07,62.4,16869,Caution,Yellow,6225.0,1.11,0.04,2026-09-04T18:06:16
9,Ward 9,2026-09-05,33.42,74.12,31.35,42.75,46.3,36.5,2.82,53.2,16420,Caution,Yellow,5993.0,1.12,0.04,2026-09-04T18:06:16
53,Ward 53,2026-09-05,33.19,73.3,31.18,43.22,44.6,36.5,3.09,59.7,25598,Caution,Yellow,9343.0,1.11,0.06,2026-09-04T18:06:16
16,Ward 16,2026-09-05,33.16,74.45,31.13,42.8,44.1,36.3,3.06,60.7,20904,Caution,Yellow,7588.0,1.11,0.04,2026-09-04T18:06:16
134,Ward 134,2026-09-05,32.55,76.01,30.85,42.23,41.3,36.1,2.45,72.2,35780,Caution,Yellow,12917.0,1.1,0.07,2026-09-04T18:06:16
11,Ward 11,2026-09-05,33.16,74.45,31.13,42.8,44.1,36.0,3.06,59.0,22152,Caution,Yellow,7975.0,1.11,0.05,2026-09-04T18:06:16
22,Ward 22,2026-09-05,33.11,75.45,31.19,42.29,44.7,36.0,2.51,56.7,15730,Caution,Yellow,5663.0,1.11,0.03,2026-09-04T18:06:16
47,Ward 47,2026-09-05,33.14,75.32,31.2,42.34,44.8,35.7,2.54,54.7,14684,Caution,Yellow,5242.0,1.11,0.03,2026-09-04T18:06:16
38,Ward 38,2026-09-05,33.02,75.03,31.06,42.56,43.4,35.5,2.92,59.7,28791,Caution,Yellow,10221.0,1.11,0.06,2026-09-04T18:06:16
59,Ward 59,2026-09-05,32.66,77.55,31.09,42.26,43.7,35.4,2.46,57.8,70261,Caution,Yellow,24872.0,1.11,0.15,2026-09-04T18:06:16
61,Ward 61,2026-09-05,32.81,74.89,30.98,42.64,42.6,35.2,2.71,61.6,29704,Caution,Yellow,10456.0,1.1,0.06,2026-09-04T18:06:16
10,Ward 10,2026-09-05,33.07,74.83,31.08,42.64,43.6,35.1,2.97,56.8,27700,Caution,Yellow,9723.0,1.11,0.06,2026-09-04T18:06:16
75,Ward 75,2026-09-05,32.81,74.89,30.98,42.64,42.6,35.1,2.71,61.0,26925,Caution,Yellow,9451.0,1.1,0.06,2026-09-04T18:06:16
88,Ward 88,2026-09-05,32.9,74.51,31.03,42.77,43.1,35.0,2.8,58.0,23672,Caution,Yellow,8285.0,1.11,0.05,2026-09-04T18:06:16
40,Ward 40,2026-09-05,32.93,75.43,31.02,42.44,43.0,34.9,2.83,58.1,20549,Caution,Yellow,7172.0,1.11,0.04,2026-09-04T18:06:16
83,Ward 83,2026-09-05,32.88,74.6,31.01,42.74,42.9,34.8,2.78,57.9,22163,Caution,Yellow,7713.0,1.1,0.05,2026-09-04T18:06:16
91,Ward 91,2026-09-05,32.73,77.25,31.13,42.37,44.1,34.7,2.53,52.5,38450,Caution,Yellow,13342.0,1.11,0.08,2026-09-04T18:06:16
67,Ward 67,2026-09-05,32.61,77.79,31.07,42.17,43.5,34.4,2.41,53.4,56284,Caution,Yellow,19362.0,1.11,0.12,2026-09-04T18:06:16
76,Ward 76,2026-09-05,32.85,74.74,31.01,42.69,42.9,34.3,2.75,55.5,21946,Caution,Yellow,7527.0,1.1,0.05,2026-09-04T18:06:16
84,Ward 84,2026-09-05,32.72,75.28,30.94,42.5,42.2,34.3,2.62,58.6,19230,Caution,Yellow,6596.0,1.1,0.04,2026-09-04T18:06:16
30,Ward 30,2026-09-05,32.9,75.55,31.0,42.39,42.8,34.2,2.8,55.1,30050,Caution,Yellow,10277.0,1.1,0.06,2026-09-04T18:06:16
99,Ward 99,2026-09-05,32.61,78.29,31.17,42.8,44.5,34.2,2.41,48.4,26739,Caution,Yellow,9145.0,1.11,0.06,2026-09-04T18:06:16
34,Ward 34,2026-09-05,32.76,77.12,31.14,42.39,44.2,34.1,2.56,49.0,29773,Caution,Yellow,10153.0,1.11,0.06,2026-09-04T18:06:16
55,Ward 55,2026-09-05,32.52,78.18,31.03,42.03,43.1,34.0,2.32,52.9,32254,Caution,Yellow,10966.0,1.11,0.07,2026-09-04T18:06:16
64,Ward 64,2026-09-05,32.45,78.5,31.0,41.92,42.8,34.0,2.25,54.1,31280,Caution,Yellow,10635.0,1.1,0.06,2026-09-04T18:06:16
73,Ward 73,2026-09-05,32.77,75.07,30.97,42.59,42.5,34.0,2.67,55.8,23512,Caution,Yellow,7994.0,1.1,0.05,2026-09-04T18:06:16
82,Ward 82,2026-09-05,32.74,75.2,30.95,42.53,42.3,33.9,2.64,55.7,38838,Caution,Yellow,13166.0,1.1,0.08,2026-09-04T18:06:16
85,Ward 85,2026-09-05,32.71,75.32,30.93,42.47,42.1,33.8,2.61,56.0,29566,Caution,Yellow,9993.0,1.1,0.06,2026-09-04T18:06:16
14,Ward 14,2026-09-05,32.81,75.93,30.95,42.27,42.3,33.6,2.71,54.2,53343,Caution,Yellow,17923.0,1.1,0.11,2026-09-04T18:06:16
103,Ward 103,2026-09-05,32.51,78.74,31.11,42.67,43.9,33.5,2.31,47.3,25428,Caution,Yellow,8518.0,1.11,0.05,2026-09-04T18:06:16
17,Ward 17,2026-09-05,32.94,75.37,31.01,42.43,42.9,33.4,2.84,51.0,21023,Caution,Yellow,7022.0,1.1,0.04,2026-09-04T18:06:16
36,Ward 36,2026-09-05,32.2,78.64,30.65,41.32,39.3,33.4,2.1,66.9,27238,Caution,Yellow,9097.0,1.1,0.05,2026-09-04T18:06:16
8,Ward 8,2026-09-05,32.88,75.65,30.99,42.37,42.7,33.3,2.78,50.9,18760,Caution,Yellow,6247.0,1.1,0.04,2026-09-04T18:06:16
50,Ward 50,2026-09-05,32.73,75.23,30.94,42.5,42.2,33.3,2.63,53.0,17251,Caution,Yellow,5745.0,1.1,0.04,2026-09-04T18:06:16
27,Ward 27,2026-09-05,32.73,76.28,30.91,42.14,41.9,33.2,2.63,53.7,19350,Caution,Yellow,6424.0,1.1,0.04,2026-09-04T18:06:16
101,Ward 101,2026-09-05,32.4,79.24,31.07,42.47,43.5,33.2,2.2,47.2,40208,Caution,Yellow,13349.0,1.11,0.08,2026-09-04T18:06:16
3,Ward 3,2026-09-05,32.68,76.5,30.89,42.06,41.7,33.1,2.58,54.4,53855,Caution,Yellow,17826.0,1.1,0.11,2026-09-04T18:06:16
13,Ward 13,2026-09-05,32.62,76.76,30.86,41.95,41.4,33.1,2.52,55.4,33066,Caution,Yellow,10945.0,1.1,0.07,2026-09-04T18:06:16
81,Ward 81,2026-09-05,32.54,76.07,30.85,42.19,41.3,33.0,2.44,55.1,41501,Caution,Yellow,13695.0,1.1,0.08,2026-09-04T18:06:16
7,Ward 7,2026-09-05,32.71,76.37,30.9,42.11,41.8,32.9,2.61,52.6,19180,Caution,Yellow,6310.0,1.1,0.04,2026-09-04T18:06:16
1,Ward 1,2026-09-05,32.63,76.73,30.86,41.98,41.4,32.8,2.53,53.6,53125,Caution,Yellow,17425.0,1.1,0.11,2026-09-04T18:06:16
15,Ward 15,2026-09-05,32.71,76.37,30.9,42.11,41.8,32.8,2.61,52.4,23922,Caution,Yellow,7846.0,1.1,0.05,2026-09-04T18:06:16
105,Ward 105,2026-09-05,32.58,77.92,31.05,42.11,43.3,32.7,2.38,45.8,21267,Caution,Yellow,6954.0,1.11,0.04,2026-09-04T18:06:16
133,Ward 133,2026-09-05,32.47,76.38,30.82,42.08,41.0,32.7,2.37,55.1,25588,Caution,Yellow,8367.0,1.1,0.05,2026-09-04T18:06:16
96,Ward 96,2026-09-05,32.33,77.27,31.0,42.36,42.8,32.6,2.33,47.3,31033,Caution,Yellow,10117.0,1.1,0.06,2026-09-04T18:06:16
35,Ward 35,2026-09-05,32.74,76.25,30.92,42.17,42.0,32.5,2.64,49.9,35024,Caution,Yellow,11383.0,1.1,0.07,2026-09-04T18:06:16
51,Ward 51,2026-09-05,32.66,75.54,30.91,42.39,41.9,32.5,2.56,50.0,13556,Caution,Yellow,4406.0,1.1,0.03,2026-09-04T18:06:16
68,Ward 68,2026-09-05,32.33,79.05,30.93,41.72,42.1,32.5,2.13,49.4,20724,Caution,Yellow,6735.0,1.1,0.04,2026-09-04T18:06:16
95,Ward 95,2026-09-05,32.29,77.43,30.97,42.3,42.5,32.5,2.29,47.6,26737,Caution,Yellow,8690.0,1.1,0.06,2026-09-04T18:06:16
98,Ward 98,2026-09-05,32.33,77.27,31.0,42.36,42.8,32.5,2.33,46.3,31708,Caution,Yellow,10305.0,1.1,0.07,2026-09-04T18:06:16
102,Ward 102,2026-09-05,32.3,79.7,31.02,42.34,43.0,32.5,2.1,45.5,21503,Caution,Yellow,6988.0,1.11,0.04,2026-09-04T18:06:16
132,Ward 132,2026-09-05,32.48,76.31,30.82,42.11,41.0,32.5,2.38,53.9,26274,Caution,Yellow,8539.0,1.1,0.05,2026-09-04T18:06:16
138,Ward 138,2026-09-05,31.7,80.59,30.67,41.3,39.5,32.5,1.8,60.7,28858,Caution,Yellow,9379.0,1.1,0.05,2026-09-04T18:06:16
4,Ward 4,2026-09-05,32.61,76.82,30.85,41.96,41.3,32.3,2.51,51.5,34476,Caution,Yellow,11136.0,1.1,0.07,2026-09-04T18:06:16
72,Ward 72,2026-09-05,32.5,76.23,30.83,42.14,41.1,32.3,2.4,52.6,19167,Caution,Yellow,6191.0,1.1,0.04,2026-09-04T18:06:16
117,Ward 117,2026-09-05,32.44,76.51,30.81,42.06,40.9,32.3,2.34,53.1,21824,Caution,Yellow,7049.0,1.1,0.04,2026-09-04T18:06:16
104,Ward 104,2026-09-05,32.51,78.23,31.02,42.0,43.0,32.1,2.31,43.9,33185,Caution,Yellow,10652.0,1.11,0.07,2026-09-04T18:06:16
116,Ward 116,2026-09-05,32.09,78.34,30.87,41.99,41.5,32.1,2.09,49.7,28338,Caution,Yellow,9096.0,1.1,0.06,2026-09-04T18:06:16
89,Ward 89,2026-09-05,32.53,76.1,30.84,42.2,41.2,31.9,2.43,50.0,22304,Caution,Yellow,7115.0,1.1,0.04,2026-09-04T18:06:16
118,Ward 118,2026-09-05,32.4,76.67,30.78,41.97,40.6,31.9,2.3,52.3,21810,Caution,Yellow,6957.0,1.1,0.04,2026-09-04T18:06:16
120,Ward 120,2026-09-05,32.47,76.38,30.82,42.08,41.0,31.8,2.37,49.9,19710,Caution,Yellow,6268.0,1.1,0.04,2026-09-04T18:06:16
92,Ward 92,2026-09-05,32.34,78.99,30.94,41.71,42.2,31.7,2.14,44.8,36450,Caution,Yellow,11555.0,1.1,0.07,2026-09-04T18:06:16
100,Ward 100,2026-09-05,32.15,80.4,30.94,42.08,42.2,31.5,1.95,43.6,25507,Caution,Yellow,8035.0,1.1,0.05,2026-09-04T18:06:16
112,Ward 112,2026-09-05,32.04,78.57,30.85,41.9,41.3,31.5,2.04,47.5,32404,Caution,Yellow,10207.0,1.1,0.06,2026-09-04T18:06:16
113,Ward 113,2026-09-05,32.01,78.7,30.84,41.84,41.2,31.5,2.01,47.7,33475,Caution,Yellow,10545.0,1.1,0.07,2026-09-04T18:06:16
115,Ward 115,2026-09-05,32.1,78.29,30.88,41.99,41.6,31.5,2.1,46.0,31919,Caution,Yellow,10054.0,1.1,0.06,2026-09-04T18:06:16
106,Ward 106,2026-09-05,32.2,79.65,30.87,41.48,41.5,31.4,2.0,46.1,40618,Caution,Yellow,12754.0,1.1,0.08,2026-09-04T18:06:16
107,Ward 107,2026-09-05,32.1,80.1,30.82,41.34,41.0,31.4,1.9,47.8,54260,Caution,Yellow,17038.0,1.1,0.11,2026-09-04T18:06:16
123,Ward 123,2026-09-05,32.0,78.75,30.83,41.85,41.1,31.4,2.0,47.5,35386,Caution,Yellow,11111.0,1.1,0.07,2026-09-04T18:06:16
111,Ward 111,2026-09-05,32.02,80.99,30.87,41.88,41.5,31.3,1.82,45.5,38647,Caution,Yellow,12097.0,1.1,0.08,2026-09-04T18:06:16
57,Ward 57,2026-09-05,31.92,80.93,30.73,41.04,40.1,31.2,1.72,50.6,49856,Caution,Yellow,15555.0,1.1,0.1,2026-09-04T18:06:16
114,Ward 114,2026-09-05,31.94,79.02,30.81,41.72,40.9,31.2,1.94,47.4,41913,Caution,Yellow,13077.0,1.1,0.08,2026-09-04T18:06:16
12,Ward 12,2026-09-05,32.31,78.15,30.71,41.48,39.9,31.1,2.21,51.1,21493,Caution,Yellow,6684.0,1.1,0.04,2026-09-04T18:06:16
71,Ward 71,2026-09-05,32.38,76.76,30.77,41.94,40.5,31.1,2.28,48.2,29922,Caution,Yellow,9306.0,1.1,0.06,2026-09-04T18:06:16
121,Ward 121,2026-09-05,31.92,79.11,30.79,41.7,40.7,31.1,1.92,47.5,29921,Caution,Yellow,9305.0,1.1,0.06,2026-09-04T18:06:16
130,Ward 130,2026-09-05,32.3,77.12,30.73,41.83,40.1,31.0,2.2,49.8,23227,Caution,Yellow,7200.0,1.1,0.04,2026-09-04T18:06:16
31,Ward 31,2026-09-05,32.3,78.19,30.7,41.48,39.8,30.9,2.2,50.1,39025,Caution,Yellow,12059.0,1.1,0.07,2026-09-04T18:06:16
32,Ward 32,2026-09-05,32.1,79.09,30.6,41.15,38.9,30.9,2.0,54.1,45636,Caution,Yellow,14102.0,1.09,0.08,2026-09-04T18:06:16
110,Ward 110,2026-09-05,31.93,81.42,30.83,41.73,41.1,30.9,1.73,44.7,27470,Caution,Yellow,8488.0,1.1,0.05,2026-09-04T18:06:16
124,Ward 124,2026-09-05,31.83,79.53,30.75,41.55,40.3,30.9,1.83,47.9,39179,Caution,Yellow,12106.0,1.1,0.08,2026-09-04T18:06:16
6,Ward 6,2026-09-05,32.13,78.96,30.62,41.21,39.1,30.8,2.03,52.9,42346,Caution,Yellow,13043.0,1.1,0.08,2026-09-04T18:06:16
128,Ward 128,2026-09-05,31.92,79.11,30.79,41.7,40.7,30.8,1.92,46.1,32179,Caution,Yellow,9911.0,1.1,0.06,2026-09-04T18:06:16
139,Ward 139,2026-09-05,31.3,82.48,30.48,40.59,37.7,30.7,1.4,58.5,42014,Caution,Yellow,12898.0,1.09,0.08,2026-09-04T18:06:16
2,Ward 2,2026-09-05,32.41,77.7,30.76,41.64,40.4,30.6,2.31,46.3,48190,Caution,Yellow,14746.0,1.1,0.09,2026-09-04T18:06:16
131,Ward 131,2026-09-05,32.25,77.34,30.7,41.75,39.8,30.6,2.15,48.9,30911,Caution,Yellow,9459.0,1.1,0.06,2026-09-04T18:06:16
125,Ward 125,2026-09-05,31.81,79.62,30.74,41.52,40.2,30.5,1.81,46.6,44850,Caution,Yellow,13679.0,1.1,0.09,2026-09-04T18:06:16
136,Ward 136,2026-09-05,32.07,78.14,30.62,41.46,39.1,30.5,1.97,51.0,21482,Caution,Yellow,6552.0,1.1,0.04,2026-09-04T18:06:16
69,Ward 69,2026-09-05,32.08,78.08,30.62,41.45,39.1,30.4,1.98,50.6,44111,Caution,Yellow,13410.0,1.1,0.08,2026-09-04T18:06:16
93,Ward 93,2026-09-05,32.22,77.46,30.7,41.69,39.8,30.4,2.12,47.7,44364,Caution,Yellow,13487.0,1.1,0.08,2026-09-04T18:06:16
119,Ward 119,2026-09-05,32.26,77.28,30.71,41.74,39.9,30.4,2.16,46.9,16491,Caution,Yellow,5013.0,1.1,0.03,2026-09-04T18:06:16
137,Ward 137,2026-09-05,31.71,79.78,30.44,40.85,37.3,30.0,1.61,56.7,19385,Caution,Yellow,5816.0,1.09,0.03,2026-09-04T18:06:16
129,Ward 129,2026-09-05,32.08,78.08,30.62,41.45,39.1,29.9,1.98,47.9,39654,Caution,Yellow,11857.0,1.1,0.07,2026-09-04T18:06:16
70,Ward 70,2026-09-05,32.16,77.73,30.66,41.6,39.4,29.8,2.06,46.0,18618,Caution,Yellow,5548.0,1.1,0.04,2026-09-04T18:06:16
33,Ward 33,2026-09-05,31.89,81.06,30.71,40.97,39.9,29.6,1.69,42.5,45919,Caution,Yellow,13592.0,1.1,0.09,2026-09-04T18:06:16
86,Ward 86,2026-09-05,32.03,78.31,30.6,41.36,38.9,29.6,1.93,47.1,19195,Caution,Yellow,5682.0,1.09,0.04,2026-09-04T18:06:16
141,Ward 141,2026-09-05,31.08,83.54,30.37,40.2,36.6,29.3,1.18,55.9,41152,Caution,Yellow,12058.0,1.09,0.07,2026-09-04T18:06:16
122,Ward 122,2026-09-05,31.55,80.81,30.61,41.06,39.0,29.2,1.55,43.9,39198,Caution,Yellow,11446.0,1.09,0.07,2026-09-04T18:06:16
127,Ward 127,2026-09-05,31.57,80.72,30.62,41.12,39.1,29.2,1.57,44.0,43782,Caution,Yellow,12784.0,1.1,0.08,2026-09-04T18:06:16
140,Ward 140,2026-09-05,30.97,84.08,30.32,39.98,36.2,29.2,1.07,56.8,30504,Caution,Yellow,8907.0,1.09,0.05,2026-09-04T18:06:16
109,Ward 109,2026-09-05,31.34,84.24,30.55,40.71,38.4,29.1,1.14,46.2,64567,Caution,Yellow,18789.0,1.09,0.12,2026-09-04T18:06:16
58,Ward 58,2026-09-05,31.15,84.61,30.35,39.8,36.5,28.6,0.95,51.8,88465,Caution,Yellow,25301.0,1.09,0.15,2026-09-04T18:06:16
126,Ward 126,2026-09-05,31.42,81.42,30.55,40.84,38.4,28.3,1.42,41.4,31631,Caution,Yellow,8952.0,1.09,0.06,2026-09-04T18:06:16
79,Ward 79,2026-09-05,31.55,80.5,30.36,40.57,36.5,28.2,1.45,49.2,44303,Caution,Yellow,12493.0,1.09,0.08,2026-09-04T18:06:16
5,Ward 5,2026-09-05,31.8,80.47,30.45,40.68,37.4,27.7,1.7,42.1,23707,Caution,Yellow,6567.0,1.09,0.04,2026-09-04T18:06:16
97,Ward 97,2026-09-05,31.35,81.74,30.51,40.74,38.0,27.3,1.35,37.4,37199,Caution,Yellow,10155.0,1.09,0.07,2026-09-04T18:06:16
46,Ward 46,2026-09-05,31.13,82.48,30.16,39.82,34.7,26.7,1.03,48.6,12823,Caution,Yellow,3424.0,1.08,0.02,2026-09-04T18:06:16
74,Ward 74,2026-09-05,31.31,81.62,30.24,40.15,35.4,26.7,1.21,45.1,42176,Caution,Yellow,11261.0,1.08,0.07,2026-09-04T18:06:16
108,Ward 108,2026-09-05,30.56,87.55,30.07,38.82,33.8,25.3,0.36,44.3,64777,Caution,Yellow,16389.0,1.08,0.1,2026-09-04T18:06:16
45,Ward 45,2026-09-05,30.6,87.19,29.94,38.45,32.6,25.2,0.0,49.3,8394,Caution,Yellow,2115.0,1.08,0.01,2026-09-04T18:06:16
87,Ward 87,2026-09-05,31.15,82.38,30.17,39.85,34.7,25.0,1.05,38.2,12675,Caution,Yellow,3169.0,1.08,0.02,2026-09-04T18:06:16
94,Ward 94,2026-09-05,30.57,85.5,30.14,39.32,34.5,24.3,0.57,34.3,27469,Normal,Green,6675.0,1.08,0.04,2026-09-04T18:06:16
80,Ward 80,2026-09-05,30.14,87.35,29.68,37.98,30.2,23.6,0.04,51.2,31094,Normal,Green,7338.0,1.07,0.04,2026-09-04T18:06:16
90,Ward 90,2026-09-05,30.55,85.29,29.88,38.76,32.1,22.9,0.45,36.3,18857,Normal,Green,4318.0,1.08,0.03,2026-09-04T18:06:16
63,Ward 63,2026-09-05,30.18,87.15,29.7,38.06,30.4,22.3,0.08,41.1,24387,Normal,Green,5438.0,1.07,0.03,2026-09-04T18:06:16
24,Ward 24,2026-09-06,35.77,70.57,32.98,47.36,63.8,58.2,3.47,80.5,19824,Danger,Orange,11538.0,1.16,0.06,2026-09-04T18:06:16
54,Ward 54,2026-09-06,35.69,71.62,33.13,48.51,65.5,57.4,3.39,72.5,36235,Danger,Orange,20799.0,1.17,0.12,2026-09-04T18:06:16
23,Ward 23,2026-09-06,35.8,70.46,32.99,47.41,63.9,57.3,3.5,77.0,18256,Danger,Orange,10461.0,1.16,0.06,2026-09-04T18:06:16
49,Ward 49,2026-09-06,35.42,71.96,32.83,47.15,62.1,57.3,3.22,82.7,19416,Danger,Orange,11125.0,1.16,0.06,2026-09-04T18:06:16
29,Ward 29,2026-09-06,35.49,71.68,32.87,47.27,62.6,56.5,3.29,78.3,53782,Danger,Orange,30387.0,1.16,0.17,2026-09-04T18:06:16
39,Ward 39,2026-09-06,35.54,71.48,32.87,47.05,62.6,56.3,3.24,77.7,21296,Danger,Orange,11990.0,1.16,0.07,2026-09-04T18:06:16
18,Ward 18,2026-09-06,35.73,70.72,32.95,47.29,63.5,55.2,3.43,71.1,22267,Danger,Orange,12291.0,1.16,0.07,2026-09-04T18:06:16
28,Ward 28,2026-09-06,35.52,71.55,32.89,47.31,62.8,55.1,3.32,72.7,38110,Danger,Orange,20999.0,1.16,0.12,2026-09-04T18:06:16
42,Ward 42,2026-09-06,35.36,72.23,32.78,46.79,61.6,54.6,3.06,74.9,21746,Danger,Orange,11873.0,1.16,0.07,2026-09-04T18:06:16
48,Ward 48,2026-09-06,35.62,71.18,32.9,47.15,62.9,54.6,3.32,70.7,20437,Danger,Orange,11159.0,1.16,0.06,2026-09-04T18:06:16
43,Ward 43,2026-09-06,35.47,71.77,32.83,46.94,62.1,54.2,3.17,71.9,17677,Danger,Orange,9581.0,1.16,0.05,2026-09-04T18:06:16
37,Ward 37,2026-09-06,35.36,72.2,32.8,47.07,61.8,53.5,3.16,70.2,24020,Danger,Orange,12851.0,1.16,0.07,2026-09-04T18:06:16
77,Ward 77,2026-09-06,35.4,71.12,32.75,47.14,61.2,53.5,3.4,72.2,45984,Danger,Orange,24601.0,1.16,0.14,2026-09-04T18:06:16
60,Ward 60,2026-09-06,35.24,73.47,32.91,47.9,63.0,53.0,2.94,64.6,35732,Danger,Orange,18938.0,1.16,0.11,2026-09-04T18:06:16
41,Ward 41,2026-09-06,35.36,72.23,32.78,46.79,61.6,52.9,3.06,68.6,19946,Danger,Orange,10551.0,1.16,0.06,2026-09-04T18:06:16
19,Ward 19,2026-09-06,35.61,71.21,32.89,47.12,62.8,52.7,3.31,64.3,21158,Danger,Orange,11150.0,1.16,0.07,2026-09-04T18:06:16
65,Ward 65,2026-09-06,35.2,73.62,32.89,47.82,62.8,52.7,2.9,64.2,72427,Danger,Orange,38169.0,1.16,0.23,2026-09-04T18:06:16
66,Ward 66,2026-09-06,35.15,73.83,32.87,47.76,62.6,52.5,2.85,64.3,98024,Danger,Orange,51463.0,1.16,0.31,2026-09-04T18:06:16
26,Ward 26,2026-09-06,35.38,72.14,32.78,46.81,61.6,52.1,3.08,65.9,25371,Danger,Orange,13218.0,1.16,0.08,2026-09-04T18:06:16
62,Ward 62,2026-09-06,35.3,71.51,32.69,46.98,60.6,52.0,3.3,68.4,34832,Danger,Orange,18113.0,1.15,0.11,2026-09-04T18:06:16
25,Ward 25,2026-09-06,35.43,71.93,32.8,46.86,61.8,51.7,3.13,63.8,27484,Danger,Orange,14209.0,1.16,0.08,2026-09-04T18:06:16
21,Ward 21,2026-09-06,35.26,72.62,32.72,46.63,60.9,51.5,2.96,65.8,21187,Danger,Orange,10911.0,1.15,0.06,2026-09-04T18:06:16
56,Ward 56,2026-09-06,35.25,73.4,32.91,47.88,63.0,51.4,2.95,59.2,43622,Danger,Orange,22422.0,1.16,0.14,2026-09-04T18:06:16
20,Ward 20,2026-09-06,35.36,72.23,32.78,46.79,61.6,51.0,3.06,61.7,21576,Danger,Orange,11004.0,1.16,0.07,2026-09-04T18:06:16
44,Ward 44,2026-09-06,35.17,73.0,32.68,46.5,60.5,51.0,2.87,65.2,29600,Danger,Orange,15096.0,1.15,0.09,2026-09-04T18:06:16
78,Ward 78,2026-09-06,35.18,72.0,32.63,46.81,59.9,50.9,3.18,66.7,54090,Danger,Orange,27532.0,1.15,0.16,2026-09-04T18:06:16
16,Ward 16,2026-09-06,35.26,72.59,32.75,46.9,61.2,50.4,3.06,60.7,20904,Danger,Orange,10536.0,1.16,0.06,2026-09-04T18:06:16
135,Ward 135,2026-09-06,34.68,74.06,32.38,46.13,57.2,50.0,2.68,71.9,33258,Danger,Orange,16629.0,1.14,0.09,2026-09-04T18:06:16
11,Ward 11,2026-09-06,35.26,72.59,32.75,46.9,61.2,49.9,3.06,59.0,22152,Caution,Yellow,11054.0,1.16,0.07,2026-09-04T18:06:16
38,Ward 38,2026-09-06,35.12,73.18,32.68,46.72,60.5,49.5,2.92,59.7,28791,Caution,Yellow,14252.0,1.15,0.09,2026-09-04T18:06:16
52,Ward 52,2026-09-06,35.07,72.46,32.58,46.66,59.4,49.3,3.07,62.4,16869,Caution,Yellow,8316.0,1.15,0.05,2026-09-04T18:06:16
134,Ward 134,2026-09-06,34.45,75.05,32.28,45.79,56.1,49.1,2.45,72.2,35780,Caution,Yellow,17568.0,1.14,0.1,2026-09-04T18:06:16
10,Ward 10,2026-09-06,35.17,72.98,32.7,46.77,60.7,48.9,2.97,56.8,27700,Caution,Yellow,13545.0,1.15,0.08,2026-09-04T18:06:16
59,Ward 59,2026-09-06,34.76,75.49,32.67,47.2,60.4,48.9,2.46,57.8,70261,Caution,Yellow,34358.0,1.15,0.21,2026-09-04T18:06:16
40,Ward 40,2026-09-06,35.03,73.55,32.64,46.59,60.0,48.7,2.83,58.1,20549,Caution,Yellow,10007.0,1.15,0.06,2026-09-04T18:06:16
53,Ward 53,2026-09-06,35.09,72.37,32.59,46.67,59.5,48.7,3.09,59.7,25598,Caution,Yellow,12466.0,1.15,0.08,2026-09-04T18:06:16
30,Ward 30,2026-09-06,35.0,73.69,32.62,46.54,59.8,47.7,2.8,55.1,30050,Caution,Yellow,14334.0,1.15,0.09,2026-09-04T18:06:16
36,Ward 36,2026-09-06,34.3,76.68,32.28,45.55,56.1,47.7,2.1,66.9,27238,Caution,Yellow,12993.0,1.14,0.08,2026-09-04T18:06:16
91,Ward 91,2026-09-06,34.83,75.19,32.7,47.28,60.7,47.7,2.53,52.5,38450,Caution,Yellow,18341.0,1.15,0.12,2026-09-04T18:06:16
9,Ward 9,2026-09-06,35.12,73.2,32.66,46.44,60.3,47.6,2.82,53.2,16420,Caution,Yellow,7816.0,1.15,0.05,2026-09-04T18:06:16
61,Ward 61,2026-09-06,34.71,73.95,32.4,46.17,57.4,47.5,2.71,61.6,29704,Caution,Yellow,14109.0,1.14,0.08,2026-09-04T18:06:16
67,Ward 67,2026-09-06,34.71,75.7,32.65,47.14,60.1,47.5,2.41,53.4,56284,Caution,Yellow,26735.0,1.15,0.17,2026-09-04T18:06:16
75,Ward 75,2026-09-06,34.71,73.95,32.4,46.17,57.4,47.3,2.71,61.0,26925,Caution,Yellow,12736.0,1.14,0.08,2026-09-04T18:06:16
14,Ward 14,2026-09-06,34.91,74.06,32.59,46.46,59.5,47.2,2.71,54.2,53343,Caution,Yellow,25178.0,1.15,0.16,2026-09-04T18:06:16
22,Ward 22,2026-09-06,34.81,74.5,32.51,46.0,58.6,47.2,2.51,56.7,15730,Caution,Yellow,7425.0,1.15,0.05,2026-09-04T18:06:16
64,Ward 64,2026-09-06,34.55,76.39,32.57,46.92,59.3,47.1,2.25,54.1,31280,Caution,Yellow,14733.0,1.15,0.09,2026-09-04T18:06:16
55,Ward 55,2026-09-06,34.62,76.1,32.6,47.0,59.6,47.0,2.32,52.9,32254,Caution,Yellow,15159.0,1.15,0.1,2026-09-04T18:06:16
34,Ward 34,2026-09-06,34.86,75.05,32.72,47.33,60.9,46.9,2.56,49.0,29773,Caution,Yellow,13964.0,1.15,0.09,2026-09-04T18:06:16
88,Ward 88,2026-09-06,34.8,73.57,32.44,46.26,57.8,46.9,2.8,58.0,23672,Caution,Yellow,11102.0,1.15,0.07,2026-09-04T18:06:16
17,Ward 17,2026-09-06,35.04,73.53,32.65,46.62,60.1,46.8,2.84,51.0,21023,Caution,Yellow,9839.0,1.15,0.06,2026-09-04T18:06:16
83,Ward 83,2026-09-06,34.78,73.66,32.44,46.25,57.8,46.8,2.78,57.9,22163,Caution,Yellow,10372.0,1.15,0.06,2026-09-04T18:06:16
3,Ward 3,2026-09-06,34.78,74.62,32.52,46.25,58.7,46.7,2.58,54.4,53855,Caution,Yellow,25150.0,1.15,0.16,2026-09-04T18:06:16
47,Ward 47,2026-09-06,34.84,74.38,32.52,46.05,58.7,46.7,2.54,54.7,14684,Caution,Yellow,6857.0,1.15,0.04,2026-09-04T18:06:16
13,Ward 13,2026-09-06,34.72,74.87,32.48,46.16,58.3,46.6,2.52,55.4,33066,Caution,Yellow,15409.0,1.15,0.1,2026-09-04T18:06:16
27,Ward 27,2026-09-06,34.83,74.4,32.54,46.3,58.9,46.6,2.63,53.7,19350,Caution,Yellow,9017.0,1.15,0.06,2026-09-04T18:06:16
8,Ward 8,2026-09-06,34.98,73.76,32.61,46.53,59.7,46.5,2.78,50.9,18760,Caution,Yellow,8723.0,1.15,0.06,2026-09-04T18:06:16
84,Ward 84,2026-09-06,34.62,74.33,32.36,46.04,57.0,46.4,2.62,58.6,19230,Caution,Yellow,8923.0,1.14,0.05,2026-09-04T18:06:16
7,Ward 7,2026-09-06,34.81,74.48,32.53,46.29,58.8,46.3,2.61,52.6,19180,Caution,Yellow,8880.0,1.15,0.06,2026-09-04T18:06:16
1,Ward 1,2026-09-06,34.73,74.82,32.49,46.19,58.4,46.2,2.53,53.6,53125,Caution,Yellow,24544.0,1.15,0.15,2026-09-04T18:06:16
15,Ward 15,2026-09-06,34.81,74.48,32.53,46.29,58.8,46.2,2.61,52.4,23922,Caution,Yellow,11052.0,1.15,0.07,2026-09-04T18:06:16
76,Ward 76,2026-09-06,34.75,73.77,32.42,46.2,57.6,46.1,2.75,55.5,21946,Caution,Yellow,10117.0,1.14,0.06,2026-09-04T18:06:16
99,Ward 99,2026-09-06,34.51,76.41,32.63,47.53,59.9,46.0,2.41,48.4,26739,Caution,Yellow,12300.0,1.15,0.08,2026-09-04T18:06:16
73,Ward 73,2026-09-06,34.67,74.12,32.38,46.1,57.2,45.8,2.67,55.8,23512,Caution,Yellow,10768.0,1.14,0.07,2026-09-04T18:06:16
4,Ward 4,2026-09-06,34.71,74.92,32.49,46.17,58.4,45.7,2.51,51.5,34476,Caution,Yellow,15756.0,1.15,0.1,2026-09-04T18:06:16
35,Ward 35,2026-09-06,34.84,74.35,32.55,46.34,59.0,45.7,2.64,49.9,35024,Caution,Yellow,16006.0,1.15,0.1,2026-09-04T18:06:16
82,Ward 82,2026-09-06,34.64,74.23,32.37,46.05,57.1,45.7,2.64,55.7,38838,Caution,Yellow,17749.0,1.14,0.11,2026-09-04T18:06:16
85,Ward 85,2026-09-06,34.61,74.36,32.35,46.0,56.9,45.6,2.61,56.0,29566,Caution,Yellow,13482.0,1.14,0.08,2026-09-04T18:06:16
105,Ward 105,2026-09-06,34.68,75.83,32.64,47.09,60.0,45.4,2.38,45.8,21267,Caution,Yellow,9655.0,1.15,0.06,2026-09-04T18:06:16
68,Ward 68,2026-09-06,34.43,76.92,32.51,46.72,58.6,45.3,2.13,49.4,20724,Caution,Yellow,9388.0,1.15,0.06,2026-09-04T18:06:16
103,Ward 103,2026-09-06,34.41,76.84,32.57,47.34,59.3,45.2,2.31,47.3,25428,Caution,Yellow,11493.0,1.15,0.07,2026-09-04T18:06:16
50,Ward 50,2026-09-06,34.63,74.27,32.36,46.02,57.0,44.9,2.63,53.0,17251,Caution,Yellow,7746.0,1.14,0.05,2026-09-04T18:06:16
101,Ward 101,2026-09-06,34.3,77.33,32.53,47.22,58.8,44.8,2.2,47.2,40208,Caution,Yellow,18013.0,1.15,0.12,2026-09-04T18:06:16
81,Ward 81,2026-09-06,34.44,75.08,32.27,45.76,56.0,44.7,2.44,55.1,41501,Caution,Yellow,18551.0,1.14,0.12,2026-09-04T18:06:16
104,Ward 104,2026-09-06,34.61,76.13,32.59,46.96,59.5,44.5,2.31,43.9,33185,Caution,Yellow,14767.0,1.15,0.1,2026-09-04T18:06:16
133,Ward 133,2026-09-06,34.37,75.38,32.23,45.68,55.6,44.4,2.37,55.1,25588,Caution,Yellow,11361.0,1.14,0.07,2026-09-04T18:06:16
12,Ward 12,2026-09-06,34.41,76.19,32.33,45.71,56.6,44.1,2.21,51.1,21493,Caution,Yellow,9478.0,1.14,0.06,2026-09-04T18:06:16
32,Ward 32,2026-09-06,34.2,77.11,32.23,45.43,55.6,44.1,2.0,54.1,45636,Caution,Yellow,20125.0,1.14,0.13,2026-09-04T18:06:16
92,Ward 92,2026-09-06,34.44,76.87,32.52,46.75,58.7,44.1,2.14,44.8,36450,Caution,Yellow,16074.0,1.15,0.11,2026-09-04T18:06:16
132,Ward 132,2026-09-06,34.38,75.34,32.24,45.66,55.7,44.1,2.38,53.9,26274,Caution,Yellow,11587.0,1.14,0.07,2026-09-04T18:06:16
6,Ward 6,2026-09-06,34.23,76.99,32.25,45.48,55.8,44.0,2.03,52.9,42346,Caution,Yellow,18632.0,1.14,0.12,2026-09-04T18:06:16
31,Ward 31,2026-09-06,34.4,76.25,32.33,45.73,56.6,43.9,2.2,50.1,39025,Caution,Yellow,17132.0,1.14,0.11,2026-09-04T18:06:16
51,Ward 51,2026-09-06,34.56,74.58,32.33,45.94,56.6,43.9,2.56,50.0,13556,Caution,Yellow,5951.0,1.14,0.04,2026-09-04T18:06:16
96,Ward 96,2026-09-06,34.43,76.51,32.41,46.39,57.5,43.9,2.33,47.3,31033,Caution,Yellow,13623.0,1.14,0.09,2026-09-04T18:06:16
102,Ward 102,2026-09-06,34.2,77.77,32.47,47.02,58.2,43.9,2.1,45.5,21503,Caution,Yellow,9440.0,1.15,0.06,2026-09-04T18:06:16
106,Ward 106,2026-09-06,34.3,77.49,32.45,46.54,58.0,43.9,2.0,46.1,40618,Caution,Yellow,17831.0,1.15,0.12,2026-09-04T18:06:16
107,Ward 107,2026-09-06,34.2,77.94,32.4,46.41,57.4,43.9,1.9,47.8,54260,Caution,Yellow,23820.0,1.14,0.15,2026-09-04T18:06:16
57,Ward 57,2026-09-06,34.02,78.75,32.3,46.1,56.3,43.8,1.72,50.6,49856,Caution,Yellow,21837.0,1.14,0.14,2026-09-04T18:06:16
72,Ward 72,2026-09-06,34.4,75.26,32.24,45.73,55.7,43.8,2.4,52.6,19167,Caution,Yellow,8395.0,1.14,0.05,2026-09-04T18:06:16
95,Ward 95,2026-09-06,34.39,76.68,32.39,46.31,57.3,43.8,2.29,47.6,26737,Caution,Yellow,11711.0,1.14,0.08,2026-09-04T18:06:16
117,Ward 117,2026-09-06,34.34,75.52,32.21,45.63,55.4,43.7,2.34,53.1,21824,Caution,Yellow,9537.0,1.14,0.06,2026-09-04T18:06:16
98,Ward 98,2026-09-06,34.43,76.51,32.41,46.39,57.5,43.6,2.33,46.3,31708,Caution,Yellow,13825.0,1.14,0.09,2026-09-04T18:06:16
2,Ward 2,2026-09-06,34.51,75.77,32.39,45.88,57.3,43.5,2.31,46.3,48190,Caution,Yellow,20963.0,1.14,0.14,2026-09-04T18:06:16
116,Ward 116,2026-09-06,34.19,77.56,32.28,46.04,56.1,43.4,2.09,49.7,28338,Caution,Yellow,12299.0,1.14,0.08,2026-09-04T18:06:16
118,Ward 118,2026-09-06,34.3,75.68,32.2,45.55,55.2,43.4,2.3,52.3,21810,Caution,Yellow,9466.0,1.14,0.06,2026-09-04T18:06:16
89,Ward 89,2026-09-06,34.43,75.13,32.26,45.77,55.9,43.3,2.43,50.0,22304,Caution,Yellow,9658.0,1.14,0.06,2026-09-04T18:06:16
138,Ward 138,2026-09-06,34.0,79.46,31.95,44.24,52.6,43.3,1.8,60.7,28858,Caution,Yellow,12496.0,1.13,0.07,2026-09-04T18:06:16
120,Ward 120,2026-09-06,34.37,75.38,32.23,45.68,55.6,43.1,2.37,49.9,19710,Caution,Yellow,8495.0,1.14,0.05,2026-09-04T18:06:16
100,Ward 100,2026-09-06,34.05,78.43,32.4,46.81,57.4,42.8,1.95,43.6,25507,Caution,Yellow,10917.0,1.14,0.07,2026-09-04T18:06:16
111,Ward 111,2026-09-06,33.92,79.02,32.33,46.61,56.6,42.7,1.82,45.5,38647,Caution,Yellow,16502.0,1.14,0.11,2026-09-04T18:06:16
112,Ward 112,2026-09-06,34.14,77.78,32.26,45.97,55.9,42.7,2.04,47.5,32404,Caution,Yellow,13837.0,1.14,0.09,2026-09-04T18:06:16
113,Ward 113,2026-09-06,34.11,77.92,32.25,45.92,55.8,42.7,2.01,47.7,33475,Caution,Yellow,14294.0,1.14,0.09,2026-09-04T18:06:16
123,Ward 123,2026-09-06,34.1,77.97,32.25,45.89,55.8,42.6,2.0,47.5,35386,Caution,Yellow,15074.0,1.14,0.1,2026-09-04T18:06:16
115,Ward 115,2026-09-06,34.2,77.51,32.29,46.03,56.2,42.5,2.1,46.0,31919,Caution,Yellow,13566.0,1.14,0.09,2026-09-04T18:06:16
114,Ward 114,2026-09-06,34.04,78.23,32.22,45.79,55.5,42.4,1.94,47.4,41913,Caution,Yellow,17771.0,1.14,0.12,2026-09-04T18:06:16
71,Ward 71,2026-09-06,34.28,75.77,32.19,45.54,55.1,42.3,2.28,48.2,29922,Caution,Yellow,12657.0,1.14,0.08,2026-09-04T18:06:16
121,Ward 121,2026-09-06,34.02,78.32,32.21,45.77,55.4,42.3,1.92,47.5,29921,Caution,Yellow,12657.0,1.14,0.08,2026-09-04T18:06:16
130,Ward 130,2026-09-06,34.2,76.12,32.14,45.43,54.6,42.3,2.2,49.8,23227,Caution,Yellow,9825.0,1.14,0.06,2026-09-04T18:06:16
110,Ward 110,2026-09-06,33.83,79.42,32.29,46.5,56.2,42.2,1.73,44.7,27470,Caution,Yellow,11592.0,1.14,0.08,2026-09-04T18:06:16
124,Ward 124,2026-09-06,33.93,78.73,32.16,45.67,54.8,42.0,1.83,47.9,39179,Caution,Yellow,16455.0,1.14,0.11,2026-09-04T18:06:16
128,Ward 128,2026-09-06,34.02,78.32,32.21,45.77,55.4,42.0,1.92,46.1,32179,Caution,Yellow,13515.0,1.14,0.09,2026-09-04T18:06:16
131,Ward 131,2026-09-06,34.15,76.33,32.12,45.36,54.4,41.9,2.15,48.9,30911,Caution,Yellow,12952.0,1.14,0.08,2026-09-04T18:06:16
33,Ward 33,2026-09-06,33.99,78.87,32.3,46.1,56.3,41.7,1.69,42.5,45919,Caution,Yellow,19148.0,1.14,0.13,2026-09-04T18:06:16
136,Ward 136,2026-09-06,33.97,77.13,32.04,45.07,53.5,41.7,1.97,51.0,21482,Caution,Yellow,8958.0,1.13,0.06,2026-09-04T18:06:16
125,Ward 125,2026-09-06,33.91,78.81,32.15,45.6,54.7,41.6,1.81,46.6,44850,Caution,Yellow,18658.0,1.14,0.12,2026-09-04T18:06:16
69,Ward 69,2026-09-06,33.98,77.07,32.03,45.11,53.4,41.5,1.98,50.6,44111,Caution,Yellow,18306.0,1.13,0.12,2026-09-04T18:06:16
119,Ward 119,2026-09-06,34.16,76.3,32.13,45.35,54.5,41.5,2.16,46.9,16491,Caution,Yellow,6844.0,1.14,0.04,2026-09-04T18:06:16
137,Ward 137,2026-09-06,33.61,78.73,31.85,44.57,51.5,41.5,1.61,56.7,19385,Caution,Yellow,8045.0,1.13,0.05,2026-09-04T18:06:16
93,Ward 93,2026-09-06,34.12,76.47,32.1,45.32,54.2,41.4,2.12,47.7,44364,Caution,Yellow,18367.0,1.14,0.12,2026-09-04T18:06:16
139,Ward 139,2026-09-06,33.6,81.31,31.76,43.69,50.6,41.2,1.4,58.5,42014,Caution,Yellow,17310.0,1.13,0.1,2026-09-04T18:06:16
58,Ward 58,2026-09-06,33.25,82.3,31.94,45.0,52.5,41.1,0.95,51.8,88465,Caution,Yellow,36359.0,1.13,0.23,2026-09-04T18:06:16
70,Ward 70,2026-09-06,34.06,76.73,32.08,45.22,54.0,40.9,2.06,46.0,18618,Caution,Yellow,7615.0,1.14,0.05,2026-09-04T18:06:16
129,Ward 129,2026-09-06,33.98,77.07,32.03,45.11,53.4,40.9,1.98,47.9,39654,Caution,Yellow,16218.0,1.13,0.1,2026-09-04T18:06:16
86,Ward 86,2026-09-06,33.93,77.3,32.01,45.04,53.2,40.5,1.93,47.1,19195,Caution,Yellow,7774.0,1.13,0.05,2026-09-04T18:06:16
109,Ward 109,2026-09-06,33.24,82.16,32.01,45.6,53.2,40.3,1.14,46.2,64567,Caution,Yellow,26021.0,1.13,0.17,2026-09-04T18:06:16
127,Ward 127,2026-09-06,33.67,79.9,32.04,45.28,53.5,40.0,1.57,44.0,43782,Caution,Yellow,17513.0,1.13,0.12,2026-09-04T18:06:16
5,Ward 5,2026-09-06,33.9,78.45,32.08,44.99,54.0,39.9,1.7,42.1,23707,Caution,Yellow,9459.0,1.14,0.06,2026-09-04T18:06:16
122,Ward 122,2026-09-06,33.65,79.98,32.02,45.21,53.3,39.8,1.55,43.9,39198,Caution,Yellow,15601.0,1.13,0.1,2026-09-04T18:06:16
141,Ward 141,2026-09-06,33.38,82.33,31.64,43.36,49.3,39.5,1.18,55.9,41152,Caution,Yellow,16255.0,1.12,0.1,2026-09-04T18:06:16
140,Ward 140,2026-09-06,33.27,82.86,31.59,43.19,48.8,39.3,1.07,56.8,30504,Caution,Yellow,11988.0,1.12,0.07,2026-09-04T18:06:16
79,Ward 79,2026-09-06,33.45,79.44,31.78,44.33,50.8,39.2,1.45,49.2,44303,Caution,Yellow,17367.0,1.13,0.11,2026-09-04T18:06:16
126,Ward 126,2026-09-06,33.52,80.6,31.95,45.06,52.6,38.7,1.42,41.4,31631,Caution,Yellow,12241.0,1.13,0.08,2026-09-04T18:06:16
97,Ward 97,2026-09-06,33.45,80.92,31.92,44.92,52.3,37.6,1.35,37.4,37199,Caution,Yellow,13987.0,1.13,0.1,2026-09-04T18:06:16
46,Ward 46,2026-09-06,33.03,81.38,31.57,43.7,48.6,37.4,1.03,48.6,12823,Caution,Yellow,4796.0,1.12,0.03,2026-09-04T18:06:16
74,Ward 74,2026-09-06,33.21,80.54,31.66,43.97,49.5,37.3,1.21,45.1,42176,Caution,Yellow,15732.0,1.12,0.1,2026-09-04T18:06:16
108,Ward 108,2026-09-06,32.66,85.14,31.65,44.09,49.4,37.0,0.36,44.3,64777,Caution,Yellow,23967.0,1.12,0.16,2026-09-04T18:06:16
87,Ward 87,2026-09-06,33.05,81.3,31.58,43.76,48.7,35.2,1.05,38.2,12675,Caution,Yellow,4462.0,1.12,0.03,2026-09-04T18:06:16
45,Ward 45,2026-09-06,32.3,86.02,31.26,42.28,45.4,35.0,0.0,49.3,8394,Caution,Yellow,2938.0,1.11,0.02,2026-09-04T18:06:16
80,Ward 80,2026-09-06,32.04,86.17,31.09,42.2,43.7,34.1,0.04,51.2,31094,Caution,Yellow,10603.0,1.11,0.07,2026-09-04T18:06:16
94,Ward 94,2026-09-06,32.67,84.62,31.55,43.74,48.4,34.1,0.57,34.3,27469,Caution,Yellow,9367.0,1.12,0.07,2026-09-04T18:06:16
90,Ward 90,2026-09-06,32.45,84.15,31.28,42.84,45.6,32.5,0.45,36.3,18857,Caution,Yellow,6129.0,1.11,0.04,2026-09-04T18:06:16
63,Ward 63,2026-09-06,32.08,85.97,31.1,42.25,43.8,32.2,0.08,41.1,24387,Caution,Yellow,7853.0,1.11,0.05,2026-09-04T18:06:16
24,Ward 24,2026-09-07,35.07,73.68,32.68,46.1,60.5,55.2,3.47,80.5,19824,Danger,Orange,10943.0,1.15,0.06,2026-09-04T18:06:16
23,Ward 23,2026-09-07,35.1,73.56,32.7,46.14,60.7,54.4,3.5,77.0,18256,Danger,Orange,9931.0,1.15,0.06,2026-09-04T18:06:16
49,Ward 49,2026-09-07,35.12,74.8,32.53,45.46,58.8,54.2,3.22,82.7,19416,Danger,Orange,10523.0,1.15,0.06,2026-09-04T18:06:16
77,Ward 77,2026-09-07,35.1,74.3,32.81,46.35,61.9,54.2,3.4,72.2,45984,Danger,Orange,24923.0,1.16,0.14,2026-09-04T18:06:16
54,Ward 54,2026-09-07,35.09,74.41,32.75,45.96,61.2,53.6,3.39,72.5,36235,Danger,Orange,19422.0,1.16,0.11,2026-09-04T18:06:16
29,Ward 29,2026-09-07,35.19,74.51,32.57,45.57,59.3,53.5,3.29,78.3,53782,Danger,Orange,28773.0,1.15,0.16,2026-09-04T18:06:16
39,Ward 39,2026-09-07,34.84,74.65,32.57,45.79,59.3,53.3,3.24,77.7,21296,Danger,Orange,11351.0,1.15,0.06,2026-09-04T18:06:16
18,Ward 18,2026-09-07,35.03,73.86,32.66,46.03,60.3,52.5,3.43,71.1,22267,Danger,Orange,11690.0,1.15,0.07,2026-09-04T18:06:16
62,Ward 62,2026-09-07,35.0,74.73,32.75,46.19,61.2,52.5,3.3,68.4,34832,Danger,Orange,18287.0,1.16,0.11,2026-09-04T18:06:16
28,Ward 28,2026-09-07,35.22,74.38,32.58,45.61,59.4,52.1,3.32,72.7,38110,Danger,Orange,19855.0,1.15,0.11,2026-09-04T18:06:16
48,Ward 48,2026-09-07,34.92,74.32,32.6,45.89,59.6,51.7,3.32,70.7,20437,Danger,Orange,10566.0,1.15,0.06,2026-09-04T18:06:16
42,Ward 42,2026-09-07,34.66,75.43,32.47,45.52,58.2,51.6,3.06,74.9,21746,Danger,Orange,11221.0,1.15,0.06,2026-09-04T18:06:16
78,Ward 78,2026-09-07,34.88,75.23,32.69,46.01,60.6,51.5,3.18,66.7,54090,Danger,Orange,27856.0,1.15,0.16,2026-09-04T18:06:16
43,Ward 43,2026-09-07,34.77,74.95,32.53,45.67,58.8,51.4,3.17,71.9,17677,Danger,Orange,9086.0,1.15,0.05,2026-09-04T18:06:16
37,Ward 37,2026-09-07,35.06,75.07,32.5,45.38,58.5,50.7,3.16,70.2,24020,Danger,Orange,12178.0,1.15,0.07,2026-09-04T18:06:16
135,Ward 135,2026-09-07,34.38,77.41,32.45,45.32,58.0,50.7,2.68,71.9,33258,Danger,Orange,16862.0,1.15,0.1,2026-09-04T18:06:16
41,Ward 41,2026-09-07,34.66,75.43,32.47,45.52,58.2,50.0,3.06,68.6,19946,Danger,Orange,9973.0,1.15,0.06,2026-09-04T18:06:16
19,Ward 19,2026-09-07,34.91,74.36,32.59,45.85,59.5,49.9,3.31,64.3,21158,Caution,Yellow,10558.0,1.15,0.06,2026-09-04T18:06:16
52,Ward 52,2026-09-07,34.77,75.7,32.64,45.86,60.0,49.8,3.07,62.4,16869,Caution,Yellow,8401.0,1.15,0.05,2026-09-04T18:06:16
134,Ward 134,2026-09-07,34.15,78.45,32.33,44.98,56.6,49.5,2.45,72.2,35780,Caution,Yellow,17711.0,1.14,0.1,2026-09-04T18:06:16
26,Ward 26,2026-09-07,34.68,75.34,32.48,45.53,58.3,49.4,3.08,65.9,25371,Caution,Yellow,12533.0,1.15,0.07,2026-09-04T18:06:16
60,Ward 60,2026-09-07,34.64,76.34,32.52,45.31,58.7,49.3,2.94,64.6,35732,Caution,Yellow,17616.0,1.15,0.1,2026-09-04T18:06:16
65,Ward 65,2026-09-07,34.6,76.51,32.51,45.29,58.6,49.2,2.9,64.2,72427,Caution,Yellow,35634.0,1.15,0.21,2026-09-04T18:06:16
25,Ward 25,2026-09-07,34.73,75.12,32.51,45.64,58.6,49.1,3.13,63.8,27484,Caution,Yellow,13495.0,1.15,0.08,2026-09-04T18:06:16
53,Ward 53,2026-09-07,34.79,75.61,32.64,45.88,60.0,49.1,3.09,59.7,25598,Caution,Yellow,12569.0,1.15,0.08,2026-09-04T18:06:16
66,Ward 66,2026-09-07,34.55,76.74,32.48,45.18,58.3,48.9,2.85,64.3,98024,Caution,Yellow,47934.0,1.15,0.28,2026-09-04T18:06:16
21,Ward 21,2026-09-07,34.56,75.86,32.43,45.4,57.7,48.8,2.96,65.8,21187,Caution,Yellow,10339.0,1.14,0.06,2026-09-04T18:06:16
20,Ward 20,2026-09-07,34.66,75.43,32.47,45.52,58.2,48.2,3.06,61.7,21576,Caution,Yellow,10400.0,1.15,0.06,2026-09-04T18:06:16
44,Ward 44,2026-09-07,34.47,76.25,32.38,45.27,57.2,48.2,2.87,65.2,29600,Caution,Yellow,14267.0,1.14,0.08,2026-09-04T18:06:16
61,Ward 61,2026-09-07,34.41,77.29,32.46,45.37,58.1,48.1,2.71,61.6,29704,Caution,Yellow,14288.0,1.15,0.09,2026-09-04T18:06:16
56,Ward 56,2026-09-07,34.65,76.29,32.53,45.34,58.8,48.0,2.95,59.2,43622,Caution,Yellow,20939.0,1.15,0.13,2026-09-04T18:06:16
75,Ward 75,2026-09-07,34.41,77.29,32.46,45.37,58.1,47.9,2.71,61.0,26925,Caution,Yellow,12897.0,1.15,0.08,2026-09-04T18:06:16
16,Ward 16,2026-09-07,34.96,75.5,32.44,45.22,57.8,47.6,3.06,60.7,20904,Caution,Yellow,9950.0,1.15,0.06,2026-09-04T18:06:16
88,Ward 88,2026-09-07,34.5,76.89,32.51,45.51,58.6,47.5,2.8,58.0,23672,Caution,Yellow,11244.0,1.15,0.07,2026-09-04T18:06:16
83,Ward 83,2026-09-07,34.48,76.98,32.49,45.45,58.4,47.3,2.78,57.9,22163,Caution,Yellow,10483.0,1.15,0.06,2026-09-04T18:06:16
11,Ward 11,2026-09-07,34.96,75.5,32.44,45.22,57.8,47.1,3.06,59.0,22152,Caution,Yellow,10434.0,1.15,0.06,2026-09-04T18:06:16
38,Ward 38,2026-09-07,34.82,76.1,32.38,45.04,57.2,46.8,2.92,59.7,28791,Caution,Yellow,13474.0,1.14,0.08,2026-09-04T18:06:16
84,Ward 84,2026-09-07,34.32,77.68,32.41,45.23,57.5,46.8,2.62,58.6,19230,Caution,Yellow,9000.0,1.14,0.05,2026-09-04T18:06:16
76,Ward 76,2026-09-07,34.45,77.11,32.47,45.4,58.2,46.5,2.75,55.5,21946,Caution,Yellow,10205.0,1.15,0.06,2026-09-04T18:06:16
73,Ward 73,2026-09-07,34.37,77.45,32.44,45.29,57.8,46.3,2.67,55.8,23512,Caution,Yellow,10886.0,1.15,0.07,2026-09-04T18:06:16
10,Ward 10,2026-09-07,34.87,75.88,32.4,45.1,57.4,46.2,2.97,56.8,27700,Caution,Yellow,12797.0,1.14,0.08,2026-09-04T18:06:16
82,Ward 82,2026-09-07,34.34,77.6,32.42,45.25,57.6,46.1,2.64,55.7,38838,Caution,Yellow,17904.0,1.14,0.11,2026-09-04T18:06:16
85,Ward 85,2026-09-07,34.31,77.71,32.41,45.2,57.5,46.1,2.61,56.0,29566,Caution,Yellow,13630.0,1.14,0.08,2026-09-04T18:06:16
40,Ward 40,2026-09-07,34.73,76.49,32.33,44.91,56.6,45.9,2.83,58.1,20549,Caution,Yellow,9432.0,1.14,0.06,2026-09-04T18:06:16
50,Ward 50,2026-09-07,34.33,77.63,32.42,45.26,57.6,45.4,2.63,53.0,17251,Caution,Yellow,7832.0,1.14,0.05,2026-09-04T18:06:16
59,Ward 59,2026-09-07,34.16,78.47,32.28,44.64,56.1,45.4,2.46,57.8,70261,Caution,Yellow,31898.0,1.14,0.2,2026-09-04T18:06:16
138,Ward 138,2026-09-07,32.9,83.81,32.2,44.64,55.2,45.4,1.8,60.7,28858,Caution,Yellow,13102.0,1.14,0.08,2026-09-04T18:06:16
30,Ward 30,2026-09-07,34.7,76.62,32.32,44.87,56.5,45.1,2.8,55.1,30050,Caution,Yellow,13553.0,1.14,0.08,2026-09-04T18:06:16
81,Ward 81,2026-09-07,34.14,78.48,32.32,44.95,56.5,45.1,2.44,55.1,41501,Caution,Yellow,18717.0,1.14,0.12,2026-09-04T18:06:16
9,Ward 9,2026-09-07,34.42,76.48,32.36,45.21,57.0,45.0,2.82,53.2,16420,Caution,Yellow,7389.0,1.14,0.05,2026-09-04T18:06:16
36,Ward 36,2026-09-07,34.0,79.77,31.96,43.87,52.7,44.9,2.1,66.9,27238,Caution,Yellow,12230.0,1.13,0.07,2026-09-04T18:06:16
133,Ward 133,2026-09-07,34.07,78.78,32.29,44.87,56.2,44.8,2.37,55.1,25588,Caution,Yellow,11463.0,1.14,0.07,2026-09-04T18:06:16
22,Ward 22,2026-09-07,34.11,77.83,32.21,44.76,55.4,44.6,2.51,56.7,15730,Caution,Yellow,7016.0,1.14,0.04,2026-09-04T18:06:16
132,Ward 132,2026-09-07,34.08,78.76,32.3,44.9,56.3,44.6,2.38,53.9,26274,Caution,Yellow,11718.0,1.14,0.07,2026-09-04T18:06:16
14,Ward 14,2026-09-07,34.61,77.02,32.27,44.74,56.0,44.5,2.71,54.2,53343,Caution,Yellow,23738.0,1.14,0.15,2026-09-04T18:06:16
91,Ward 91,2026-09-07,34.23,78.15,32.33,44.76,56.6,44.5,2.53,52.5,38450,Caution,Yellow,17110.0,1.14,0.11,2026-09-04T18:06:16
72,Ward 72,2026-09-07,34.1,78.66,32.31,44.92,56.4,44.4,2.4,52.6,19167,Caution,Yellow,8510.0,1.14,0.05,2026-09-04T18:06:16
17,Ward 17,2026-09-07,34.74,76.44,32.34,44.94,56.8,44.3,2.84,51.0,21023,Caution,Yellow,9313.0,1.14,0.06,2026-09-04T18:06:16
51,Ward 51,2026-09-07,34.26,77.96,32.38,45.14,57.2,44.3,2.56,50.0,13556,Caution,Yellow,6005.0,1.14,0.04,2026-09-04T18:06:16
47,Ward 47,2026-09-07,34.14,77.71,32.22,44.81,55.5,44.2,2.54,54.7,14684,Caution,Yellow,6490.0,1.14,0.04,2026-09-04T18:06:16
67,Ward 67,2026-09-07,34.11,78.69,32.26,44.58,55.9,44.2,2.41,53.4,56284,Caution,Yellow,24878.0,1.14,0.16,2026-09-04T18:06:16
117,Ward 117,2026-09-07,34.04,78.95,32.27,44.83,56.0,44.2,2.34,53.1,21824,Caution,Yellow,9646.0,1.14,0.06,2026-09-04T18:06:16
3,Ward 3,2026-09-07,34.48,77.59,32.21,44.59,55.4,44.0,2.58,54.4,53855,Caution,Yellow,23696.0,1.14,0.15,2026-09-04T18:06:16
13,Ward 13,2026-09-07,34.42,77.85,32.18,44.5,55.0,44.0,2.52,55.4,33066,Caution,Yellow,14549.0,1.14,0.09,2026-09-04T18:06:16
27,Ward 27,2026-09-07,34.53,77.37,32.23,44.64,55.6,44.0,2.63,53.7,19350,Caution,Yellow,8514.0,1.14,0.05,2026-09-04T18:06:16
8,Ward 8,2026-09-07,34.68,76.71,32.31,44.86,56.4,43.9,2.78,50.9,18760,Caution,Yellow,8236.0,1.14,0.05,2026-09-04T18:06:16
118,Ward 118,2026-09-07,34.0,79.12,32.26,44.79,55.9,43.9,2.3,52.3,21810,Caution,Yellow,9575.0,1.14,0.06,2026-09-04T18:06:16
34,Ward 34,2026-09-07,34.26,78.02,32.34,44.81,56.8,43.8,2.56,49.0,29773,Caution,Yellow,13041.0,1.14,0.08,2026-09-04T18:06:16
89,Ward 89,2026-09-07,34.13,78.54,32.32,44.97,56.5,43.8,2.43,50.0,22304,Caution,Yellow,9769.0,1.14,0.06,2026-09-04T18:06:16
7,Ward 7,2026-09-07,34.51,77.46,32.23,44.63,55.6,43.7,2.61,52.6,19180,Caution,Yellow,8382.0,1.14,0.05,2026-09-04T18:06:16
15,Ward 15,2026-09-07,34.51,77.46,32.23,44.63,55.6,43.7,2.61,52.4,23922,Caution,Yellow,10454.0,1.14,0.07,2026-09-04T18:06:16
55,Ward 55,2026-09-07,34.02,79.1,32.21,44.44,55.4,43.7,2.32,52.9,32254,Caution,Yellow,14095.0,1.14,0.09,2026-09-04T18:06:16
64,Ward 64,2026-09-07,33.95,79.41,32.19,44.36,55.1,43.7,2.25,54.1,31280,Caution,Yellow,13669.0,1.14,0.09,2026-09-04T18:06:16
1,Ward 1,2026-09-07,34.43,77.8,32.18,44.48,55.0,43.5,2.53,53.6,53125,Caution,Yellow,23109.0,1.14,0.14,2026-09-04T18:06:16
120,Ward 120,2026-09-07,34.07,78.78,32.29,44.87,56.2,43.5,2.37,49.9,19710,Caution,Yellow,8574.0,1.14,0.05,2026-09-04T18:06:16
139,Ward 139,2026-09-07,32.5,85.77,32.01,44.02,53.2,43.3,1.4,58.5,42014,Caution,Yellow,18192.0,1.13,0.11,2026-09-04T18:06:16
35,Ward 35,2026-09-07,34.54,77.33,32.24,44.67,55.7,43.1,2.64,49.9,35024,Caution,Yellow,15095.0,1.14,0.1,2026-09-04T18:06:16
4,Ward 4,2026-09-07,34.41,77.9,32.17,44.47,54.9,42.9,2.51,51.5,34476,Caution,Yellow,14790.0,1.14,0.09,2026-09-04T18:06:16
71,Ward 71,2026-09-07,33.98,79.22,32.24,44.73,55.7,42.7,2.28,48.2,29922,Caution,Yellow,12777.0,1.14,0.08,2026-09-04T18:06:16
130,Ward 130,2026-09-07,33.9,79.56,32.2,44.62,55.2,42.7,2.2,49.8,23227,Caution,Yellow,9918.0,1.14,0.06,2026-09-04T18:06:16
95,Ward 95,2026-09-07,33.49,80.46,32.24,44.78,55.7,42.6,2.29,47.6,26737,Caution,Yellow,11390.0,1.14,0.07,2026-09-04T18:06:16
96,Ward 96,2026-09-07,33.53,80.27,32.25,44.82,55.8,42.6,2.33,47.3,31033,Caution,Yellow,13220.0,1.14,0.09,2026-09-04T18:06:16
131,Ward 131,2026-09-07,33.85,79.81,32.18,44.55,55.0,42.4,2.15,48.9,30911,Caution,Yellow,13106.0,1.14,0.08,2026-09-04T18:06:16
98,Ward 98,2026-09-07,33.53,80.27,32.25,44.82,55.8,42.3,2.33,46.3,31708,Caution,Yellow,13412.0,1.14,0.09,2026-09-04T18:06:16
105,Ward 105,2026-09-07,34.08,78.83,32.25,44.53,55.8,42.2,2.38,45.8,21267,Caution,Yellow,8975.0,1.14,0.06,2026-09-04T18:06:16
116,Ward 116,2026-09-07,33.29,81.39,32.13,44.45,54.5,42.2,2.09,49.7,28338,Caution,Yellow,11959.0,1.14,0.08,2026-09-04T18:06:16
136,Ward 136,2026-09-07,33.67,80.63,32.1,44.31,54.2,42.2,1.97,51.0,21482,Caution,Yellow,9065.0,1.14,0.06,2026-09-04T18:06:16
69,Ward 69,2026-09-07,33.68,80.59,32.09,44.29,54.1,42.1,1.98,50.6,44111,Caution,Yellow,18571.0,1.14,0.12,2026-09-04T18:06:16
68,Ward 68,2026-09-07,33.83,79.97,32.12,44.17,54.4,42.0,2.13,49.4,20724,Caution,Yellow,8704.0,1.14,0.06,2026-09-04T18:06:16
137,Ward 137,2026-09-07,33.31,82.33,31.91,43.75,52.2,42.0,1.61,56.7,19385,Caution,Yellow,8142.0,1.13,0.05,2026-09-04T18:06:16
93,Ward 93,2026-09-07,33.82,79.92,32.16,44.51,54.8,41.9,2.12,47.7,44364,Caution,Yellow,18589.0,1.14,0.12,2026-09-04T18:06:16
119,Ward 119,2026-09-07,33.86,79.74,32.19,44.59,55.1,41.9,2.16,46.9,16491,Caution,Yellow,6910.0,1.14,0.05,2026-09-04T18:06:16
99,Ward 99,2026-09-07,33.71,79.77,32.13,44.71,54.5,41.8,2.41,48.4,26739,Caution,Yellow,11177.0,1.14,0.07,2026-09-04T18:06:16
141,Ward 141,2026-09-07,32.28,86.86,31.9,43.66,52.1,41.8,1.18,55.9,41152,Caution,Yellow,17202.0,1.13,0.11,2026-09-04T18:06:16
12,Ward 12,2026-09-07,34.11,79.25,32.03,44.07,53.4,41.6,2.21,51.1,21493,Caution,Yellow,8941.0,1.13,0.06,2026-09-04T18:06:16
32,Ward 32,2026-09-07,33.9,80.22,31.92,43.75,52.3,41.5,2.0,54.1,45636,Caution,Yellow,18939.0,1.13,0.12,2026-09-04T18:06:16
112,Ward 112,2026-09-07,33.24,81.63,32.11,44.38,54.3,41.5,2.04,47.5,32404,Caution,Yellow,13448.0,1.14,0.09,2026-09-04T18:06:16
140,Ward 140,2026-09-07,32.17,87.42,31.85,43.49,51.5,41.5,1.07,56.8,30504,Caution,Yellow,12659.0,1.13,0.08,2026-09-04T18:06:16
104,Ward 104,2026-09-07,34.01,79.15,32.21,44.41,55.4,41.4,2.31,43.9,33185,Caution,Yellow,13739.0,1.14,0.09,2026-09-04T18:06:16
113,Ward 113,2026-09-07,33.21,81.77,32.1,44.37,54.2,41.4,2.01,47.7,33475,Caution,Yellow,13859.0,1.14,0.09,2026-09-04T18:06:16
129,Ward 129,2026-09-07,33.68,80.59,32.09,44.29,54.1,41.4,1.98,47.9,39654,Caution,Yellow,16417.0,1.14,0.11,2026-09-04T18:06:16
6,Ward 6,2026-09-07,33.93,80.07,31.93,43.8,52.4,41.3,2.03,52.9,42346,Caution,Yellow,17489.0,1.13,0.11,2026-09-04T18:06:16
31,Ward 31,2026-09-07,34.1,79.29,32.02,44.04,53.3,41.3,2.2,50.1,39025,Caution,Yellow,16117.0,1.13,0.1,2026-09-04T18:06:16
70,Ward 70,2026-09-07,33.76,80.21,32.13,44.41,54.5,41.3,2.06,46.0,18618,Caution,Yellow,7689.0,1.14,0.05,2026-09-04T18:06:16
115,Ward 115,2026-09-07,33.3,81.34,32.14,44.48,54.6,41.3,2.1,46.0,31919,Caution,Yellow,13183.0,1.14,0.09,2026-09-04T18:06:16
123,Ward 123,2026-09-07,33.2,81.82,32.09,44.34,54.1,41.3,2.0,47.5,35386,Caution,Yellow,14614.0,1.14,0.09,2026-09-04T18:06:16
103,Ward 103,2026-09-07,33.61,80.21,32.08,44.57,54.0,41.2,2.31,47.3,25428,Caution,Yellow,10476.0,1.14,0.07,2026-09-04T18:06:16
86,Ward 86,2026-09-07,33.63,80.81,32.07,44.23,53.9,41.1,1.93,47.1,19195,Caution,Yellow,7889.0,1.14,0.05,2026-09-04T18:06:16
92,Ward 92,2026-09-07,33.84,79.92,32.13,44.2,54.5,41.0,2.14,44.8,36450,Caution,Yellow,14944.0,1.14,0.1,2026-09-04T18:06:16
114,Ward 114,2026-09-07,33.14,82.09,32.06,44.23,53.7,41.0,1.94,47.4,41913,Caution,Yellow,17184.0,1.14,0.11,2026-09-04T18:06:16
2,Ward 2,2026-09-07,34.21,78.8,32.07,44.19,53.9,40.9,2.31,46.3,48190,Caution,Yellow,19710.0,1.14,0.13,2026-09-04T18:06:16
121,Ward 121,2026-09-07,33.12,82.18,32.05,44.21,53.6,40.9,1.92,47.5,29921,Caution,Yellow,12238.0,1.14,0.08,2026-09-04T18:06:16
57,Ward 57,2026-09-07,33.42,81.86,31.92,43.57,52.3,40.7,1.72,50.6,49856,Caution,Yellow,20291.0,1.13,0.13,2026-09-04T18:06:16
101,Ward 101,2026-09-07,33.5,80.73,32.03,44.4,53.4,40.7,2.2,47.2,40208,Caution,Yellow,16365.0,1.13,0.11,2026-09-04T18:06:16
106,Ward 106,2026-09-07,33.7,80.58,32.06,43.99,53.7,40.7,2.0,46.1,40618,Caution,Yellow,16532.0,1.14,0.11,2026-09-04T18:06:16
107,Ward 107,2026-09-07,33.6,81.03,32.01,43.86,53.2,40.7,1.9,47.8,54260,Caution,Yellow,22084.0,1.13,0.14,2026-09-04T18:06:16
124,Ward 124,2026-09-07,33.03,82.63,32.01,44.09,53.2,40.7,1.83,47.9,39179,Caution,Yellow,15946.0,1.13,0.1,2026-09-04T18:06:16
128,Ward 128,2026-09-07,33.12,82.18,32.05,44.21,53.6,40.6,1.92,46.1,32179,Caution,Yellow,13065.0,1.14,0.09,2026-09-04T18:06:16
125,Ward 125,2026-09-07,33.01,82.72,32.01,44.07,53.2,40.4,1.81,46.6,44850,Caution,Yellow,18119.0,1.13,0.12,2026-09-04T18:06:16
102,Ward 102,2026-09-07,33.4,81.19,31.98,44.26,52.9,39.9,2.1,45.5,21503,Caution,Yellow,8580.0,1.13,0.06,2026-09-04T18:06:16
79,Ward 79,2026-09-07,33.15,83.08,31.84,43.56,51.4,39.6,1.45,49.2,44303,Caution,Yellow,17544.0,1.13,0.11,2026-09-04T18:06:16
100,Ward 100,2026-09-07,33.25,81.89,31.91,44.05,52.2,39.0,1.95,43.6,25507,Caution,Yellow,9948.0,1.13,0.07,2026-09-04T18:06:16
111,Ward 111,2026-09-07,33.12,82.51,31.84,43.85,51.4,38.8,1.82,45.5,38647,Caution,Yellow,14995.0,1.13,0.1,2026-09-04T18:06:16
127,Ward 127,2026-09-07,32.77,83.87,31.88,43.68,51.8,38.7,1.57,44.0,43782,Caution,Yellow,16944.0,1.13,0.11,2026-09-04T18:06:16
33,Ward 33,2026-09-07,33.39,82.02,31.9,43.52,52.1,38.6,1.69,42.5,45919,Caution,Yellow,17725.0,1.13,0.12,2026-09-04T18:06:16
122,Ward 122,2026-09-07,32.75,83.97,31.87,43.65,51.7,38.6,1.55,43.9,39198,Caution,Yellow,15130.0,1.13,0.1,2026-09-04T18:06:16
110,Ward 110,2026-09-07,33.03,82.95,31.79,43.7,50.9,38.2,1.73,44.7,27470,Caution,Yellow,10494.0,1.13,0.07,2026-09-04T18:06:16
46,Ward 46,2026-09-07,32.73,85.12,31.63,42.91,49.2,37.8,1.03,48.6,12823,Caution,Yellow,4847.0,1.12,0.03,2026-09-04T18:06:16
58,Ward 58,2026-09-07,32.65,85.6,31.54,42.45,48.3,37.8,0.95,51.8,88465,Caution,Yellow,33440.0,1.12,0.21,2026-09-04T18:06:16
74,Ward 74,2026-09-07,32.91,84.23,31.72,43.18,50.2,37.8,1.21,45.1,42176,Caution,Yellow,15943.0,1.12,0.1,2026-09-04T18:06:16
126,Ward 126,2026-09-07,32.62,84.6,31.81,43.44,51.1,37.6,1.42,41.4,31631,Caution,Yellow,11893.0,1.13,0.08,2026-09-04T18:06:16
5,Ward 5,2026-09-07,33.6,81.6,31.77,43.33,50.7,37.5,1.7,42.1,23707,Caution,Yellow,8890.0,1.13,0.06,2026-09-04T18:06:16
97,Ward 97,2026-09-07,32.55,84.95,31.78,43.34,50.8,36.5,1.35,37.4,37199,Caution,Yellow,13578.0,1.13,0.09,2026-09-04T18:06:16
109,Ward 109,2026-09-07,32.44,85.8,31.51,42.81,48.0,36.4,1.14,46.2,64567,Caution,Yellow,23502.0,1.12,0.15,2026-09-04T18:06:16
87,Ward 87,2026-09-07,32.75,85.02,31.64,42.93,49.3,35.6,1.05,38.2,12675,Caution,Yellow,4512.0,1.12,0.03,2026-09-04T18:06:16
80,Ward 80,2026-09-07,31.74,90.16,31.15,41.39,44.3,34.6,0.04,51.2,31094,Caution,Yellow,10759.0,1.11,0.07,2026-09-04T18:06:16
108,Ward 108,2026-09-07,32.06,88.58,31.25,41.57,45.3,33.9,0.36,44.3,64777,Caution,Yellow,21959.0,1.11,0.14,2026-09-04T18:06:16
90,Ward 90,2026-09-07,32.15,88.03,31.35,42.04,46.3,33.0,0.45,36.3,18857,Caution,Yellow,6223.0,1.12,0.04,2026-09-04T18:06:16
94,Ward 94,2026-09-07,31.77,88.87,31.4,42.1,46.8,33.0,0.57,34.3,27469,Caution,Yellow,9065.0,1.12,0.06,2026-09-04T18:06:16
45,Ward 45,2026-09-07,31.6,89.96,30.97,40.99,42.5,32.8,0.0,49.3,8394,Caution,Yellow,2753.0,1.1,0.02,2026-09-04T18:06:16
63,Ward 63,2026-09-07,31.78,89.95,31.17,41.45,44.5,32.7,0.08,41.1,24387,Caution,Yellow,7975.0,1.11,0.05,2026-09-04T18:06:16
24,Ward 24,2026-09-08,35.07,71.95,33.53,45.9,70.0,63.9,3.47,80.5,19824,Danger,Orange,12668.0,1.18,0.07,2026-09-04T18:06:16
23,Ward 23,2026-09-08,35.1,71.83,33.54,45.94,70.2,62.9,3.5,77.0,18256,Danger,Orange,11483.0,1.18,0.06,2026-09-04T18:06:16
39,Ward 39,2026-09-08,34.84,72.9,33.42,45.59,68.8,61.9,3.24,77.7,21296,Danger,Orange,13182.0,1.17,0.07,2026-09-04T18:06:16
18,Ward 18,2026-09-08,35.03,72.11,33.51,45.88,69.8,60.7,3.43,71.1,22267,Danger,Orange,13516.0,1.18,0.08,2026-09-04T18:06:16
42,Ward 42,2026-09-08,34.66,73.64,33.33,45.33,67.8,60.1,3.06,74.9,21746,Danger,Orange,13069.0,1.17,0.07,2026-09-04T18:06:16
48,Ward 48,2026-09-08,34.92,72.56,33.45,45.69,69.1,60.0,3.32,70.7,20437,Danger,Orange,12262.0,1.18,0.07,2026-09-04T18:06:16
43,Ward 43,2026-09-08,34.77,73.18,33.39,45.52,68.4,59.8,3.17,71.9,17677,Danger,Orange,10571.0,1.17,0.06,2026-09-04T18:06:16
49,Ward 49,2026-09-08,35.02,73.19,33.05,46.24,64.6,59.6,3.22,82.7,19416,Danger,Orange,11572.0,1.16,0.06,2026-09-04T18:06:16
29,Ward 29,2026-09-08,35.09,72.9,33.09,46.36,65.0,58.7,3.29,78.3,53782,Danger,Orange,31570.0,1.16,0.17,2026-09-04T18:06:16
41,Ward 41,2026-09-08,34.66,73.64,33.33,45.33,67.8,58.2,3.06,68.6,19946,Danger,Orange,11609.0,1.17,0.07,2026-09-04T18:06:16
19,Ward 19,2026-09-08,34.91,72.6,33.45,45.71,69.1,58.0,3.31,64.3,21158,Danger,Orange,12272.0,1.18,0.07,2026-09-04T18:06:16
26,Ward 26,2026-09-08,34.68,73.56,33.34,45.39,67.9,57.5,3.08,65.9,25371,Danger,Orange,14588.0,1.17,0.09,2026-09-04T18:06:16
28,Ward 28,2026-09-08,35.12,72.78,33.1,46.4,65.2,57.2,3.32,72.7,38110,Danger,Orange,21799.0,1.16,0.12,2026-09-04T18:06:16
25,Ward 25,2026-09-08,34.73,73.35,33.36,45.45,68.1,57.0,3.13,63.8,27484,Danger,Orange,15666.0,1.17,0.09,2026-09-04T18:06:16
21,Ward 21,2026-09-08,34.56,74.07,33.28,45.21,67.2,56.9,2.96,65.8,21187,Danger,Orange,12055.0,1.17,0.07,2026-09-04T18:06:16
44,Ward 44,2026-09-08,34.47,74.43,33.24,45.08,66.7,56.3,2.87,65.2,29600,Danger,Orange,16665.0,1.17,0.1,2026-09-04T18:06:16
20,Ward 20,2026-09-08,34.66,73.64,33.33,45.33,67.8,56.1,3.06,61.7,21576,Danger,Orange,12104.0,1.17,0.07,2026-09-04T18:06:16
37,Ward 37,2026-09-08,34.96,73.43,33.02,46.2,64.3,55.7,3.16,70.2,24020,Danger,Orange,13379.0,1.16,0.08,2026-09-04T18:06:16
9,Ward 9,2026-09-08,34.42,74.64,33.22,45.02,66.5,52.5,2.82,53.2,16420,Danger,Orange,8620.0,1.17,0.05,2026-09-04T18:06:16
16,Ward 16,2026-09-08,34.86,73.86,32.97,46.03,63.7,52.4,3.06,60.7,20904,Danger,Orange,10954.0,1.16,0.07,2026-09-04T18:06:16
22,Ward 22,2026-09-08,34.11,75.98,33.07,44.58,64.8,52.2,2.51,56.7,15730,Danger,Orange,8211.0,1.16,0.05,2026-09-04T18:06:16
11,Ward 11,2026-09-08,34.86,73.86,32.97,46.03,63.7,51.9,3.06,59.0,22152,Danger,Orange,11497.0,1.16,0.07,2026-09-04T18:06:16
47,Ward 47,2026-09-08,34.14,75.86,33.08,44.62,64.9,51.7,2.54,54.7,14684,Danger,Orange,7592.0,1.16,0.05,2026-09-04T18:06:16
38,Ward 38,2026-09-08,34.72,74.44,32.91,45.84,63.0,51.6,2.92,59.7,28791,Danger,Orange,14856.0,1.16,0.09,2026-09-04T18:06:16
10,Ward 10,2026-09-08,34.77,74.23,32.93,45.9,63.2,50.9,2.97,56.8,27700,Danger,Orange,14099.0,1.16,0.09,2026-09-04T18:06:16
40,Ward 40,2026-09-08,34.63,74.83,32.86,45.7,62.5,50.7,2.83,58.1,20549,Danger,Orange,10418.0,1.16,0.06,2026-09-04T18:06:16
77,Ward 77,2026-09-08,34.6,72.45,32.4,44.38,57.4,50.2,3.4,72.2,45984,Danger,Orange,23084.0,1.14,0.13,2026-09-04T18:06:16
36,Ward 36,2026-09-08,33.9,78.03,32.5,44.67,58.5,49.8,2.1,66.9,27238,Caution,Yellow,13565.0,1.15,0.08,2026-09-04T18:06:16
30,Ward 30,2026-09-08,34.6,74.96,32.84,45.65,62.2,49.6,2.8,55.1,30050,Caution,Yellow,14905.0,1.16,0.09,2026-09-04T18:06:16
14,Ward 14,2026-09-08,34.51,75.35,32.8,45.56,61.8,49.1,2.71,54.2,53343,Caution,Yellow,26191.0,1.16,0.16,2026-09-04T18:06:16
62,Ward 62,2026-09-08,34.5,72.86,32.36,44.27,57.0,48.9,3.3,68.4,34832,Caution,Yellow,17033.0,1.14,0.1,2026-09-04T18:06:16
17,Ward 17,2026-09-08,34.64,74.79,32.87,45.73,62.6,48.8,2.84,51.0,21023,Caution,Yellow,10259.0,1.16,0.07,2026-09-04T18:06:16
3,Ward 3,2026-09-08,34.38,75.91,32.74,45.35,61.1,48.6,2.58,54.4,53855,Caution,Yellow,26174.0,1.15,0.16,2026-09-04T18:06:16
13,Ward 13,2026-09-08,34.32,76.17,32.71,45.25,60.8,48.6,2.52,55.4,33066,Caution,Yellow,16070.0,1.15,0.1,2026-09-04T18:06:16
27,Ward 27,2026-09-08,34.43,75.68,32.76,45.41,61.4,48.6,2.63,53.7,19350,Caution,Yellow,9404.0,1.16,0.06,2026-09-04T18:06:16
8,Ward 8,2026-09-08,34.58,75.04,32.84,45.64,62.2,48.5,2.78,50.9,18760,Caution,Yellow,9099.0,1.16,0.06,2026-09-04T18:06:16
1,Ward 1,2026-09-08,34.33,76.12,32.72,45.28,60.9,48.2,2.53,53.6,53125,Caution,Yellow,25606.0,1.15,0.16,2026-09-04T18:06:16
7,Ward 7,2026-09-08,34.41,75.78,32.75,45.39,61.2,48.1,2.61,52.6,19180,Caution,Yellow,9226.0,1.16,0.06,2026-09-04T18:06:16
15,Ward 15,2026-09-08,34.41,75.78,32.75,45.39,61.2,48.1,2.61,52.4,23922,Caution,Yellow,11506.0,1.16,0.07,2026-09-04T18:06:16
78,Ward 78,2026-09-08,34.38,73.37,32.3,44.1,56.3,47.9,3.18,66.7,54090,Caution,Yellow,25909.0,1.14,0.15,2026-09-04T18:06:16
35,Ward 35,2026-09-08,34.44,75.66,32.77,45.44,61.5,47.6,2.64,49.9,35024,Caution,Yellow,16671.0,1.16,0.11,2026-09-04T18:06:16
4,Ward 4,2026-09-08,34.31,76.21,32.7,45.27,60.7,47.5,2.51,51.5,34476,Caution,Yellow,16376.0,1.15,0.1,2026-09-04T18:06:16
54,Ward 54,2026-09-08,34.29,73.48,32.09,43.79,54.1,47.4,3.39,72.5,36235,Caution,Yellow,17175.0,1.14,0.1,2026-09-04T18:06:16
138,Ward 138,2026-09-08,33.2,81.4,32.34,44.16,56.8,46.8,1.8,60.7,28858,Caution,Yellow,13506.0,1.14,0.08,2026-09-04T18:06:16
135,Ward 135,2026-09-08,33.88,75.48,32.04,43.38,53.5,46.7,2.68,71.9,33258,Caution,Yellow,15531.0,1.13,0.09,2026-09-04T18:06:16
52,Ward 52,2026-09-08,34.27,73.83,32.24,43.96,55.7,46.3,3.07,62.4,16869,Caution,Yellow,7810.0,1.14,0.05,2026-09-04T18:06:16
12,Ward 12,2026-09-08,34.01,77.54,32.55,44.84,59.0,46.0,2.21,51.1,21493,Caution,Yellow,9887.0,1.15,0.06,2026-09-04T18:06:16
32,Ward 32,2026-09-08,33.8,78.46,32.45,44.54,58.0,46.0,2.0,54.1,45636,Caution,Yellow,20993.0,1.15,0.13,2026-09-04T18:06:16
6,Ward 6,2026-09-08,33.83,78.34,32.47,44.54,58.2,45.9,2.03,52.9,42346,Caution,Yellow,19437.0,1.15,0.12,2026-09-04T18:06:16
31,Ward 31,2026-09-08,34.0,77.58,32.55,44.8,59.0,45.8,2.2,50.1,39025,Caution,Yellow,17873.0,1.15,0.11,2026-09-04T18:06:16
134,Ward 134,2026-09-08,33.65,76.48,31.93,43.05,52.4,45.8,2.45,72.2,35780,Caution,Yellow,16387.0,1.13,0.09,2026-09-04T18:06:16
53,Ward 53,2026-09-08,34.29,73.74,32.25,43.97,55.8,45.7,3.09,59.7,25598,Caution,Yellow,11698.0,1.14,0.07,2026-09-04T18:06:16
2,Ward 2,2026-09-08,34.11,77.1,32.61,44.97,59.7,45.3,2.31,46.3,48190,Caution,Yellow,21830.0,1.15,0.14,2026-09-04T18:06:16
139,Ward 139,2026-09-08,32.8,83.31,32.15,43.56,54.7,44.5,1.4,58.5,42014,Caution,Yellow,18696.0,1.14,0.11,2026-09-04T18:06:16
61,Ward 61,2026-09-08,33.91,75.36,32.06,43.43,53.7,44.4,2.71,61.6,29704,Caution,Yellow,13189.0,1.14,0.08,2026-09-04T18:06:16
75,Ward 75,2026-09-08,33.91,75.36,32.06,43.43,53.7,44.3,2.71,61.0,26925,Caution,Yellow,11928.0,1.14,0.07,2026-09-04T18:06:16
88,Ward 88,2026-09-08,34.0,74.98,32.1,43.56,54.2,44.0,2.8,58.0,23672,Caution,Yellow,10416.0,1.14,0.06,2026-09-04T18:06:16
83,Ward 83,2026-09-08,33.98,75.05,32.1,43.55,54.2,43.9,2.78,57.9,22163,Caution,Yellow,9730.0,1.14,0.06,2026-09-04T18:06:16
60,Ward 60,2026-09-08,33.84,75.4,31.87,43.18,51.7,43.5,2.94,64.6,35732,Caution,Yellow,15543.0,1.13,0.09,2026-09-04T18:06:16
84,Ward 84,2026-09-08,33.82,75.74,32.01,43.29,53.2,43.3,2.62,58.6,19230,Caution,Yellow,8327.0,1.13,0.05,2026-09-04T18:06:16
76,Ward 76,2026-09-08,33.95,75.18,32.08,43.5,54.0,43.2,2.75,55.5,21946,Caution,Yellow,9481.0,1.14,0.06,2026-09-04T18:06:16
65,Ward 65,2026-09-08,33.8,75.57,31.84,43.1,51.4,43.1,2.9,64.2,72427,Caution,Yellow,31216.0,1.13,0.18,2026-09-04T18:06:16
66,Ward 66,2026-09-08,33.75,75.79,31.82,43.04,51.2,43.0,2.85,64.3,98024,Caution,Yellow,42150.0,1.13,0.25,2026-09-04T18:06:16
141,Ward 141,2026-09-08,32.58,84.38,32.05,43.22,53.6,43.0,1.18,55.9,41152,Caution,Yellow,17695.0,1.14,0.11,2026-09-04T18:06:16
73,Ward 73,2026-09-08,33.87,75.53,32.05,43.4,53.6,42.9,2.67,55.8,23512,Caution,Yellow,10087.0,1.14,0.06,2026-09-04T18:06:16
82,Ward 82,2026-09-08,33.84,75.66,32.03,43.35,53.4,42.8,2.64,55.7,38838,Caution,Yellow,16623.0,1.13,0.1,2026-09-04T18:06:16
85,Ward 85,2026-09-08,33.81,75.79,32.01,43.31,53.2,42.7,2.61,56.0,29566,Caution,Yellow,12625.0,1.13,0.08,2026-09-04T18:06:16
140,Ward 140,2026-09-08,32.47,84.91,31.99,43.03,53.0,42.7,1.07,56.8,30504,Caution,Yellow,13025.0,1.13,0.08,2026-09-04T18:06:16
56,Ward 56,2026-09-08,33.85,75.36,31.87,43.16,51.7,42.2,2.95,59.2,43622,Caution,Yellow,18408.0,1.13,0.11,2026-09-04T18:06:16
50,Ward 50,2026-09-08,33.83,75.7,32.02,43.32,53.3,42.0,2.63,53.0,17251,Caution,Yellow,7245.0,1.13,0.05,2026-09-04T18:06:16
81,Ward 81,2026-09-08,33.64,76.53,31.93,43.06,52.4,41.8,2.44,55.1,41501,Caution,Yellow,17347.0,1.13,0.11,2026-09-04T18:06:16
5,Ward 5,2026-09-08,33.5,79.82,32.3,44.08,56.3,41.6,1.7,42.1,23707,Caution,Yellow,9862.0,1.14,0.07,2026-09-04T18:06:16
133,Ward 133,2026-09-08,33.57,76.83,31.89,42.94,51.9,41.4,2.37,55.1,25588,Caution,Yellow,10593.0,1.13,0.07,2026-09-04T18:06:16
132,Ward 132,2026-09-08,33.58,76.79,31.9,42.97,52.1,41.3,2.38,53.9,26274,Caution,Yellow,10851.0,1.13,0.07,2026-09-04T18:06:16
51,Ward 51,2026-09-08,33.76,76.01,31.98,43.2,52.9,41.0,2.56,50.0,13556,Caution,Yellow,5558.0,1.13,0.04,2026-09-04T18:06:16
72,Ward 72,2026-09-08,33.6,76.7,31.9,42.99,52.1,41.0,2.4,52.6,19167,Caution,Yellow,7858.0,1.13,0.05,2026-09-04T18:06:16
117,Ward 117,2026-09-08,33.54,76.96,31.87,42.89,51.7,40.8,2.34,53.1,21824,Caution,Yellow,8904.0,1.13,0.06,2026-09-04T18:06:16
89,Ward 89,2026-09-08,33.63,76.58,31.92,43.03,52.3,40.5,2.43,50.0,22304,Caution,Yellow,9033.0,1.13,0.06,2026-09-04T18:06:16
118,Ward 118,2026-09-08,33.5,77.14,31.86,42.86,51.6,40.5,2.3,52.3,21810,Caution,Yellow,8833.0,1.13,0.06,2026-09-04T18:06:16
120,Ward 120,2026-09-08,33.57,76.83,31.89,42.94,51.9,40.2,2.37,49.9,19710,Caution,Yellow,7923.0,1.13,0.05,2026-09-04T18:06:16
96,Ward 96,2026-09-08,33.23,78.7,31.93,42.65,52.4,40.0,2.33,47.3,31033,Caution,Yellow,12413.0,1.13,0.08,2026-09-04T18:06:16
59,Ward 59,2026-09-08,33.36,77.5,31.63,42.49,49.2,39.9,2.46,57.8,70261,Caution,Yellow,28034.0,1.12,0.17,2026-09-04T18:06:16
45,Ward 45,2026-09-08,31.6,87.82,31.86,40.84,51.6,39.8,0.0,49.3,8394,Caution,Yellow,3341.0,1.13,0.02,2026-09-04T18:06:16
95,Ward 95,2026-09-08,33.19,78.88,31.9,42.57,52.1,39.8,2.29,47.6,26737,Caution,Yellow,10641.0,1.13,0.07,2026-09-04T18:06:16
98,Ward 98,2026-09-08,33.23,78.7,31.93,42.65,52.4,39.7,2.33,46.3,31708,Caution,Yellow,12588.0,1.13,0.08,2026-09-04T18:06:16
71,Ward 71,2026-09-08,33.48,77.22,31.85,42.84,51.5,39.5,2.28,48.2,29922,Caution,Yellow,11819.0,1.13,0.08,2026-09-04T18:06:16
116,Ward 116,2026-09-08,32.99,79.8,31.81,42.3,51.1,39.5,2.09,49.7,28338,Caution,Yellow,11194.0,1.13,0.07,2026-09-04T18:06:16
130,Ward 130,2026-09-08,33.4,77.59,31.8,42.69,51.0,39.5,2.2,49.8,23227,Caution,Yellow,9175.0,1.13,0.06,2026-09-04T18:06:16
99,Ward 99,2026-09-08,33.21,79.56,31.79,42.76,50.9,39.1,2.41,48.4,26739,Caution,Yellow,10455.0,1.13,0.07,2026-09-04T18:06:16
131,Ward 131,2026-09-08,33.35,77.8,31.78,42.63,50.8,39.1,2.15,48.9,30911,Caution,Yellow,12086.0,1.13,0.08,2026-09-04T18:06:16
91,Ward 91,2026-09-08,33.43,77.19,31.67,42.61,49.6,39.0,2.53,52.5,38450,Caution,Yellow,14996.0,1.12,0.09,2026-09-04T18:06:16
69,Ward 69,2026-09-08,33.18,78.56,31.7,42.41,50.0,38.9,1.98,50.6,44111,Caution,Yellow,17159.0,1.12,0.11,2026-09-04T18:06:16
112,Ward 112,2026-09-08,32.94,80.02,31.78,42.19,50.8,38.8,2.04,47.5,32404,Caution,Yellow,12573.0,1.13,0.08,2026-09-04T18:06:16
113,Ward 113,2026-09-08,32.91,80.16,31.77,42.18,50.7,38.8,2.01,47.7,33475,Caution,Yellow,12988.0,1.13,0.08,2026-09-04T18:06:16
136,Ward 136,2026-09-08,33.17,78.62,31.69,42.38,49.8,38.8,1.97,51.0,21482,Caution,Yellow,8335.0,1.12,0.05,2026-09-04T18:06:16
93,Ward 93,2026-09-08,33.32,77.94,31.76,42.58,50.6,38.7,2.12,47.7,44364,Caution,Yellow,17169.0,1.13,0.11,2026-09-04T18:06:16
115,Ward 115,2026-09-08,33.0,79.73,31.81,42.29,51.1,38.7,2.1,46.0,31919,Caution,Yellow,12353.0,1.13,0.08,2026-09-04T18:06:16
119,Ward 119,2026-09-08,33.36,77.77,31.79,42.66,50.9,38.7,2.16,46.9,16491,Caution,Yellow,6382.0,1.13,0.04,2026-09-04T18:06:16
67,Ward 67,2026-09-08,33.31,77.72,31.6,42.42,48.9,38.6,2.41,53.4,56284,Caution,Yellow,21726.0,1.12,0.14,2026-09-04T18:06:16
123,Ward 123,2026-09-08,32.9,80.2,31.76,42.15,50.6,38.6,2.0,47.5,35386,Caution,Yellow,13659.0,1.13,0.09,2026-09-04T18:06:16
137,Ward 137,2026-09-08,32.81,80.25,31.51,41.85,48.0,38.6,1.61,56.7,19385,Caution,Yellow,7483.0,1.12,0.05,2026-09-04T18:06:16
103,Ward 103,2026-09-08,33.11,80.02,31.74,42.62,50.4,38.4,2.31,47.3,25428,Caution,Yellow,9764.0,1.13,0.06,2026-09-04T18:06:16
114,Ward 114,2026-09-08,32.84,80.47,31.73,42.06,50.3,38.4,1.94,47.4,41913,Caution,Yellow,16095.0,1.13,0.1,2026-09-04T18:06:16
121,Ward 121,2026-09-08,32.82,80.57,31.72,42.04,50.2,38.3,1.92,47.5,29921,Caution,Yellow,11460.0,1.12,0.07,2026-09-04T18:06:16
129,Ward 129,2026-09-08,33.18,78.56,31.7,42.41,50.0,38.3,1.98,47.9,39654,Caution,Yellow,15187.0,1.12,0.1,2026-09-04T18:06:16
34,Ward 34,2026-09-08,33.46,77.05,31.67,42.61,49.6,38.2,2.56,49.0,29773,Caution,Yellow,11373.0,1.12,0.07,2026-09-04T18:06:16
55,Ward 55,2026-09-08,33.22,78.11,31.56,42.28,48.5,38.2,2.32,52.9,32254,Caution,Yellow,12321.0,1.12,0.08,2026-09-04T18:06:16
64,Ward 64,2026-09-08,33.15,78.45,31.53,42.2,48.2,38.2,2.25,54.1,31280,Caution,Yellow,11949.0,1.12,0.07,2026-09-04T18:06:16
70,Ward 70,2026-09-08,33.26,78.2,31.74,42.53,50.4,38.2,2.06,46.0,18618,Caution,Yellow,7112.0,1.13,0.05,2026-09-04T18:06:16
101,Ward 101,2026-09-08,33.0,80.53,31.69,42.46,49.8,38.0,2.2,47.2,40208,Caution,Yellow,15279.0,1.12,0.1,2026-09-04T18:06:16
124,Ward 124,2026-09-08,32.73,80.99,31.67,41.89,49.6,38.0,1.83,47.9,39179,Caution,Yellow,14888.0,1.12,0.1,2026-09-04T18:06:16
128,Ward 128,2026-09-08,32.82,80.57,31.72,42.04,50.2,38.0,1.92,46.1,32179,Caution,Yellow,12228.0,1.12,0.08,2026-09-04T18:06:16
86,Ward 86,2026-09-08,33.13,78.8,31.67,42.31,49.6,37.8,1.93,47.1,19195,Caution,Yellow,7256.0,1.12,0.05,2026-09-04T18:06:16
125,Ward 125,2026-09-08,32.71,81.09,31.67,41.87,49.6,37.7,1.81,46.6,44850,Caution,Yellow,16908.0,1.12,0.11,2026-09-04T18:06:16
102,Ward 102,2026-09-08,32.9,81.0,31.64,42.32,49.3,37.2,2.1,45.5,21503,Caution,Yellow,7999.0,1.12,0.05,2026-09-04T18:06:16
105,Ward 105,2026-09-08,33.28,77.85,31.59,42.38,48.8,36.9,2.38,45.8,21267,Caution,Yellow,7848.0,1.12,0.05,2026-09-04T18:06:16
68,Ward 68,2026-09-08,33.03,78.98,31.46,42.01,47.5,36.7,2.13,49.4,20724,Caution,Yellow,7606.0,1.12,0.05,2026-09-04T18:06:16
79,Ward 79,2026-09-08,32.65,81.0,31.44,41.65,47.3,36.5,1.45,49.2,44303,Caution,Yellow,16171.0,1.12,0.1,2026-09-04T18:06:16
100,Ward 100,2026-09-08,32.75,81.68,31.57,42.11,48.6,36.3,1.95,43.6,25507,Caution,Yellow,9259.0,1.12,0.06,2026-09-04T18:06:16
104,Ward 104,2026-09-08,33.21,78.17,31.56,42.3,48.5,36.3,2.31,43.9,33185,Caution,Yellow,12046.0,1.12,0.08,2026-09-04T18:06:16
127,Ward 127,2026-09-08,32.47,82.22,31.56,41.54,48.5,36.3,1.57,44.0,43782,Caution,Yellow,15893.0,1.12,0.1,2026-09-04T18:06:16
111,Ward 111,2026-09-08,32.62,82.31,31.51,41.92,48.0,36.2,1.82,45.5,38647,Caution,Yellow,13990.0,1.12,0.09,2026-09-04T18:06:16
122,Ward 122,2026-09-08,32.45,82.31,31.54,41.48,48.3,36.1,1.55,43.9,39198,Caution,Yellow,14150.0,1.12,0.09,2026-09-04T18:06:16
92,Ward 92,2026-09-08,33.04,78.94,31.47,42.04,47.6,35.8,2.14,44.8,36450,Caution,Yellow,13049.0,1.12,0.09,2026-09-04T18:06:16
110,Ward 110,2026-09-08,32.53,82.74,31.46,41.76,47.5,35.7,1.73,44.7,27470,Caution,Yellow,9807.0,1.12,0.06,2026-09-04T18:06:16
106,Ward 106,2026-09-08,32.9,79.58,31.4,41.83,46.8,35.4,2.0,46.1,40618,Caution,Yellow,14379.0,1.12,0.09,2026-09-04T18:06:16
107,Ward 107,2026-09-08,32.8,80.04,31.35,41.7,46.3,35.4,1.9,47.8,54260,Caution,Yellow,19208.0,1.12,0.12,2026-09-04T18:06:16
57,Ward 57,2026-09-08,32.62,80.88,31.26,41.44,45.4,35.3,1.72,50.6,49856,Caution,Yellow,17599.0,1.11,0.11,2026-09-04T18:06:16
126,Ward 126,2026-09-08,32.32,82.91,31.47,41.28,47.6,35.0,1.42,41.4,31631,Caution,Yellow,11071.0,1.12,0.07,2026-09-04T18:06:16
46,Ward 46,2026-09-08,32.23,82.98,31.23,41.02,45.1,34.7,1.03,48.6,12823,Caution,Yellow,4450.0,1.11,0.03,2026-09-04T18:06:16
74,Ward 74,2026-09-08,32.41,82.13,31.32,41.28,46.0,34.6,1.21,45.1,42176,Caution,Yellow,14593.0,1.11,0.09,2026-09-04T18:06:16
97,Ward 97,2026-09-08,32.25,83.27,31.44,41.19,47.3,34.0,1.35,37.4,37199,Caution,Yellow,12648.0,1.12,0.09,2026-09-04T18:06:16
109,Ward 109,2026-09-08,31.94,85.62,31.17,40.89,44.5,33.7,1.14,46.2,64567,Caution,Yellow,21759.0,1.11,0.14,2026-09-04T18:06:16
33,Ward 33,2026-09-08,32.59,81.01,31.25,41.39,45.3,33.6,1.69,42.5,45919,Caution,Yellow,15429.0,1.11,0.1,2026-09-04T18:06:16
58,Ward 58,2026-09-08,31.85,84.55,30.88,40.29,41.6,32.6,0.95,51.8,88465,Caution,Yellow,28840.0,1.1,0.18,2026-09-04T18:06:16
87,Ward 87,2026-09-08,32.25,82.89,31.24,41.04,45.2,32.6,1.05,38.2,12675,Caution,Yellow,4132.0,1.11,0.03,2026-09-04T18:06:16
80,Ward 80,2026-09-08,31.24,87.89,30.74,39.49,40.2,31.4,0.04,51.2,31094,Caution,Yellow,9764.0,1.1,0.06,2026-09-04T18:06:16
94,Ward 94,2026-09-08,31.47,87.12,31.06,40.01,43.4,30.6,0.57,34.3,27469,Caution,Yellow,8406.0,1.11,0.06,2026-09-04T18:06:16
90,Ward 90,2026-09-08,31.65,85.82,30.94,40.13,42.2,30.1,0.45,36.3,18857,Caution,Yellow,5676.0,1.1,0.04,2026-09-04T18:06:16
63,Ward 63,2026-09-08,31.28,87.67,30.76,39.54,40.4,29.7,0.08,41.1,24387,Caution,Yellow,7243.0,1.1,0.05,2026-09-04T18:06:16
108,Ward 108,2026-09-08,31.26,87.5,30.59,39.38,38.8,29.1,0.36,44.3,64777,Caution,Yellow,18850.0,1.09,0.12,2026-09-04T18:06:16
