ward_id,date,wbgt_peak_c,hi_peak_c,tmax_adj_c,uhi_delta_c,vulnerability,excess_deaths
3,2026-05-01,31.31,44.52,33.77,1.82,83.89,0.141
3,2026-05-02,31.36,45.46,33.58,2.06,84.74,0.227
3,2026-05-03,31.4,43.41,33.99,3.25,83.09,0.17
3,2026-05-04,29.6,43.09,32.36,2.41,83.16,0.22
3,2026-05-05,31.45,44.08,31.75,2.14,84.26,0.208
3,2026-05-06,29.93,43.82,33.14,1.89,85.25,0.151
3,2026-05-07,31.28,45.05,33.49,2.52,84.4,0.205
3,2026-05-08,30.21,44.32,35.24,1.23,85.07,0.209
3,2026-05-09,30.73,46.05,34.71,1.54,84.37,0.245
3,2026-05-10,31.14,44.86,33.96,3.22,85.59,0.158
3,2026-05-11,31.49,43.83,34.13,1.55,83.78,0.187
3,2026-05-12,32.12,45.28,32.83,1.9,84.88,0.1
3,2026-05-13,30.89,44.16,35.15,3.24,84.01,0.176
3,2026-05-14,31.08,45.62,33.63,2.35,84.62,0.192
3,2026-05-15,31.13,43.25,34.01,2.22,85.35,0.251
3,2026-05-16,31.29,44.85,33.71,3.57,84.3,0.245
3,2026-05-17,30.15,44.56,32.5,0.79,84.03,0.146
3,2026-05-18,31.46,46.27,33.27,2.06,84.48,0.238
3,2026-05-19,31.15,44.06,34.65,3.09,83.37,0.195
3,2026-05-20,31.34,43.3,34.25,1.85,85.17,0.214
3,2026-05-21,31.39,43.72,33.91,0.82,83.28,0.227
3,2026-05-22,29.39,45.01,32.45,3.3,83.54,0.263
3,2026-05-23,31.43,42.87,35.14,3.92,84.24,0.182
3,2026-05-24,31.17,43.37,35.01,2.13,84.25,0.152
3,2026-05-25,30.75,43.1,35.15,2.48,85.17,0.201
3,2026-05-26,30.69,43.96,33.52,2.63,83.96,0.18
3,2026-05-27,30.07,43.52,35.51,2.02,83.35,0.225
3,2026-05-28,32.58,42.94,33.83,2.05,82.72,0.259
3,2026-05-01,31.29,44.31,33.34,3.03,83.81,0.19
3,2026-05-02,30.31,43.16,35.22,2.16,84.56,0.198
3,2026-05-03,30.91,43.79,34.59,2.35,84.16,0.202
3,2026-05-04,32.37,44.86,34.36,2.11,83.06,0.279
3,2026-05-05,32.18,44.12,34.51,3.32,85.05,0.276
3,2026-05-06,30.9,45.61,32.9,3.4,84.74,0.272
3,2026-05-07,33.0,45.59,32.99,1.1,85.04,0.14
3,2026-05-08,31.3,45.01,32.54,0.72,84.53,0.203
3,2026-05-09,31.09,44.28,33.25,1.26,84.15,0.142
3,2026-05-10,29.83,44.71,33.96,2.99,83.41,0.159
3,2026-05-11,30.41,43.45,34.2,1.92,84.62,0.225
3,2026-05-12,33.13,43.0,34.82,2.54,84.29,0.12
14,2026-05-01,30.77,44.78,33.83,2.77,80.64,0.554
14,2026-05-02,31.16,42.13,33.28,0.93,77.97,0.307
14,2026-05-03,32.38,44.15,32.84,1.85,81.92,0.391
14,2026-05-04,31.22,44.06,33.93,3.42,81.4,0.399
14,2026-05-05,30.24,44.57,33.28,3.68,79.76,0.353
14,2026-05-06,31.17,42.92,35.45,4.01,80.48,0.485
14,2026-05-07,31.52,41.76,34.13,2.64,80.97,0.254
14,2026-05-08,30.94,43.95,34.97,3.0,80.9,0.632
14,2026-05-09,30.68,43.76,32.26,4.11,81.77,0.51
14,2026-05-10,31.78,44.21,34.09,2.47,80.72,0.377
14,2026-05-11,32.54,44.61,33.85,2.18,80.33,0.648
14,2026-05-12,31.64,44.17,33.59,1.7,80.84,0.502
14,2026-05-13,30.83,43.91,33.7,2.8,79.47,0.341
14,2026-05-14,30.41,44.91,33.21,3.22,82.27,0.332
14,2026-05-15,30.64,44.28,33.9,1.81,81.31,0.749
14,2026-05-16,30.95,43.93,32.96,2.99,79.78,0.251
14,2026-05-17,32.33,43.3,34.87,4.07,81.13,0.449
14,2026-05-18,32.94,43.93,33.37,1.48,80.94,0.621
14,2026-05-19,32.04,43.26,33.13,2.25,81.16,0.344
14,2026-05-20,31.37,44.38,33.63,2.66,81.09,0.359
14,2026-05-21,31.63,45.79,34.43,2.75,79.38,0.424
14,2026-05-22,29.43,42.84,34.67,3.34,80.77,0.203
14,2026-05-23,30.85,43.5,34.47,4.73,81.1,0.282
14,2026-05-24,30.13,44.06,33.74,1.66,81.0,0.247
14,2026-05-25,32.18,45.07,34.88,2.27,81.36,0.353
14,2026-05-26,30.83,43.8,32.73,1.4,81.61,0.346
14,2026-05-27,31.37,45.01,32.34,1.99,81.06,0.424
14,2026-05-28,30.84,45.04,34.09,1.61,80.06,0.49
14,2026-05-01,31.6,42.4,35.11,3.24,82.11,0.324
14,2026-05-02,30.91,43.1,36.18,2.54,82.33,0.295
14,2026-05-03,31.33,42.61,33.56,3.59,79.77,0.538
14,2026-05-04,31.48,43.17,33.45,2.29,80.86,0.307
14,2026-05-05,30.44,43.84,32.98,1.54,80.86,0.504
14,2026-05-06,29.8,44.11,33.32,1.82,81.67,0.309
14,2026-05-07,32.53,43.41,34.25,2.5,80.22,0.454
14,2026-05-08,31.04,44.65,33.86,1.72,80.81,0.377
14,2026-05-09,32.04,43.29,33.86,1.15,81.49,0.253
14,2026-05-10,29.55,44.06,34.9,1.33,79.92,0.285
14,2026-05-11,30.16,44.45,33.17,2.05,81.42,0.284
14,2026-05-12,31.57,43.24,32.81,1.05,82.58,0.331
2,2026-05-01,31.45,43.94,33.95,2.45,66.42,0.146
2,2026-05-02,29.83,43.06,32.61,3.08,65.44,0.15
2,2026-05-03,29.98,43.65,35.06,0.0,65.17,0.144
2,2026-05-04,32.17,43.0,33.55,1.05,63.82,0.341
2,2026-05-05,31.97,43.61,33.03,0.71,64.35,0.208
2,2026-05-06,31.15,43.89,32.8,2.35,64.67,0.33
2,2026-05-07,32.91,43.85,33.12,2.35,64.15,0.162
2,2026-05-08,31.18,43.03,34.36,2.32,64.93,0.197
2,2026-05-09,30.58,43.12,33.6,1.92,64.91,0.21
2,2026-05-10,30.0,44.03,32.6,1.86,64.44,0.102
2,2026-05-11,31.31,44.11,33.67,2.03,64.36,0.149
2,2026-05-12,30.99,43.47,33.89,1.33,64.91,0.221
2,2026-05-13,31.1,43.57,34.31,0.91,65.11,0.229
2,2026-05-14,31.49,44.31,33.22,2.18,65.27,0.244
2,2026-05-15,31.42,42.61,34.29,3.46,65.61,0.228
2,2026-05-16,29.83,44.82,33.68,0.13,65.04,0.125
2,2026-05-17,30.06,43.4,34.96,2.08,64.94,0.387
2,2026-05-18,32.66,43.88,33.59,1.28,64.07,0.244
2,2026-05-19,31.59,44.07,34.71,1.71,64.65,0.271
2,2026-05-20,31.76,44.93,34.17,2.13,65.03,0.148
2,2026-05-21,29.75,44.49,33.76,2.69,63.17,0.185
2,2026-05-22,30.69,43.19,31.78,2.11,65.51,0.24
2,2026-05-23,30.69,43.96,34.49,0.0,64.59,0.254
2,2026-05-24,31.84,45.5,34.83,2.69,64.97,0.277
2,2026-05-25,30.74,43.93,34.63,4.17,64.56,0.206
2,2026-05-26,31.41,45.18,33.78,3.73,63.83,0.197
2,2026-05-27,31.05,44.68,34.75,1.05,63.88,0.236
2,2026-05-28,30.64,42.6,34.74,2.85,65.14,0.178
2,2026-05-01,32.16,43.75,34.8,1.59,63.93,0.226
2,2026-05-02,30.6,44.58,34.04,1.58,64.77,0.186
2,2026-05-03,32.05,43.4,33.41,3.5,66.71,0.423
2,2026-05-04,31.29,44.17,35.19,2.3,63.82,0.219
2,2026-05-05,31.64,43.22,32.33,1.12,65.3,0.161
2,2026-05-06,31.1,44.16,34.37,2.11,65.15,0.154
2,2026-05-07,30.9,43.05,34.83,2.39,64.03,0.186
2,2026-05-08,31.03,44.6,32.37,1.48,64.36,0.509
2,2026-05-09,32.09,43.87,34.45,4.26,64.49,0.185
2,2026-05-10,32.32,44.41,34.41,1.95,66.43,0.382
2,2026-05-11,31.74,44.59,31.99,2.98,64.53,0.244
2,2026-05-12,31.84,43.66,32.29,2.74,64.03,0.187
12,2026-05-01,30.61,43.43,31.58,3.36,67.03,0.472
12,2026-05-02,32.93,43.76,32.04,1.46,65.71,0.268
12,2026-05-03,31.22,41.94,33.97,0.9,67.07,0.308
12,2026-05-04,30.87,43.67,33.17,1.71,65.29,0.317
12,2026-05-05,32.81,45.52,34.85,2.9,66.19,0.53
12,2026-05-06,31.1,43.68,33.4,2.34,66.41,0.311
12,2026-05-07,30.17,43.4,35.71,2.2,66.59,0.386
12,2026-05-08,31.79,42.74,33.47,3.09,67.04,0.334
12,2026-05-09,32.55,43.13,33.73,1.79,68.14,0.162
12,2026-05-10,30.55,43.26,34.26,2.81,68.06,0.184
12,2026-05-11,31.83,43.48,33.06,2.75,65.97,0.155
12,2026-05-12,30.82,42.39,33.08,2.59,67.08,0.558
12,2026-05-13,30.97,42.36,32.98,1.43,65.7,0.373
12,2026-05-14,30.57,41.96,34.29,2.16,67.12,0.332
12,2026-05-15,31.72,43.77,34.77,2.64,67.15,0.369
12,2026-05-16,29.84,43.59,33.43,2.45,65.58,0.567
12,2026-05-17,31.24,42.65,32.12,2.01,66.72,0.249
12,2026-05-18,31.23,43.16,34.16,1.61,66.77,0.451
12,2026-05-19,33.46,42.83,33.24,1.5,67.51,0.214
12,2026-05-20,30.71,43.71,32.78,1.4,66.37,0.153
12,2026-05-21,29.85,43.37,33.79,2.09,65.2,0.272
12,2026-05-22,31.87,44.24,33.59,1.46,67.37,0.261
12,2026-05-23,30.1,43.02,34.96,2.46,67.84,0.271
12,2026-05-24,31.99,43.2,33.52,4.5,67.49,0.269
12,2026-05-25,31.07,44.03,34.75,1.82,65.23,0.29
12,2026-05-26,31.16,43.84,34.85,2.55,67.53,0.218
12,2026-05-27,31.93,45.63,34.36,2.49,66.94,0.598
12,2026-05-28,30.32,43.64,34.07,2.93,66.41,0.356
12,2026-05-01,30.9,43.85,33.54,1.23,66.78,0.435
12,2026-05-02,30.28,43.52,34.26,1.3,66.96,0.221
12,2026-05-03,32.17,45.82,35.48,2.06,67.47,0.334
12,2026-05-04,31.24,45.13,32.47,3.21,66.76,0.524
12,2026-05-05,31.32,43.13,33.91,2.92,66.83,0.38
12,2026-05-06,30.68,41.82,34.47,2.89,66.93,0.328
12,2026-05-07,32.08,43.33,33.02,2.09,67.87,0.197
12,2026-05-08,32.22,43.16,32.67,3.39,66.71,0.203
12,2026-05-09,30.83,44.58,34.73,1.88,67.17,0.411
12,2026-05-10,30.57,44.06,33.63,1.78,66.36,0.328
12,2026-05-11,31.18,43.23,33.28,3.26,66.99,0.436
12,2026-05-12,32.23,44.27,35.7,1.52,67.53,0.286
4,2026-05-01,32.73,45.1,31.76,1.25,61.3,0.119
4,2026-05-02,31.72,43.51,33.93,2.71,60.63,0.129
4,2026-05-03,29.03,44.14,32.59,2.98,60.49,0.066
4,2026-05-04,31.4,42.75,32.7,0.71,60.68,0.107
4,2026-05-05,31.98,43.44,34.46,2.14,60.62,0.11
4,2026-05-06,32.01,43.26,33.3,1.98,60.77,0.066
4,2026-05-07,31.99,43.21,33.94,1.38,61.02,0.103
4,2026-05-08,30.68,45.39,33.85,3.72,61.56,0.071
4,2026-05-09,30.72,43.96,33.58,2.16,60.44,0.048
4,2026-05-10,30.86,41.57,33.85,1.47,60.06,0.083
4,2026-05-11,31.31,42.28,31.95,1.16,58.86,0.064
4,2026-05-12,32.49,42.62,34.11,0.89,60.97,0.08
4,2026-05-13,31.01,44.08,35.1,2.3,60.81,0.064
4,2026-05-14,31.59,43.35,34.27,2.08,62.27,0.045
4,2026-05-15,30.79,44.36,33.2,1.41,60.46,0.056
4,2026-05-16,31.17,45.77,34.55,1.12,59.91,0.078
4,2026-05-17,31.96,42.83,32.9,2.92,61.48,0.079
4,2026-05-18,30.05,42.18,32.89,0.11,61.37,0.072
4,2026-05-19,31.49,45.25,34.58,1.08,61.48,0.135
4,2026-05-20,30.39,42.71,33.42,0.68,62.02,0.039
4,2026-05-21,30.06,43.33,33.32,2.27,60.94,0.084
4,2026-05-22,32.08,41.64,33.52,1.48,60.82,0.097
4,2026-05-23,30.24,42.99,34.23,2.43,60.09,0.184
4,2026-05-24,33.14,42.25,33.79,4.38,61.41,0.097
4,2026-05-25,30.87,43.08,33.33,1.62,61.37,0.078
4,2026-05-26,30.66,42.49,33.48,1.32,60.54,0.13
4,2026-05-27,31.39,44.02,33.84,2.17,60.59,0.081
4,2026-05-28,31.74,42.59,34.73,2.15,60.03,0.076
4,2026-05-01,30.45,43.71,32.87,3.15,60.0,0.041
4,2026-05-02,30.4,41.76,33.48,3.07,61.28,0.056
4,2026-05-03,30.37,45.17,33.81,2.12,61.65,0.212
4,2026-05-04,32.23,43.7,33.84,2.68,60.15,0.062
4,2026-05-05,31.11,42.72,33.46,2.21,62.81,0.067
4,2026-05-06,30.95,43.42,33.91,3.06,60.26,0.068
4,2026-05-07,29.58,42.74,34.0,2.16,59.79,0.079
4,2026-05-08,31.09,44.02,32.99,1.89,59.06,0.06
4,2026-05-09,32.52,41.6,33.22,2.32,60.36,0.068
4,2026-05-10,31.01,43.57,33.45,0.43,60.57,0.067
4,2026-05-11,30.57,43.77,34.1,2.93,60.25,0.124
4,2026-05-12,32.12,44.59,34.77,1.99,60.54,0.12
9,2026-05-01,29.61,43.13,32.72,1.77,63.13,0.227
9,2026-05-02,30.82,43.74,34.09,2.03,64.53,0.232
9,2026-05-03,31.2,42.72,33.75,3.68,64.67,0.184
9,2026-05-04,30.07,41.63,32.12,3.27,64.9,0.182
9,2026-05-05,31.43,44.07,32.88,1.49,64.4,0.342
9,2026-05-06,31.42,44.0,34.29,3.17,65.93,0.391
9,2026-05-07,29.46,42.82,33.48,1.76,65.52,0.273
9,2026-05-08,30.01,44.24,33.8,2.3,65.53,0.45
9,2026-05-09,31.15,40.73,32.59,1.69,63.81,0.332
9,2026-05-10,31.91,42.5,32.18,3.93,64.29,0.201
9,2026-05-11,31.05,43.32,32.57,2.81,64.26,0.224
9,2026-05-12,31.0,43.63,32.63,2.4,64.62,0.833
9,2026-05-13,30.2,44.19,33.15,1.99,65.35,0.424
9,2026-05-14,31.98,43.24,32.66,1.62,65.16,0.38
9,2026-05-15,32.1,43.32,34.15,3.47,64.85,0.184
9,2026-05-16,29.78,41.65,34.63,1.34,65.81,0.381
9,2026-05-17,32.38,43.84,33.11,1.92,64.78,0.33
9,2026-05-18,30.36,42.91,34.65,0.57,64.93,0.226
9,2026-05-19,31.01,43.7,33.15,2.8,63.27,0.457
9,2026-05-20,30.3,43.5,33.36,0.0,64.02,0.335
9,2026-05-21,32.24,43.2,33.43,0.83,65.99,0.584
9,2026-05-22,30.87,42.74,31.74,2.89,67.13,0.398
9,2026-05-23,31.98,43.43,32.31,3.3,63.59,0.288
9,2026-05-24,31.09,43.73,33.57,2.45,64.01,0.197
9,2026-05-25,30.9,42.3,32.02,0.96,64.26,0.162
9,2026-05-26,29.63,41.47,33.36,2.47,66.51,0.184
9,2026-05-27,30.23,43.76,33.0,1.81,66.24,0.275
9,2026-05-28,29.8,41.75,33.5,2.37,63.47,0.22
9,2026-05-01,31.32,43.46,32.62,2.66,65.21,0.166
9,2026-05-02,30.56,43.31,32.68,0.17,64.45,0.403
9,2026-05-03,32.26,40.97,35.55,1.09,65.56,0.477
9,2026-05-04,31.72,43.07,32.15,2.66,64.06,0.128
9,2026-05-05,33.39,43.58,34.84,1.28,66.02,0.541
9,2026-05-06,32.24,42.92,32.12,1.94,62.72,0.171
9,2026-05-07,30.92,42.05,33.05,2.0,66.44,0.488
9,2026-05-08,30.8,44.03,32.5,1.8,65.52,0.201
9,2026-05-09,30.59,41.75,33.31,3.57,64.02,0.336
9,2026-05-10,30.03,41.91,32.09,3.41,66.83,0.367
9,2026-05-11,30.2,43.57,32.9,2.82,64.96,0.342
9,2026-05-12,31.39,42.42,32.84,0.55,64.3,0.188
8,2026-05-01,30.59,41.72,33.05,2.27,55.02,0.196
8,2026-05-02,29.87,43.25,34.5,2.63,55.99,0.434
8,2026-05-03,29.36,43.93,32.37,0.0,58.69,0.452
8,2026-05-04,29.79,42.73,32.77,1.95,54.97,0.205
8,2026-05-05,31.14,42.78,34.04,1.93,58.41,0.202
8,2026-05-06,30.95,40.86,31.83,3.06,55.45,0.313
8,2026-05-07,30.66,41.64,32.65,1.4,55.86,0.338
8,2026-05-08,31.31,42.06,32.14,2.11,56.21,0.373
8,2026-05-09,33.11,43.34,32.93,1.71,55.53,0.189
8,2026-05-10,29.82,42.22,32.58,2.53,55.94,0.243
8,2026-05-11,29.62,44.06,33.42,3.47,57.02,0.438
8,2026-05-12,30.5,43.23,35.39,0.76,57.36,0.471
8,2026-05-13,31.1,43.27,34.11,1.26,56.68,0.191
8,2026-05-14,30.1,42.01,32.83,1.99,56.72,0.156
8,2026-05-15,32.54,43.65,33.63,1.53,56.22,0.316
8,2026-05-16,31.1,41.03,33.64,4.55,54.6,0.372
8,2026-05-17,31.06,42.48,34.23,0.77,56.45,0.44
8,2026-05-18,30.54,42.19,33.07,1.45,57.73,0.188
8,2026-05-19,31.53,41.42,33.58,1.76,53.91,0.259
8,2026-05-20,29.73,42.17,34.38,0.83,55.32,0.437
8,2026-05-21,30.83,44.01,33.26,1.04,56.24,0.405
8,2026-05-22,31.59,42.58,33.01,1.76,55.76,0.521
8,2026-05-23,30.73,41.53,32.52,2.53,56.89,0.247
8,2026-05-24,30.1,42.6,31.41,0.66,57.04,0.219
8,2026-05-25,31.07,43.71,33.56,1.88,58.27,0.331
8,2026-05-26,30.39,43.26,33.34,1.07,56.37,0.245
8,2026-05-27,28.9,42.42,32.7,1.45,54.78,0.229
8,2026-05-28,30.68,42.67,31.91,2.45,55.18,0.24
8,2026-05-01,31.93,41.94,32.49,2.85,55.94,0.234
8,2026-05-02,30.92,43.55,30.92,1.09,55.37,0.176
8,2026-05-03,29.93,41.8,33.24,1.04,56.41,0.3
8,2026-05-04,30.05,42.7,34.47,2.16,55.71,0.254
8,2026-05-05,29.88,42.83,33.75,1.11,56.11,0.387
8,2026-05-06,30.26,42.75,32.02,1.11,55.83,0.557
8,2026-05-07,30.35,42.1,32.45,1.71,56.89,0.278
8,2026-05-08,32.57,42.77,34.26,2.11,56.85,0.157
8,2026-05-09,30.61,42.52,32.74,0.0,57.09,0.227
8,2026-05-10,30.33,42.35,32.75,2.23,55.16,0.188
8,2026-05-11,30.98,42.71,32.62,1.34,55.55,0.255
8,2026-05-12,31.78,41.63,34.33,2.62,55.89,0.342
10,2026-05-01,29.43,41.45,31.64,1.23,42.81,0.234
10,2026-05-02,30.84,41.09,33.25,0.32,42.51,0.242
10,2026-05-03,29.71,41.78,31.89,1.59,43.63,0.341
10,2026-05-04,29.85,42.3,31.97,2.0,41.27,0.432
10,2026-05-05,30.31,42.3,33.11,2.53,43.41,0.405
10,2026-05-06,30.87,44.12,33.92,1.51,44.4,0.297
10,2026-05-07,30.83,42.18,32.54,2.3,41.92,0.351
10,2026-05-08,31.06,43.26,30.81,1.51,43.68,0.214
10,2026-05-09,30.83,40.87,33.4,1.0,43.88,0.147
10,2026-05-10,31.37,42.8,33.53,0.77,42.54,0.614
10,2026-05-11,30.0,42.37,32.55,0.68,44.17,0.512
10,2026-05-12,30.12,41.46,33.85,2.6,43.84,0.42
10,2026-05-13,29.97,42.86,31.55,0.32,43.98,0.221
10,2026-05-14,32.8,43.08,32.22,2.32,44.72,0.332
10,2026-05-15,29.65,43.34,34.04,1.16,42.4,0.4
10,2026-05-16,30.88,42.02,32.46,0.92,43.37,0.291
10,2026-05-17,31.79,43.65,31.39,1.97,43.91,0.328
10,2026-05-18,31.68,42.52,31.94,2.44,42.14,0.131
10,2026-05-19,31.67,42.36,32.52,0.34,41.91,0.187
10,2026-05-20,30.43,43.34,30.73,2.28,42.04,0.193
10,2026-05-21,31.36,42.94,31.42,3.26,42.33,0.305
10,2026-05-22,30.93,44.28,32.39,2.51,42.43,0.415
10,2026-05-23,30.06,42.68,34.51,1.89,43.2,0.614
10,2026-05-24,31.08,42.28,33.46,0.54,44.12,0.427
10,2026-05-25,30.23,42.44,32.96,1.61,42.22,0.342
10,2026-05-26,28.91,42.62,32.44,1.35,43.38,0.182
10,2026-05-27,31.28,42.85,32.21,0.37,42.04,0.318
10,2026-05-28,29.88,43.07,33.76,2.53,44.5,0.252
10,2026-05-01,29.77,43.93,33.08,2.61,43.11,0.426
10,2026-05-02,31.51,43.65,33.25,1.96,43.31,0.303
10,2026-05-03,31.64,42.55,34.36,1.5,43.99,0.271
10,2026-05-04,30.53,44.84,32.52,0.45,42.46,0.251
10,2026-05-05,32.69,43.2,33.64,0.7,43.42,0.354
10,2026-05-06,32.37,42.38,33.34,1.87,42.18,0.278
10,2026-05-07,30.51,40.92,33.34,2.09,42.7,0.175
10,2026-05-08,32.08,43.25,33.72,2.87,42.63,0.372
10,2026-05-09,30.53,42.95,32.72,1.6,44.1,0.292
10,2026-05-10,30.61,42.76,33.11,0.79,42.65,0.275
10,2026-05-11,30.24,42.9,32.25,3.4,44.3,0.328
10,2026-05-12,30.7,44.98,33.09,1.52,43.37,0.312
1,2026-05-01,31.87,42.11,34.45,0.37,46.42,0.155
1,2026-05-02,32.24,41.83,32.51,1.99,46.93,0.149
1,2026-05-03,30.29,40.87,32.68,1.07,45.49,0.173
1,2026-05-04,30.25,41.46,33.04,2.52,44.06,0.211
1,2026-05-05,30.22,42.57,31.7,1.03,44.86,0.281
1,2026-05-06,30.69,41.98,32.89,0.94,44.4,0.271
1,2026-05-07,30.86,41.99,33.45,2.26,44.82,0.167
1,2026-05-08,31.99,43.41,31.9,0.1,45.23,0.185
1,2026-05-09,29.17,42.16,31.41,0.07,46.62,0.173
1,2026-05-10,30.54,42.7,33.29,0.86,45.84,0.165
1,2026-05-11,32.17,42.71,31.57,1.16,46.44,0.26
1,2026-05-12,32.25,43.37,32.07,1.08,44.65,0.24
1,2026-05-13,30.74,44.56,32.65,0.0,45.2,0.229
1,2026-05-14,29.47,41.35,32.23,1.47,45.65,0.161
1,2026-05-15,31.31,41.64,32.11,0.0,45.09,0.276
1,2026-05-16,29.14,42.07,33.21,0.82,46.02,0.149
1,2026-05-17,31.78,43.12,32.77,0.0,44.86,0.31
1,2026-05-18,32.14,42.4,33.68,0.61,45.63,0.22
1,2026-05-19,30.98,40.75,33.41,2.35,44.77,0.137
1,2026-05-20,30.92,41.54,30.43,1.89,45.94,0.186
1,2026-05-21,32.5,42.26,31.88,1.25,44.86,0.169
1,2026-05-22,30.95,41.63,32.15,2.66,46.57,0.291
1,2026-05-23,31.08,42.57,33.87,1.14,47.47,0.158
1,2026-05-24,30.37,40.89,32.25,1.63,47.11,0.174
1,2026-05-25,30.6,41.81,31.9,0.09,45.85,0.12
1,2026-05-26,30.7,42.15,31.97,0.25,44.55,0.424
1,2026-05-27,29.39,43.53,33.1,0.83,44.76,0.317
1,2026-05-28,32.16,41.29,32.29,2.11,46.1,0.443
1,2026-05-01,30.09,42.62,31.43,3.05,45.14,0.102
1,2026-05-02,30.49,42.0,34.28,0.86,45.79,0.271
1,2026-05-03,32.03,42.07,33.5,1.63,45.53,0.226
1,2026-05-04,30.63,41.31,33.65,0.0,46.85,0.307
1,2026-05-05,30.52,41.44,32.36,1.59,46.47,0.243
1,2026-05-06,31.49,41.63,32.77,0.0,46.49,0.232
1,2026-05-07,30.23,43.18,33.18,0.0,45.84,0.132
1,2026-05-08,31.56,44.37,32.09,1.23,45.57,0.249
1,2026-05-09,31.18,43.29,31.67,2.57,44.96,0.242
1,2026-05-10,31.64,42.77,31.72,0.53,45.38,0.216
1,2026-05-11,31.63,40.97,32.98,1.71,46.3,0.259
1,2026-05-12,31.97,42.57,33.33,1.67,47.41,0.113
7,2026-05-01,31.7,41.87,32.39,0.67,44.42,0.166
7,2026-05-02,29.93,42.54,31.31,2.83,46.34,0.174
7,2026-05-03,29.91,41.39,31.62,1.05,46.11,0.179
7,2026-05-04,29.28,41.86,31.84,1.68,47.78,0.236
7,2026-05-05,30.27,40.64,31.37,0.02,46.75,0.145
7,2026-05-06,30.61,41.54,32.72,2.8,45.48,0.169
7,2026-05-07,29.82,42.89,31.72,0.52,44.85,0.116
7,2026-05-08,30.97,44.41,31.74,2.4,46.33,0.129
7,2026-05-09,30.3,41.89,32.02,3.28,44.38,0.217
7,2026-05-10,30.85,41.58,32.77,2.33,46.24,0.22
7,2026-05-11,31.17,40.27,33.97,3.59,46.98,0.271
7,2026-05-12,29.28,41.99,31.91,1.01,46.97,0.143
7,2026-05-13,30.43,40.38,32.5,1.62,45.47,0.148
7,2026-05-14,32.25,41.01,31.69,0.81,47.18,0.396
7,2026-05-15,30.85,41.45,32.26,2.5,45.28,0.316
7,2026-05-16,31.82,42.16,33.22,2.21,47.5,0.132
7,2026-05-17,31.61,41.76,31.95,1.63,45.91,0.134
7,2026-05-18,29.11,41.25,33.95,3.31,46.69,0.288
7,2026-05-19,30.08,42.03,32.89,0.57,45.21,0.197
7,2026-05-20,30.26,41.14,32.99,1.3,47.02,0.19
7,2026-05-21,30.28,42.21,32.49,0.94,45.74,0.247
7,2026-05-22,31.13,43.26,31.12,1.19,45.73,0.202
7,2026-05-23,30.14,41.64,33.34,1.7,45.05,0.303
7,2026-05-24,31.45,41.58,33.39,0.88,47.11,0.176
7,2026-05-25,29.83,41.76,31.95,1.71,46.26,0.192
7,2026-05-26,30.05,38.81,32.72,0.0,46.32,0.282
7,2026-05-27,30.8,41.75,32.48,1.42,45.61,0.155
7,2026-05-28,29.72,43.17,32.63,2.4,45.87,0.195
7,2026-05-01,30.4,42.52,33.38,1.76,45.49,0.145
7,2026-05-02,32.04,41.85,32.38,2.86,47.08,0.229
7,2026-05-03,30.19,44.22,32.99,2.03,45.95,0.116
7,2026-05-04,29.35,42.47,32.99,1.32,45.05,0.115
7,2026-05-05,30.25,40.79,33.45,2.58,48.65,0.258
7,2026-05-06,30.02,41.32,29.53,1.0,45.94,0.267
7,2026-05-07,31.1,42.63,32.83,2.13,47.4,0.131
7,2026-05-08,30.14,40.85,34.1,2.71,46.78,0.125
7,2026-05-09,30.71,41.89,32.71,1.37,46.57,0.165
7,2026-05-10,31.32,42.32,32.38,1.44,45.7,0.253
7,2026-05-11,30.31,42.37,32.29,0.2,46.92,0.131
7,2026-05-12,31.16,42.48,31.15,0.69,45.64,0.143
5,2026-05-01,29.38,42.43,32.18,1.65,50.11,0.122
5,2026-05-02,29.76,41.74,32.92,1.34,50.09,0.075
5,2026-05-03,30.59,42.07,32.17,0.61,50.99,0.262
5,2026-05-04,30.17,42.06,32.74,0.0,50.61,0.086
5,2026-05-05,31.69,41.53,31.7,1.1,50.65,0.09
5,2026-05-06,30.39,40.54,32.2,2.0,52.27,0.141
5,2026-05-07,30.68,42.83,33.32,2.8,51.47,0.106
5,2026-05-08,30.67,41.92,32.67,1.48,49.8,0.053
5,2026-05-09,29.84,39.94,32.46,1.3,48.99,0.14
5,2026-05-10,31.22,41.85,33.9,2.98,49.41,0.158
5,2026-05-11,30.84,42.14,33.24,0.65,49.97,0.082
5,2026-05-12,29.76,41.67,31.09,0.36,51.02,0.107
5,2026-05-13,30.78,40.06,31.69,0.8,50.53,0.09
5,2026-05-14,31.28,41.71,32.42,1.31,51.14,0.093
5,2026-05-15,31.45,42.17,32.54,1.34,50.97,0.157
5,2026-05-16,31.29,42.1,33.19,1.41,51.63,0.109
5,2026-05-17,28.57,42.96,32.5,0.25,50.32,0.081
5,2026-05-18,32.33,42.21,30.99,1.79,50.14,0.215
5,2026-05-19,29.49,39.74,32.46,0.99,50.13,0.052
5,2026-05-20,30.82,43.27,30.68,2.35,49.99,0.25
5,2026-05-21,30.83,41.59,33.39,1.77,49.97,0.141
5,2026-05-22,29.98,40.15,34.23,0.99,49.95,0.124
5,2026-05-23,29.04,40.54,31.95,0.83,50.56,0.163
5,2026-05-24,30.01,42.2,32.94,0.32,50.71,0.079
5,2026-05-25,31.4,42.17,32.41,0.09,50.6,0.084
5,2026-05-26,31.08,41.65,31.67,2.13,51.15,0.089
5,2026-05-27,31.49,41.49,32.12,1.41,49.82,0.094
5,2026-05-28,30.3,43.14,33.75,1.07,51.95,0.108
5,2026-05-01,30.78,42.56,32.66,3.47,50.72,0.072
5,2026-05-02,31.61,41.39,32.13,0.0,51.4,0.146
5,2026-05-03,31.16,42.64,33.92,1.26,51.34,0.085
5,2026-05-04,30.12,42.71,32.75,0.1,50.83,0.103
5,2026-05-05,29.7,42.15,32.04,0.0,49.5,0.204
5,2026-05-06,29.08,41.96,32.95,1.88,49.4,0.098
5,2026-05-07,30.57,42.48,31.82,0.25,51.4,0.162
5,2026-05-08,30.77,41.21,32.77,1.4,51.25,0.071
5,2026-05-09,30.54,41.62,31.4,1.49,50.53,0.095
5,2026-05-10,30.8,40.48,32.35,1.69,50.76,0.16
5,2026-05-11,29.36,40.4,32.62,1.71,52.41,0.136
5,2026-05-12,29.65,42.49,31.64,0.0,52.85,0.123
6,2026-05-01,30.75,41.27,33.38,0.91,48.0,0.084
6,2026-05-02,28.86,42.04,33.08,1.11,47.1,0.127
6,2026-05-03,29.49,42.14,32.34,1.11,47.24,0.173
6,2026-05-04,30.56,41.43,30.7,1.11,48.87,0.1
6,2026-05-05,29.99,41.56,32.61,1.21,45.44,0.143
6,2026-05-06,29.04,40.02,32.24,0.38,47.63,0.361
6,2026-05-07,30.81,41.41,30.94,0.07,45.94,0.1
6,2026-05-08,29.13,40.17,31.56,0.0,45.62,0.075
6,2026-05-09,30.52,40.81,32.67,1.59,46.59,0.152
6,2026-05-10,28.81,42.81,32.83,0.46,45.85,0.137
6,2026-05-11,28.43,40.06,32.42,0.72,46.46,0.167
6,2026-05-12,29.18,41.02,31.3,0.0,47.32,0.085
6,2026-05-13,31.82,40.23,33.54,0.0,47.45,0.079
6,2026-05-14,28.9,40.9,32.36,0.0,47.97,0.091
6,2026-05-15,30.23,41.1,32.29,0.0,48.36,0.146
6,2026-05-16,29.73,39.84,30.23,0.0,47.39,0.106
6,2026-05-17,29.09,40.29,33.16,0.35,46.37,0.193
6,2026-05-18,30.53,40.8,31.2,0.0,45.85,0.101
6,2026-05-19,29.91,41.08,32.25,0.85,47.1,0.084
6,2026-05-20,28.17,40.29,30.89,0.06,46.65,0.078
6,2026-05-21,29.11,40.67,31.85,0.06,47.35,0.111
6,2026-05-22,29.19,40.8,33.44,0.04,47.95,0.194
6,2026-05-23,31.46,40.02,33.56,0.75,46.67,0.111
6,2026-05-24,30.65,40.81,31.59,1.81,46.25,0.083
6,2026-05-25,30.82,41.39,32.73,0.0,47.87,0.142
6,2026-05-26,31.7,39.64,31.95,0.4,45.47,0.093
6,2026-05-27,31.12,40.34,31.1,1.43,47.79,0.17
6,2026-05-28,29.4,40.71,32.68,0.06,46.23,0.16
6,2026-05-01,31.52,39.72,29.41,0.0,45.99,0.114
6,2026-05-02,30.66,40.63,31.12,0.79,46.03,0.118
6,2026-05-03,29.53,43.17,32.49,0.0,46.0,0.103
6,2026-05-04,28.63,40.1,31.09,1.45,46.52,0.091
6,2026-05-05,28.9,39.7,31.69,0.46,47.92,0.096
6,2026-05-06,31.06,40.99,31.75,0.0,45.74,0.156
6,2026-05-07,31.37,40.95,32.44,0.28,46.57,0.095
6,2026-05-08,30.99,41.07,31.54,0.35,47.4,0.134
6,2026-05-09,29.36,42.3,31.98,0.66,48.23,0.172
6,2026-05-10,30.03,41.24,30.79,0.07,44.87,0.184
6,2026-05-11,28.4,41.37,31.0,0.0,46.72,0.132
6,2026-05-12,30.66,42.35,32.07,1.44,46.36,0.154
11,2026-05-01,30.43,40.76,31.82,0.45,28.67,0.242
11,2026-05-02,29.83,40.51,32.58,0.0,27.94,0.362
11,2026-05-03,27.85,40.56,32.53,0.0,30.84,0.085
11,2026-05-04,31.58,42.58,32.73,0.31,28.82,0.153
11,2026-05-05,31.02,40.17,31.66,1.41,27.5,0.185
11,2026-05-06,30.44,39.97,32.96,0.82,27.14,0.207
11,2026-05-07,29.59,40.59,31.98,0.0,29.37,0.164
11,2026-05-08,31.17,41.14,32.68,0.02,28.05,0.14
11,2026-05-09,30.81,42.02,33.82,1.67,28.72,0.195
11,2026-05-10,30.64,41.16,33.23,1.36,27.75,0.165
11,2026-05-11,31.52,41.46,31.7,1.58,28.15,0.19
11,2026-05-12,29.87,39.41,32.69,0.0,27.99,0.162
11,2026-05-13,30.94,41.12,31.92,0.0,28.42,0.125
11,2026-05-14,30.57,41.51,31.89,2.35,28.97,0.259
11,2026-05-15,30.42,41.01,32.78,1.5,27.33,0.304
11,2026-05-16,30.75,42.04,32.33,0.0,27.44,0.398
11,2026-05-17,30.52,39.9,32.22,0.18,26.84,0.094
11,2026-05-18,28.85,41.42,31.87,0.29,28.76,0.259
11,2026-05-19,28.4,40.91,31.16,0.0,28.01,0.201
11,2026-05-20,30.05,39.87,31.48,2.32,27.55,0.116
11,2026-05-21,30.54,41.72,32.33,0.0,29.4,0.16
11,2026-05-22,29.27,40.63,31.81,1.15,29.06,0.208
11,2026-05-23,31.13,41.25,32.72,0.0,27.08,0.276
11,2026-05-24,29.04,40.91,31.82,0.07,28.09,0.342
11,2026-05-25,28.01,41.98,33.98,0.53,28.48,0.271
11,2026-05-26,31.94,40.11,31.99,0.34,29.0,0.222
11,2026-05-27,30.88,40.8,31.95,0.0,27.9,0.2
11,2026-05-28,30.16,40.12,33.32,0.39,27.25,0.309
11,2026-05-01,29.62,41.64,31.89,0.74,28.65,0.172
11,2026-05-02,30.33,43.01,29.9,0.57,28.89,0.145
11,2026-05-03,29.06,43.12,31.58,2.38,28.98,0.216
11,2026-05-04,30.72,41.75,32.97,0.9,28.63,0.223
11,2026-05-05,31.51,41.92,31.01,0.0,28.8,0.169
11,2026-05-06,29.95,40.32,31.67,0.89,29.4,0.211
11,2026-05-07,32.16,41.11,34.78,1.41,28.95,0.176
11,2026-05-08,27.75,41.04,32.07,2.24,27.26,0.409
11,2026-05-09,30.06,41.83,29.62,0.64,28.19,0.267
11,2026-05-10,30.37,40.15,32.76,1.14,29.04,0.299
11,2026-05-11,31.28,41.16,30.69,0.0,29.71,0.269
11,2026-05-12,30.38,40.79,31.94,0.53,28.2,0.164
13,2026-05-01,31.55,39.5,30.36,0.0,21.25,0.167
13,2026-05-02,30.28,39.09,30.96,0.0,20.9,0.205
13,2026-05-03,29.94,41.52,30.23,0.0,22.69,0.119
13,2026-05-04,28.35,38.44,31.0,0.32,21.81,0.185
13,2026-05-05,30.49,39.58,30.93,0.0,22.4,0.179
13,2026-05-06,29.65,39.69,30.62,0.0,21.0,0.17
13,2026-05-07,30.0,40.72,30.96,0.79,23.09,0.184
13,2026-05-08,29.05,39.12,31.03,0.0,22.33,0.186
13,2026-05-09,29.17,41.07,30.65,0.0,21.69,0.101
13,2026-05-10,29.98,39.31,32.41,0.56,22.38,0.12
13,2026-05-11,28.33,39.21,30.14,0.87,21.87,0.233
13,2026-05-12,30.26,40.04,31.12,0.2,22.49,0.18
13,2026-05-13,28.96,39.73,33.27,0.0,21.67,0.102
13,2026-05-14,28.3,40.36,30.96,0.28,23.56,0.313
13,2026-05-15,28.8,40.24,31.47,0.37,22.33,0.129
13,2026-05-16,31.03,39.84,31.22,1.13,22.71,0.153
13,2026-05-17,29.9,40.87,31.37,0.0,21.13,0.115
13,2026-05-18,28.66,39.39,31.14,0.0,21.92,0.163
13,2026-05-19,29.75,38.43,32.05,0.0,20.8,0.089
13,2026-05-20,29.59,40.18,31.96,0.2,20.83,0.103
13,2026-05-21,28.79,39.13,29.31,0.11,22.48,0.123
13,2026-05-22,30.02,38.45,29.6,0.0,22.94,0.186
13,2026-05-23,29.19,40.37,30.62,1.37,22.34,0.111
13,2026-05-24,30.32,38.59,30.07,0.0,22.13,0.128
13,2026-05-25,29.53,38.92,32.2,0.0,21.25,0.201
13,2026-05-26,30.88,39.59,29.34,0.0,22.45,0.131
13,2026-05-27,31.0,38.06,31.52,0.0,23.09,0.127
13,2026-05-28,30.53,38.71,29.64,0.0,21.35,0.091
13,2026-05-01,30.68,40.5,31.16,0.0,21.79,0.102
13,2026-05-02,30.91,39.57,31.35,0.0,20.09,0.099
13,2026-05-03,28.6,39.62,31.0,0.0,21.55,0.225
13,2026-05-04,28.74,38.46,30.7,0.0,21.51,0.157
13,2026-05-05,31.16,37.69,30.89,0.05,21.82,0.122
13,2026-05-06,29.29,40.19,30.49,0.0,21.9,0.135
13,2026-05-07,29.45,40.19,30.9,0.17,21.85,0.092
13,2026-05-08,28.85,38.34,31.08,0.0,20.94,0.141
13,2026-05-09,30.07,37.71,32.43,0.04,21.81,0.189
13,2026-05-10,29.66,38.75,32.89,0.0,21.81,0.175
13,2026-05-11,28.64,39.2,31.26,2.17,21.1,0.128
13,2026-05-12,30.19,39.36,29.83,0.38,22.0,0.152
14,2026-05-01,32.2,45.43,33.57,2.98,79.91,0.353
14,2026-05-02,31.38,44.16,33.29,1.96,82.28,0.786
14,2026-05-03,30.83,44.88,32.99,3.84,81.29,0.38
14,2026-05-04,30.98,44.63,32.3,3.31,80.26,0.446
14,2026-05-05,31.3,45.51,33.18,3.62,80.07,0.458
14,2026-05-06,30.98,44.69,33.26,3.54,79.08,0.414
14,2026-05-07,29.83,45.61,31.42,1.8,79.39,0.657
14,2026-05-08,30.02,44.62,32.72,1.08,80.6,0.467
14,2026-05-09,31.01,45.37,32.87,2.71,80.55,0.417
14,2026-05-10,32.89,44.85,33.37,2.14,80.22,0.618
14,2026-05-11,30.18,43.7,33.11,2.32,82.66,0.162
14,2026-05-12,31.51,45.16,32.19,2.12,81.29,0.654
14,2026-05-13,30.35,43.1,34.08,4.07,80.6,0.17
14,2026-05-14,32.49,44.34,34.21,2.66,80.56,0.316
14,2026-05-15,32.51,45.81,31.28,1.86,82.5,0.325
14,2026-05-16,29.96,44.52,33.1,2.61,80.47,0.332
14,2026-05-17,30.77,44.82,32.47,2.44,80.77,0.584
14,2026-05-18,31.52,44.42,33.68,3.07,81.88,0.442
14,2026-05-19,32.79,45.73,33.16,2.33,81.69,0.443
14,2026-05-20,31.09,43.19,31.55,3.01,81.59,0.49
14,2026-05-21,30.02,45.45,32.72,3.05,81.28,0.279
14,2026-05-22,30.65,42.65,32.37,1.08,81.29,0.378
14,2026-05-23,32.0,44.84,32.63,3.01,80.55,0.458
14,2026-05-24,31.46,43.63,33.2,2.75,80.62,0.506
14,2026-05-25,32.72,44.19,32.88,0.68,80.78,0.318
14,2026-05-26,29.23,44.78,33.73,2.04,80.56,0.264
14,2026-05-27,31.87,43.15,32.92,4.46,80.95,0.436
14,2026-05-28,31.05,43.46,33.17,3.07,79.98,0.417
14,2026-05-01,32.3,45.48,31.78,1.82,79.45,0.538
14,2026-05-02,31.73,45.15,32.41,1.65,80.97,0.383
14,2026-05-03,30.41,44.65,33.78,2.91,79.96,0.177
14,2026-05-04,30.95,44.67,32.97,2.31,80.28,0.475
14,2026-05-05,31.13,44.63,32.33,2.14,81.05,0.26
14,2026-05-06,30.05,44.22,34.28,2.87,82.21,0.353
14,2026-05-07,30.9,43.27,32.68,3.99,81.19,0.478
14,2026-05-08,31.81,44.51,33.02,2.81,81.5,0.434
14,2026-05-09,31.62,44.66,32.51,2.46,80.05,0.526
14,2026-05-10,29.29,44.32,35.35,2.39,79.88,0.368
14,2026-05-11,32.34,44.38,33.75,2.79,80.56,1.114
14,2026-05-12,31.24,44.04,32.76,3.04,81.27,0.485
3,2026-05-01,30.99,41.87,33.6,2.34,84.04,0.107
3,2026-05-02,30.34,42.51,33.09,1.31,84.35,0.188
3,2026-05-03,29.85,42.6,32.35,3.44,82.02,0.16
3,2026-05-04,29.37,42.77,33.88,2.05,84.42,0.134
3,2026-05-05,32.61,43.98,34.13,1.42,83.31,0.263
3,2026-05-06,30.69,42.93,33.42,1.49,85.0,0.181
3,2026-05-07,31.29,42.56,33.58,1.99,85.16,0.267
3,2026-05-08,31.68,43.62,33.69,0.18,85.05,0.164
3,2026-05-09,30.95,42.9,31.87,2.14,84.89,0.296
3,2026-05-10,30.3,42.35,34.43,1.83,86.17,0.183
3,2026-05-11,30.06,44.05,34.64,1.33,85.7,0.163
3,2026-05-12,32.2,42.82,31.7,3.07,85.13,0.375
3,2026-05-13,32.41,43.79,32.91,2.15,84.03,0.135
3,2026-05-14,30.61,40.87,33.28,2.59,86.61,0.235
3,2026-05-15,30.43,43.67,32.02,2.08,82.62,0.298
3,2026-05-16,31.39,42.1,33.07,3.47,84.75,0.206
3,2026-05-17,30.09,42.59,33.21,3.45,83.55,0.122
3,2026-05-18,31.89,42.32,34.09,2.84,85.09,0.331
3,2026-05-19,31.48,43.86,32.29,1.99,84.88,0.308
3,2026-05-20,32.11,45.24,33.4,2.8,85.21,0.181
3,2026-05-21,30.8,42.22,34.01,1.66,84.76,0.11
3,2026-05-22,31.85,42.23,33.88,1.19,83.9,0.272
3,2026-05-23,30.14,43.22,32.69,0.54,84.58,0.209
3,2026-05-24,29.86,43.68,32.4,1.72,84.31,0.142
3,2026-05-25,32.92,41.76,33.78,3.51,82.52,0.098
3,2026-05-26,31.37,42.73,33.47,3.65,83.97,0.124
3,2026-05-27,28.4,43.34,32.28,2.9,84.51,0.111
3,2026-05-28,32.41,44.13,33.88,1.55,83.93,0.149
3,2026-05-01,30.49,42.15,33.51,2.83,84.63,0.151
3,2026-05-02,32.02,43.33,30.66,2.04,84.25,0.252
3,2026-05-03,30.59,42.93,32.52,3.22,83.9,0.146
3,2026-05-04,30.19,43.66,32.64,1.11,84.86,0.141
3,2026-05-05,31.18,43.5,34.2,3.56,83.78,0.17
3,2026-05-06,29.7,44.67,33.52,3.87,84.01,0.088
3,2026-05-07,32.24,43.24,33.24,2.67,84.88,0.217
3,2026-05-08,29.43,44.14,32.64,2.2,85.85,0.248
3,2026-05-09,30.56,41.49,33.27,3.1,84.23,0.116
3,2026-05-10,30.15,42.03,33.31,3.36,85.22,0.139
3,2026-05-11,31.07,43.66,32.66,2.49,86.21,0.193
3,2026-05-12,31.65,42.77,33.16,1.08,84.28,0.273
2,2026-05-01,32.63,43.8,33.33,2.46,64.16,0.18
2,2026-05-02,31.29,42.01,33.55,1.52,63.1,0.133
2,2026-05-03,29.24,41.48,33.73,2.23,64.9,0.285
2,2026-05-04,31.87,42.27,33.91,2.76,64.7,0.222
2,2026-05-05,29.46,42.01,32.61,2.96,64.37,0.182
2,2026-05-06,31.61,43.99,33.4,3.55,64.34,0.171
2,2026-05-07,31.03,42.45,32.25,3.9,64.52,0.135
2,2026-05-08,31.18,44.37,32.78,3.52,64.31,0.16
2,2026-05-09,30.12,42.59,34.36,1.37,66.17,0.133
2,2026-05-10,30.53,43.47,33.28,2.66,63.22,0.216
2,2026-05-11,29.82,45.03,32.52,2.58,63.67,0.161
2,2026-05-12,29.58,43.6,32.47,2.92,64.08,0.159
2,2026-05-13,31.9,41.85,31.09,2.78,63.67,0.163
2,2026-05-14,31.56,41.98,33.5,1.8,66.04,0.302
2,2026-05-15,30.32,42.53,31.96,2.59,65.73,0.115
2,2026-05-16,31.57,41.53,31.94,0.8,66.59,0.194
2,2026-05-17,30.96,42.11,33.67,0.52,64.72,0.411
2,2026-05-18,30.4,42.74,33.32,1.68,64.72,0.266
2,2026-05-19,30.91,43.05,32.4,2.69,64.75,0.316
2,2026-05-20,31.39,42.5,30.51,3.05,65.38,0.138
2,2026-05-21,28.94,41.69,33.54,1.45,64.29,0.205
2,2026-05-22,31.84,42.7,32.62,1.92,66.17,0.276
2,2026-05-23,30.65,41.46,32.0,2.93,64.05,0.26
2,2026-05-24,31.07,42.98,33.3,2.86,63.93,0.17
2,2026-05-25,32.85,41.63,32.28,3.37,64.56,0.143
2,2026-05-26,29.55,43.2,33.63,3.67,64.75,0.274
2,2026-05-27,29.81,42.87,32.1,2.57,65.38,0.276
2,2026-05-28,29.85,43.86,32.28,1.49,64.55,0.114
2,2026-05-01,30.74,42.98,32.53,2.89,64.42,0.19
2,2026-05-02,29.44,42.76,31.94,2.01,64.62,0.203
2,2026-05-03,29.26,41.31,32.44,2.84,65.02,0.26
2,2026-05-04,31.91,43.17,32.69,1.48,63.85,0.161
2,2026-05-05,30.98,42.92,32.71,2.27,65.27,0.204
2,2026-05-06,31.01,43.0,32.22,1.48,65.14,0.22
2,2026-05-07,30.54,42.35,34.76,1.73,64.5,0.209
2,2026-05-08,29.7,42.83,34.33,3.25,65.27,0.234
2,2026-05-09,30.84,43.58,32.57,2.03,64.79,0.261
2,2026-05-10,31.04,43.33,30.89,3.48,66.81,0.303
2,2026-05-11,30.45,41.96,32.96,1.52,65.35,0.158
2,2026-05-12,31.6,43.95,30.88,2.67,64.07,0.116
12,2026-05-01,30.11,42.3,33.49,0.89,67.75,0.567
12,2026-05-02,31.21,42.99,32.55,1.2,67.28,0.32
12,2026-05-03,31.33,44.81,33.22,2.64,68.21,0.175
12,2026-05-04,29.64,42.16,31.97,2.88,66.51,0.515
12,2026-05-05,32.04,43.19,32.21,2.82,67.53,0.193
12,2026-05-06,30.98,43.14,32.75,3.67,67.89,0.21
12,2026-05-07,30.78,41.75,33.08,1.48,67.63,0.321
12,2026-05-08,31.54,42.37,31.25,3.85,66.64,0.453
12,2026-05-09,31.06,43.11,34.21,2.57,68.06,0.167
12,2026-05-10,31.45,42.28,32.44,2.27,67.11,0.5
12,2026-05-11,29.0,42.54,31.92,3.31,66.42,0.329
12,2026-05-12,30.31,43.1,33.47,1.9,66.84,0.17
12,2026-05-13,30.94,43.27,32.06,3.27,64.93,0.146
12,2026-05-14,29.42,42.06,32.58,2.19,66.74,0.361
12,2026-05-15,30.25,41.36,31.44,4.16,64.68,0.263
12,2026-05-16,31.98,42.94,31.81,2.26,67.58,0.427
12,2026-05-17,29.86,43.18,32.79,3.25,68.05,0.248
12,2026-05-18,29.37,42.86,34.16,2.88,67.01,0.649
12,2026-05-19,29.73,43.31,32.05,2.3,66.88,0.476
12,2026-05-20,29.83,42.02,31.13,2.7,66.39,0.325
12,2026-05-21,29.7,42.18,33.5,2.1,67.36,0.337
12,2026-05-22,30.35,41.1,33.45,2.41,67.68,0.138
12,2026-05-23,29.18,40.57,31.77,3.2,67.31,0.277
12,2026-05-24,30.79,43.18,32.29,2.62,66.93,0.13
12,2026-05-25,30.32,43.72,32.2,2.13,66.25,0.236
12,2026-05-26,31.68,42.26,31.64,0.0,66.28,0.141
12,2026-05-27,29.03,43.22,33.2,0.53,67.57,0.329
12,2026-05-28,29.96,43.16,31.1,1.18,65.5,0.19
12,2026-05-01,31.46,41.3,31.52,1.4,66.98,0.249
12,2026-05-02,31.45,41.86,31.4,1.81,66.83,0.202
12,2026-05-03,30.92,44.13,32.03,2.29,68.01,0.222
12,2026-05-04,29.9,41.5,32.91,2.71,66.65,0.283
12,2026-05-05,31.8,43.26,31.28,2.23,66.88,0.357
12,2026-05-06,30.45,41.9,32.13,0.64,66.75,0.225
12,2026-05-07,31.06,41.55,32.14,1.35,65.81,0.354
12,2026-05-08,30.22,42.87,31.52,2.32,65.25,0.234
12,2026-05-09,30.18,42.99,32.69,2.07,67.52,0.295
12,2026-05-10,31.12,43.15,32.46,1.96,67.06,0.238
12,2026-05-11,30.98,43.46,33.29,1.88,65.6,0.27
12,2026-05-12,30.52,43.45,32.17,2.03,67.42,0.233
4,2026-05-01,30.43,43.9,33.92,2.64,60.9,0.056
4,2026-05-02,31.07,42.41,32.78,1.61,60.65,0.074
4,2026-05-03,30.85,43.64,32.9,0.59,59.79,0.045
4,2026-05-04,29.85,42.86,32.94,1.54,60.9,0.06
4,2026-05-05,29.29,41.09,31.81,3.35,59.45,0.121
4,2026-05-06,31.76,42.19,32.53,1.53,60.63,0.099
4,2026-05-07,30.57,43.25,33.64,2.38,60.95,0.077
4,2026-05-08,30.88,41.35,32.94,2.26,59.88,0.167
4,2026-05-09,29.69,41.57,32.82,0.33,59.94,0.046
4,2026-05-10,29.69,42.23,32.86,3.06,61.38,0.119
4,2026-05-11,31.09,41.93,33.57,1.63,60.1,0.134
4,2026-05-12,31.27,42.55,33.25,2.86,59.43,0.076
4,2026-05-13,29.5,42.46,31.97,3.29,61.12,0.059
4,2026-05-14,30.54,41.26,32.61,2.56,60.89,0.04
4,2026-05-15,30.26,42.81,32.84,3.11,59.49,0.094
4,2026-05-16,29.97,42.52,32.93,2.69,60.13,0.084
4,2026-05-17,29.51,41.08,33.07,2.02,59.19,0.058
4,2026-05-18,30.58,43.75,33.51,2.79,59.04,0.076
4,2026-05-19,30.99,42.7,32.94,1.86,62.23,0.131
4,2026-05-20,30.47,41.47,34.42,1.57,61.72,0.153
4,2026-05-21,29.71,42.61,32.25,2.53,60.94,0.155
4,2026-05-22,31.09,42.34,33.58,1.82,60.32,0.172
4,2026-05-23,29.82,41.91,32.61,1.12,58.75,0.113
4,2026-05-24,29.85,41.86,32.23,1.18,59.68,0.083
4,2026-05-25,32.71,43.01,33.24,0.71,60.63,0.052
4,2026-05-26,31.25,42.14,32.6,1.99,60.12,0.046
4,2026-05-27,31.08,41.1,31.5,1.8,60.01,0.086
4,2026-05-28,31.47,42.57,32.74,2.09,61.42,0.041
4,2026-05-01,30.89,41.51,31.46,2.07,60.3,0.096
4,2026-05-02,31.55,40.25,32.5,3.83,61.43,0.13
4,2026-05-03,30.65,41.06,31.55,2.71,61.51,0.061
4,2026-05-04,30.32,42.58,30.99,1.75,62.1,0.168
4,2026-05-05,30.46,44.0,32.09,1.34,58.63,0.11
4,2026-05-06,30.22,44.45,32.87,2.24,59.02,0.133
4,2026-05-07,30.23,42.2,30.58,2.9,61.54,0.063
4,2026-05-08,30.64,42.7,33.44,2.16,62.2,0.072
4,2026-05-09,30.01,41.93,30.29,1.34,61.56,0.086
4,2026-05-10,29.82,42.66,30.75,1.81,61.12,0.1
4,2026-05-11,29.86,43.17,34.25,1.69,61.32,0.046
4,2026-05-12,28.8,42.9,32.61,2.25,60.13,0.071
9,2026-05-01,31.12,43.58,32.06,0.57,65.8,0.34
9,2026-05-02,31.01,42.2,34.35,2.12,65.12,0.144
9,2026-05-03,29.87,41.42,32.23,2.37,63.98,0.504
9,2026-05-04,29.43,41.63,32.47,0.93,65.17,0.343
9,2026-05-05,30.13,43.75,32.33,2.31,63.79,0.153
9,2026-05-06,29.83,41.74,31.84,2.75,62.5,0.185
9,2026-05-07,28.75,43.24,31.75,1.59,63.66,0.377
9,2026-05-08,30.02,42.23,30.42,3.11,65.01,0.334
9,2026-05-09,31.51,41.86,32.1,2.7,65.04,0.253
9,2026-05-10,30.43,41.58,32.9,2.9,64.66,0.532
9,2026-05-11,29.01,41.83,33.8,1.68,63.21,0.449
9,2026-05-12,30.89,40.96,32.96,1.13,63.45,0.261
9,2026-05-13,29.96,41.05,31.93,1.15,64.71,0.273
9,2026-05-14,31.07,41.63,31.06,0.87,64.44,0.472
9,2026-05-15,31.16,41.46,33.11,1.01,65.57,0.241
9,2026-05-16,31.09,42.6,32.01,2.35,63.69,0.268
9,2026-05-17,31.38,45.74,32.89,2.14,63.74,0.4
9,2026-05-18,28.9,41.31,32.58,0.97,66.05,0.404
9,2026-05-19,29.89,41.54,31.07,0.79,65.06,0.343
9,2026-05-20,30.72,42.28,31.75,2.38,63.33,0.276
9,2026-05-21,31.73,43.23,31.84,1.76,65.9,0.516
9,2026-05-22,29.05,41.65,32.47,3.16,63.9,0.345
9,2026-05-23,30.13,44.18,32.65,1.94,64.36,0.399
9,2026-05-24,31.01,41.06,32.46,0.85,63.98,0.175
9,2026-05-25,29.2,41.42,31.37,2.54,65.38,0.253
9,2026-05-26,29.39,42.77,30.43,0.31,65.32,0.347
9,2026-05-27,31.28,41.84,31.12,1.6,65.17,0.211
9,2026-05-28,29.77,40.78,31.21,2.82,65.07,0.183
9,2026-05-01,29.42,41.53,32.76,1.0,64.51,0.13
9,2026-05-02,29.26,42.42,33.07,1.01,63.96,0.365
9,2026-05-03,30.05,41.55,32.73,2.24,65.66,0.364
9,2026-05-04,29.88,41.93,32.21,0.83,63.78,0.388
9,2026-05-05,28.97,42.94,32.52,1.94,65.15,0.326
9,2026-05-06,31.49,41.68,32.06,1.84,66.36,0.385
9,2026-05-07,29.57,41.74,31.62,2.07,64.86,0.618
9,2026-05-08,28.75,42.97,32.66,1.43,64.53,0.232
9,2026-05-09,30.45,42.95,30.89,3.25,64.33,0.468
9,2026-05-10,30.78,43.16,32.78,3.05,64.72,0.206
9,2026-05-11,31.01,42.69,34.16,0.26,64.49,0.401
9,2026-05-12,29.28,41.84,34.18,3.35,63.88,0.456
8,2026-05-01,31.36,42.39,32.37,2.05,55.49,0.19
8,2026-05-02,30.95,41.82,33.7,1.53,54.11,0.202
8,2026-05-03,30.54,42.04,32.09,1.09,57.62,0.18
8,2026-05-04,30.94,41.44,30.96,3.11,54.01,0.169
8,2026-05-05,30.69,41.38,32.71,1.75,55.87,0.486
8,2026-05-06,30.1,41.56,31.06,1.17,56.86,0.278
8,2026-05-07,30.3,41.07,32.66,0.31,55.97,0.209
8,2026-05-08,29.54,41.84,31.44,1.12,57.91,0.296
8,2026-05-09,31.39,41.75,32.92,2.55,57.38,0.525
8,2026-05-10,30.1,41.94,32.0,0.0,55.03,0.231
8,2026-05-11,30.88,41.19,33.07,3.01,55.92,0.378
8,2026-05-12,31.89,42.13,31.17,3.18,56.15,0.201
8,2026-05-13,30.42,41.23,33.02,2.56,57.4,0.282
8,2026-05-14,29.6,41.58,32.85,1.49,58.93,0.211
8,2026-05-15,29.79,42.75,32.73,1.83,56.09,0.267
8,2026-05-16,31.07,42.41,31.79,2.25,57.06,0.301
8,2026-05-17,27.54,40.92,31.36,1.65,56.46,0.318
8,2026-05-18,30.88,41.61,32.08,3.44,55.75,0.256
8,2026-05-19,31.73,42.03,30.22,2.2,55.95,0.221
8,2026-05-20,31.27,42.14,31.82,2.66,56.69,0.239
8,2026-05-21,30.59,41.95,31.75,1.45,56.32,0.165
8,2026-05-22,29.19,42.89,31.84,1.84,56.18,0.232
8,2026-05-23,30.34,41.78,31.34,2.7,55.68,0.33
8,2026-05-24,28.59,40.76,32.95,1.73,55.7,0.262
8,2026-05-25,29.38,41.79,30.07,1.45,55.72,0.278
8,2026-05-26,31.11,40.95,33.51,1.33,54.45,0.1
8,2026-05-27,31.71,41.64,31.48,1.19,55.32,0.369
8,2026-05-28,30.24,43.33,31.88,0.0,57.06,0.202
8,2026-05-01,30.11,43.13,31.82,2.91,56.3,0.177
8,2026-05-02,30.78,41.18,33.17,2.72,56.36,0.285
8,2026-05-03,30.83,41.47,32.87,1.66,56.85,0.165
8,2026-05-04,30.41,42.09,31.35,1.49,55.82,0.297
8,2026-05-05,29.67,42.12,33.44,2.19,54.85,0.241
8,2026-05-06,31.26,41.47,33.06,2.42,56.69,0.21
8,2026-05-07,29.87,41.5,32.12,2.34,56.69,0.208
8,2026-05-08,30.39,42.08,30.61,1.18,55.59,0.215
8,2026-05-09,30.08,41.5,31.29,2.48,56.56,0.13
8,2026-05-10,30.34,40.72,33.61,1.46,55.96,0.238
8,2026-05-11,30.15,41.68,33.47,2.08,57.07,0.343
8,2026-05-12,29.46,43.26,32.69,2.74,55.54,0.308
7,2026-05-01,30.55,40.74,33.81,2.07,45.9,0.183
7,2026-05-02,31.0,42.24,32.28,2.65,47.44,0.111
7,2026-05-03,29.74,40.38,31.85,2.86,46.71,0.119
7,2026-05-04,29.91,42.15,31.28,1.47,46.39,0.09
7,2026-05-05,30.88,41.54,32.27,0.68,45.43,0.139
7,2026-05-06,30.4,41.29,31.87,3.17,47.29,0.133
7,2026-05-07,29.59,42.77,31.47,2.8,47.56,0.142
7,2026-05-08,29.94,41.3,30.98,0.68,45.76,0.231
7,2026-05-09,29.77,41.04,31.34,0.33,47.45,0.075
7,2026-05-10,29.59,41.73,30.5,2.1,47.25,0.127
7,2026-05-11,30.37,40.23,32.21,1.64,46.31,0.276
7,2026-05-12,30.6,42.44,32.33,0.48,46.35,0.203
7,2026-05-13,28.88,42.43,31.82,1.89,45.31,0.176
7,2026-05-14,30.45,40.93,31.83,0.0,47.34,0.116
7,2026-05-15,28.21,40.36,31.01,2.05,45.29,0.189
7,2026-05-16,29.31,43.21,32.25,3.32,45.2,0.216
7,2026-05-17,29.32,41.75,32.37,0.12,45.09,0.114
7,2026-05-18,28.82,40.57,30.89,0.25,46.2,0.207
7,2026-05-19,28.99,40.72,31.76,1.34,45.48,0.227
7,2026-05-20,30.93,41.83,31.56,3.34,47.68,0.148
7,2026-05-21,30.06,42.29,31.03,1.91,46.15,0.133
7,2026-05-22,29.96,39.8,31.26,0.0,48.16,0.289
7,2026-05-23,31.27,41.49,32.65,2.69,47.02,0.235
7,2026-05-24,29.35,41.6,31.27,0.48,45.08,0.198
7,2026-05-25,31.11,39.98,33.32,2.87,45.76,0.145
7,2026-05-26,30.1,42.1,31.4,0.55,46.41,0.083
7,2026-05-27,30.29,42.25,32.02,2.24,46.55,0.219
7,2026-05-28,30.29,40.46,31.54,1.47,47.23,0.3
7,2026-05-01,30.54,40.53,31.08,1.37,47.35,0.191
7,2026-05-02,30.11,40.52,32.53,1.8,46.05,0.176
7,2026-05-03,31.68,41.07,33.26,2.66,46.15,0.232
7,2026-05-04,30.05,40.46,31.5,0.72,46.56,0.171
7,2026-05-05,30.67,41.95,28.93,1.82,44.48,0.18
7,2026-05-06,29.37,41.3,32.97,0.0,46.27,0.165
7,2026-05-07,28.46,41.79,31.77,1.08,45.45,0.523
7,2026-05-08,29.81,39.59,30.9,1.21,45.75,0.165
7,2026-05-09,29.22,41.7,31.3,0.32,45.37,0.149
7,2026-05-10,30.92,41.65,31.44,1.56,46.29,0.347
7,2026-05-11,29.6,41.63,32.39,0.68,46.27,0.18
7,2026-05-12,29.74,41.72,32.67,2.56,45.93,0.182
5,2026-05-01,32.16,39.83,31.7,2.1,50.64,0.126
5,2026-05-02,30.2,41.5,32.65,1.1,50.68,0.098
5,2026-05-03,29.68,40.8,30.48,1.97,52.03,0.182
5,2026-05-04,31.19,39.95,32.87,0.66,50.45,0.191
5,2026-05-05,29.08,41.58,31.75,1.16,49.71,0.116
5,2026-05-06,29.62,41.76,32.6,0.06,50.05,0.089
5,2026-05-07,28.98,39.81,31.58,1.11,49.01,0.083
5,2026-05-08,30.51,39.73,30.67,2.73,51.69,0.057
5,2026-05-09,28.82,41.16,30.43,1.07,50.09,0.122
5,2026-05-10,27.76,38.84,30.4,2.21,50.36,0.055
5,2026-05-11,30.48,41.46,31.28,1.0,50.89,0.153
5,2026-05-12,30.18,41.3,31.46,0.96,49.68,0.109
5,2026-05-13,29.77,40.6,32.34,1.74,51.28,0.058
5,2026-05-14,30.54,40.29,30.77,0.53,51.59,0.134
5,2026-05-15,29.39,39.8,31.51,0.89,51.99,0.06
5,2026-05-16,28.39,40.59,31.51,1.42,51.18,0.207
5,2026-05-17,29.73,40.33,29.92,1.52,51.27,0.091
5,2026-05-18,31.1,40.85,32.86,1.6,49.55,0.08
5,2026-05-19,28.66,39.26,31.74,2.08,52.26,0.098
5,2026-05-20,29.83,39.82,32.39,1.65,49.96,0.127
5,2026-05-21,30.55,39.14,32.17,1.42,50.15,0.086
5,2026-05-22,31.61,42.2,33.14,0.27,49.91,0.137
5,2026-05-23,28.95,40.17,29.88,2.97,51.46,0.117
5,2026-05-24,30.24,40.44,31.14,1.85,49.86,0.154
5,2026-05-25,29.6,40.03,32.67,1.17,51.0,0.086
5,2026-05-26,28.01,41.31,30.29,2.27,49.1,0.052
5,2026-05-27,30.32,41.2,31.6,0.21,51.3,0.06
5,2026-05-28,29.62,40.11,31.16,2.07,49.93,0.122
5,2026-05-01,30.66,39.28,30.45,0.95,49.97,0.111
5,2026-05-02,28.3,41.47,32.17,1.15,49.26,0.1
5,2026-05-03,29.56,41.33,31.42,1.96,50.11,0.166
5,2026-05-04,27.97,39.91,31.94,0.0,51.16,0.065
5,2026-05-05,30.12,40.0,31.1,1.46,50.41,0.088
5,2026-05-06,31.98,40.83,30.63,2.13,51.24,0.153
5,2026-05-07,31.65,39.97,32.45,2.33,50.5,0.109
5,2026-05-08,27.34,40.3,33.11,0.0,50.02,0.111
5,2026-05-09,30.56,42.29,29.91,1.34,51.27,0.063
5,2026-05-10,30.0,42.52,32.68,1.79,48.15,0.096
5,2026-05-11,30.39,40.54,31.44,4.08,50.31,0.071
5,2026-05-12,30.26,40.54,31.22,1.22,51.2,0.109
1,2026-05-01,29.04,40.64,31.89,0.74,46.83,0.249
1,2026-05-02,29.23,41.05,33.25,2.56,45.75,0.26
1,2026-05-03,29.51,39.46,31.96,1.38,46.26,0.188
1,2026-05-04,30.41,40.3,31.89,1.91,45.75,0.253
1,2026-05-05,28.53,40.05,32.76,2.75,46.03,0.183
1,2026-05-06,28.98,41.09,32.16,0.0,46.3,0.226
1,2026-05-07,30.52,39.75,31.95,0.0,47.14,0.199
1,2026-05-08,29.07,41.97,32.5,0.57,47.78,0.134
1,2026-05-09,30.4,41.82,29.42,2.06,45.74,0.189
1,2026-05-10,29.15,41.06,30.46,0.29,45.4,0.124
1,2026-05-11,31.54,39.56,30.78,0.88,45.8,0.251
1,2026-05-12,30.86,40.49,31.11,1.19,46.54,0.243
1,2026-05-13,29.66,38.91,33.39,2.02,46.04,0.214
1,2026-05-14,29.65,39.86,31.16,0.96,45.24,0.114
1,2026-05-15,29.84,41.28,31.01,1.18,43.94,0.177
1,2026-05-16,30.01,39.66,29.9,1.53,45.07,0.225
1,2026-05-17,29.74,41.32,31.16,0.0,45.72,0.169
1,2026-05-18,30.71,40.35,31.11,1.93,46.85,0.248
1,2026-05-19,31.05,41.17,32.15,1.95,46.16,0.194
1,2026-05-20,30.25,42.92,31.47,0.95,45.47,0.188
1,2026-05-21,30.34,39.74,29.68,1.43,44.35,0.208
1,2026-05-22,30.25,41.8,32.96,1.49,45.3,0.126
1,2026-05-23,29.41,40.8,29.6,1.23,45.79,0.238
1,2026-05-24,29.82,40.85,30.8,0.74,44.2,0.198
1,2026-05-25,31.51,40.91,31.79,0.28,47.09,0.145
1,2026-05-26,30.84,40.86,30.6,2.08,45.81,0.202
1,2026-05-27,30.53,40.74,31.12,1.58,45.44,0.194
1,2026-05-28,29.52,39.42,30.85,0.71,45.81,0.288
1,2026-05-01,28.6,40.88,29.47,0.22,45.34,0.086
1,2026-05-02,28.45,40.9,31.53,1.06,45.08,0.404
1,2026-05-03,29.97,39.98,32.97,1.71,45.47,0.288
1,2026-05-04,30.26,41.34,31.67,0.23,46.67,0.201
1,2026-05-05,29.21,40.07,32.32,0.83,45.84,0.239
1,2026-05-06,30.24,39.39,32.03,2.0,46.58,0.335
1,2026-05-07,30.45,41.46,32.89,0.9,47.36,0.349
1,2026-05-08,30.82,42.42,32.23,0.37,46.82,0.213
1,2026-05-09,30.49,40.9,32.68,1.66,45.17,0.225
1,2026-05-10,30.78,40.11,31.07,0.82,45.25,0.215
1,2026-05-11,31.04,42.46,32.54,2.08,46.83,0.303
1,2026-05-12,29.78,41.38,31.75,1.04,45.39,0.159
10,2026-05-01,29.91,40.41,31.67,1.58,43.2,0.259
10,2026-05-02,30.8,40.99,31.1,0.15,41.1,0.117
10,2026-05-03,31.53,39.88,31.62,2.93,42.69,0.407
10,2026-05-04,31.81,42.37,33.34,2.16,42.44,0.276
10,2026-05-05,29.75,40.35,30.05,3.68,42.62,0.229
10,2026-05-06,29.56,41.65,30.99,1.24,42.02,0.141
10,2026-05-07,29.49,41.79,33.08,2.56,44.75,0.274
10,2026-05-08,30.08,40.34,31.22,0.0,42.84,0.409
10,2026-05-09,30.46,42.55,30.87,0.38,42.69,0.202
10,2026-05-10,31.25,43.32,30.55,1.3,42.99,0.205
10,2026-05-11,29.05,41.63,31.55,1.97,42.04,0.223
10,2026-05-12,28.61,42.37,30.31,1.38,42.72,0.189
10,2026-05-13,29.22,39.95,32.79,1.86,43.37,0.484
10,2026-05-14,30.09,42.04,31.25,2.7,43.58,0.26
10,2026-05-15,29.95,41.8,32.28,0.0,43.01,0.201
10,2026-05-16,29.91,39.77,31.89,0.87,42.92,0.195
10,2026-05-17,28.68,41.15,29.57,0.78,42.85,0.232
10,2026-05-18,30.23,41.43,33.15,2.02,42.03,0.188
10,2026-05-19,29.59,41.39,30.69,0.86,44.61,0.236
10,2026-05-20,29.88,41.32,31.03,2.88,43.56,0.345
10,2026-05-21,27.37,41.84,32.18,3.41,43.16,0.128
10,2026-05-22,30.71,41.01,29.62,1.07,44.08,0.355
10,2026-05-23,30.83,40.61,33.5,0.58,43.06,0.14
10,2026-05-24,31.37,41.95,32.03,1.72,43.07,0.248
10,2026-05-25,28.49,42.45,32.06,1.28,43.12,0.259
10,2026-05-26,31.6,41.95,31.28,1.18,41.78,0.189
10,2026-05-27,30.25,41.33,31.31,2.31,43.53,0.257
10,2026-05-28,30.78,41.73,31.21,2.06,41.59,0.362
10,2026-05-01,29.03,42.32,31.25,2.64,43.17,0.168
10,2026-05-02,31.16,41.73,31.35,1.72,44.05,0.312
10,2026-05-03,30.4,40.17,30.88,1.74,44.76,0.268
10,2026-05-04,30.11,42.64,31.15,1.62,43.29,0.139
10,2026-05-05,31.06,41.95,30.99,0.62,43.34,0.383
10,2026-05-06,29.62,40.61,31.63,0.21,41.15,0.201
10,2026-05-07,29.58,41.32,30.75,1.95,42.95,0.19
10,2026-05-08,29.79,42.14,32.11,2.47,43.78,0.074
10,2026-05-09,29.3,41.29,31.44,0.2,44.43,0.261
10,2026-05-10,29.64,41.72,30.94,0.97,43.61,0.2
10,2026-05-11,28.93,41.0,31.15,0.68,44.29,0.16
10,2026-05-12,31.79,42.38,30.41,1.77,44.22,0.22
6,2026-05-01,28.71,39.93,32.7,0.0,47.46,0.103
6,2026-05-02,29.68,39.48,30.62,1.64,47.5,0.072
6,2026-05-03,31.19,38.66,31.51,0.88,48.04,0.116
6,2026-05-04,30.74,39.81,31.79,1.02,48.9,0.08
6,2026-05-05,30.87,40.25,31.07,0.2,47.37,0.061
6,2026-05-06,28.56,40.48,29.52,2.01,46.72,0.112
6,2026-05-07,29.86,40.22,30.67,0.39,46.85,0.148
6,2026-05-08,30.82,40.98,31.25,0.54,45.46,0.129
6,2026-05-09,30.55,39.48,31.64,1.88,47.05,0.149
6,2026-05-10,30.08,38.28,30.49,0.35,47.45,0.076
6,2026-05-11,29.4,38.97,30.88,0.78,47.85,0.136
6,2026-05-12,29.95,40.06,31.02,0.82,48.36,0.043
6,2026-05-13,29.64,40.12,31.94,0.0,47.28,0.139
6,2026-05-14,29.4,38.12,30.6,0.0,47.56,0.076
6,2026-05-15,31.4,39.97,30.19,0.27,45.99,0.118
6,2026-05-16,31.14,39.65,31.75,0.0,47.25,0.23
6,2026-05-17,28.53,40.95,31.98,0.0,45.68,0.073
6,2026-05-18,30.67,39.45,30.77,1.36,47.08,0.111
6,2026-05-19,29.51,40.85,30.22,2.23,46.66,0.078
6,2026-05-20,30.38,40.24,29.14,0.92,45.75,0.077
6,2026-05-21,30.51,39.06,31.24,0.37,48.71,0.099
6,2026-05-22,28.74,38.84,30.1,0.83,46.96,0.144
6,2026-05-23,29.94,39.95,31.2,0.59,47.22,0.135
6,2026-05-24,30.5,39.34,29.32,0.0,47.21,0.043
6,2026-05-25,29.36,40.23,30.4,0.0,48.53,0.166
6,2026-05-26,29.55,41.02,32.07,0.0,49.37,0.074
6,2026-05-27,29.55,38.84,30.97,0.0,46.95,0.149
6,2026-05-28,29.97,39.58,32.29,0.0,47.82,0.092
6,2026-05-01,29.97,39.85,31.01,0.65,46.24,0.083
6,2026-05-02,30.17,39.72,29.85,0.06,46.32,0.1
6,2026-05-03,29.93,39.89,30.3,0.71,45.71,0.037
6,2026-05-04,29.72,38.32,30.03,0.0,47.5,0.066
6,2026-05-05,30.01,39.36,29.77,0.0,47.34,0.116
6,2026-05-06,30.45,41.44,31.12,0.93,46.81,0.105
6,2026-05-07,29.43,38.98,32.66,0.0,47.14,0.117
6,2026-05-08,29.88,38.92,30.69,0.25,45.94,0.099
6,2026-05-09,29.37,39.28,31.47,0.0,47.3,0.081
6,2026-05-10,30.12,39.83,31.07,0.0,46.2,0.074
6,2026-05-11,29.88,40.44,31.82,0.2,46.97,0.057
6,2026-05-12,27.73,38.99,30.25,0.0,45.29,0.12
11,2026-05-01,29.08,38.19,32.88,0.65,28.2,0.227
11,2026-05-02,29.11,41.12,29.41,0.0,28.36,0.137
11,2026-05-03,31.06,38.25,30.13,0.7,28.98,0.253
11,2026-05-04,30.09,41.66,30.36,0.64,29.24,0.159
11,2026-05-05,29.52,39.26,30.2,0.0,27.97,0.104
11,2026-05-06,30.12,38.25,32.63,2.0,29.46,0.165
11,2026-05-07,29.25,40.77,30.93,0.97,27.82,0.257
11,2026-05-08,29.05,39.77,29.22,0.0,28.91,0.151
11,2026-05-09,29.37,40.37,30.7,1.58,26.29,0.216
11,2026-05-10,30.22,38.28,29.6,1.25,27.5,0.142
11,2026-05-11,30.3,39.37,31.19,0.0,28.72,0.258
11,2026-05-12,30.05,37.7,31.35,0.51,27.64,0.287
11,2026-05-13,28.2,41.34,30.19,1.87,28.41,0.111
11,2026-05-14,29.85,39.96,31.25,1.41,27.65,0.21
11,2026-05-15,30.42,39.42,29.92,0.0,29.12,0.233
11,2026-05-16,29.02,38.46,31.87,0.0,28.59,0.133
11,2026-05-17,28.19,39.77,30.59,1.75,30.49,0.165
11,2026-05-18,30.68,40.6,30.29,0.0,29.89,0.155
11,2026-05-19,29.74,39.4,30.64,0.0,29.12,0.273
11,2026-05-20,29.43,38.42,30.8,0.0,27.88,0.271
11,2026-05-21,31.84,40.0,29.81,1.16,26.44,0.139
11,2026-05-22,31.12,40.33,29.52,0.0,29.22,0.174
11,2026-05-23,29.23,40.03,30.25,0.0,29.17,0.141
11,2026-05-24,28.86,38.47,30.98,0.0,29.01,0.161
11,2026-05-25,30.73,39.31,30.17,0.0,27.47,0.227
11,2026-05-26,32.5,38.54,29.83,0.76,28.88,0.139
11,2026-05-27,29.83,38.22,30.49,1.27,29.91,0.167
11,2026-05-28,29.53,40.07,31.75,0.9,27.78,0.2
11,2026-05-01,30.63,39.02,29.56,0.92,28.78,0.247
11,2026-05-02,29.84,39.08,30.37,0.0,27.6,0.145
11,2026-05-03,29.33,40.66,29.66,0.42,27.93,0.297
11,2026-05-04,30.0,39.33,31.49,0.52,28.03,0.302
11,2026-05-05,30.4,41.21,31.8,1.16,28.58,0.121
11,2026-05-06,30.4,39.73,31.37,0.46,27.84,0.125
11,2026-05-07,30.4,40.83,30.51,0.88,29.7,0.133
11,2026-05-08,29.47,38.67,31.83,0.71,28.05,0.1
11,2026-05-09,29.61,40.56,30.51,0.09,29.04,0.116
11,2026-05-10,29.82,40.21,30.08,0.0,28.69,0.171
11,2026-05-11,29.56,39.86,30.97,0.0,27.87,0.208
11,2026-05-12,30.78,40.89,30.02,1.45,29.14,0.176
13,2026-05-01,30.19,40.02,31.47,0.0,22.41,0.132
13,2026-05-02,29.57,40.3,30.61,0.0,21.62,0.15
13,2026-05-03,28.5,40.05,29.81,0.13,22.17,0.259
13,2026-05-04,29.79,38.96,31.43,0.0,21.4,0.086
13,2026-05-05,30.73,39.52,30.3,0.13,21.75,0.106
13,2026-05-06,29.07,39.67,29.99,1.44,21.2,0.117
13,2026-05-07,28.86,40.51,28.79,0.67,23.15,0.132
13,2026-05-08,30.41,37.39,29.54,0.0,22.03,0.139
13,2026-05-09,29.08,40.13,30.2,0.0,21.42,0.083
13,2026-05-10,29.6,41.17,29.25,0.36,21.39,0.183
13,2026-05-11,30.16,39.08,28.3,0.0,22.94,0.128
13,2026-05-12,30.33,38.86,28.23,0.37,22.16,0.114
13,2026-05-13,29.44,39.55,29.36,0.3,21.7,0.061
13,2026-05-14,29.64,38.76,29.14,0.35,21.44,0.167
13,2026-05-15,30.74,39.42,28.51,0.0,22.69,0.127
13,2026-05-16,29.05,39.21,30.34,0.22,22.45,0.104
13,2026-05-17,29.53,39.07,29.87,0.0,21.67,0.087
13,2026-05-18,31.01,40.68,31.39,0.71,21.45,0.194
13,2026-05-19,29.59,39.84,29.09,0.0,22.3,0.257
13,2026-05-20,29.75,41.3,32.35,0.0,21.86,0.1
13,2026-05-21,29.65,38.82,29.84,0.85,22.72,0.152
13,2026-05-22,29.78,39.4,30.01,0.51,21.89,0.166
13,2026-05-23,28.61,40.0,31.45,0.16,20.63,0.222
13,2026-05-24,29.48,36.64,29.7,0.54,22.23,0.214
13,2026-05-25,30.33,39.41,28.14,0.0,22.05,0.176
13,2026-05-26,28.86,38.75,30.32,0.0,20.16,0.129
13,2026-05-27,30.0,38.87,27.86,0.02,20.71,0.175
13,2026-05-28,29.69,39.53,30.47,0.0,22.63,0.214
13,2026-05-01,30.13,40.48,29.34,0.82,22.13,0.099
13,2026-05-02,29.71,38.83,29.41,0.08,22.84,0.125
13,2026-05-03,29.89,37.99,29.99,1.03,22.61,0.164
13,2026-05-04,29.31,38.43,29.82,0.0,20.79,0.193
13,2026-05-05,28.96,40.9,28.63,0.38,20.85,0.148
13,2026-05-06,28.85,39.34,29.76,0.0,22.35,0.235
13,2026-05-07,29.25,40.09,29.98,0.0,23.84,0.066
13,2026-05-08,29.17,37.69,29.62,0.0,25.29,0.157
13,2026-05-09,31.38,40.46,29.51,0.43,23.38,0.148
13,2026-05-10,29.97,39.75,28.56,0.0,22.19,0.168
13,2026-05-11,28.96,39.01,29.79,0.0,22.51,0.145
13,2026-05-12,29.93,38.04,28.96,0.29,20.47,0.153
14,2026-05-01,31.1,43.62,34.46,2.08,80.12,0.323
14,2026-05-02,31.74,46.8,31.99,2.67,80.67,0.567
14,2026-05-03,31.35,42.14,35.07,1.71,80.83,0.253
14,2026-05-04,30.7,43.9,34.65,3.43,80.35,0.484
14,2026-05-05,31.35,44.44,34.02,3.23,80.33,0.388
14,2026-05-06,31.87,44.42,33.16,4.22,80.46,0.529
14,2026-05-07,31.86,45.43,31.92,4.51,80.68,0.265
14,2026-05-08,31.79,46.35,34.33,1.57,80.46,0.646
14,2026-05-09,30.42,44.17,33.61,4.61,80.61,0.641
14,2026-05-10,31.07,43.61,34.77,3.23,79.33,0.507
14,2026-05-11,32.25,43.78,34.07,2.91,80.44,0.331
14,2026-05-12,31.07,44.09,32.68,2.63,79.54,0.416
14,2026-05-13,31.6,43.41,34.63,4.4,82.05,0.252
14,2026-05-14,32.81,44.53,33.82,2.14,80.86,0.657
14,2026-05-15,32.16,43.96,33.27,2.3,81.39,0.775
14,2026-05-16,30.72,44.33,33.53,2.0,81.22,0.491
14,2026-05-17,30.4,43.4,34.94,2.95,81.33,0.34
14,2026-05-18,31.33,44.74,33.43,1.68,80.87,0.555
14,2026-05-19,30.75,45.27,34.5,1.9,80.88,0.399
14,2026-05-20,32.23,44.92,32.71,1.47,81.79,0.421
14,2026-05-21,32.04,44.63,35.23,1.59,81.84,0.305
14,2026-05-22,32.32,45.52,32.64,3.03,80.62,0.366
14,2026-05-23,31.71,43.39,33.01,3.25,81.62,0.333
14,2026-05-24,30.37,46.39,34.85,2.99,79.95,0.331
14,2026-05-25,31.89,43.48,35.29,2.79,81.22,0.284
14,2026-05-26,30.86,43.63,34.11,2.43,80.61,0.452
14,2026-05-27,31.87,45.65,33.69,1.77,80.86,0.671
14,2026-05-28,31.18,44.37,33.55,3.03,81.1,0.306
14,2026-05-01,31.47,45.16,34.84,3.49,81.63,0.361
14,2026-05-02,31.35,45.15,32.83,2.62,79.23,0.356
14,2026-05-03,31.05,43.26,34.38,2.02,80.55,0.371
14,2026-05-04,31.02,45.59,33.43,2.84,79.72,0.344
14,2026-05-05,31.38,44.06,33.35,2.8,82.25,0.387
14,2026-05-06,31.55,43.99,36.11,4.1,81.36,0.516
14,2026-05-07,31.04,44.2,34.06,2.78,80.11,0.31
14,2026-05-08,32.13,44.61,32.01,2.75,81.99,0.325
14,2026-05-09,31.88,43.05,34.61,1.69,79.77,0.364
14,2026-05-10,33.76,43.79,32.76,3.08,81.07,0.717
14,2026-05-11,30.55,42.93,33.59,3.01,81.19,0.589
14,2026-05-12,30.35,43.6,33.76,3.41,81.29,0.351
3,2026-05-01,30.16,43.56,34.63,4.99,84.12,0.328
3,2026-05-02,30.0,42.3,33.2,2.18,83.5,0.156
3,2026-05-03,31.02,42.39,34.38,2.52,84.27,0.312
3,2026-05-04,31.34,42.92,33.78,2.65,84.78,0.143
3,2026-05-05,32.07,44.17,34.81,2.16,82.87,0.162
3,2026-05-06,31.2,43.51,33.63,2.33,85.61,0.149
3,2026-05-07,32.0,43.58,32.62,2.84,83.78,0.136
3,2026-05-08,29.43,41.4,34.16,2.25,84.51,0.131
3,2026-05-09,30.78,42.54,32.43,1.13,84.66,0.198
3,2026-05-10,30.24,42.69,34.38,4.21,83.49,0.232
3,2026-05-11,32.93,42.84,35.09,0.31,85.55,0.187
3,2026-05-12,29.41,43.47,34.72,3.66,85.33,0.186
3,2026-05-13,30.4,42.38,33.76,2.95,83.85,0.191
3,2026-05-14,31.84,43.07,35.82,4.5,83.26,0.155
3,2026-05-15,29.91,41.76,34.28,1.72,83.35,0.171
3,2026-05-16,31.77,42.47,33.48,3.41,84.69,0.22
3,2026-05-17,31.9,41.89,33.98,2.03,85.18,0.249
3,2026-05-18,30.14,43.97,32.76,3.63,84.46,0.139
3,2026-05-19,30.07,42.51,33.77,1.96,84.77,0.116
3,2026-05-20,31.06,42.78,32.14,2.87,83.16,0.08
3,2026-05-21,30.52,42.58,34.59,2.16,85.58,0.309
3,2026-05-22,32.03,43.96,34.1,2.1,84.85,0.262
3,2026-05-23,31.27,42.57,32.4,3.19,84.58,0.12
3,2026-05-24,31.15,43.42,33.7,3.29,84.94,0.113
3,2026-05-25,30.8,43.21,34.61,3.84,82.57,0.184
3,2026-05-26,31.7,43.87,35.29,1.76,83.94,0.131
3,2026-05-27,31.79,41.61,34.84,3.42,84.71,0.089
3,2026-05-28,30.46,43.45,32.53,2.38,84.18,0.256
3,2026-05-01,31.31,43.03,33.4,2.6,84.15,0.242
3,2026-05-02,30.9,43.7,32.28,3.66,84.12,0.278
3,2026-05-03,31.14,43.54,35.12,2.1,84.34,0.177
3,2026-05-04,31.25,41.34,33.64,2.37,83.57,0.176
3,2026-05-05,29.69,44.02,34.19,4.27,83.49,0.125
3,2026-05-06,31.31,41.3,33.99,1.97,83.97,0.205
3,2026-05-07,31.1,44.44,34.35,1.44,85.14,0.118
3,2026-05-08,31.14,41.67,33.05,3.76,83.77,0.15
3,2026-05-09,30.56,42.5,35.07,1.54,83.17,0.229
3,2026-05-10,29.64,42.45,34.79,2.59,83.84,0.147
3,2026-05-11,30.24,42.25,33.9,3.69,85.12,0.154
3,2026-05-12,30.4,43.39,32.17,2.19,83.97,0.127
2,2026-05-01,30.14,42.72,32.0,1.55,64.08,0.202
2,2026-05-02,29.8,43.37,33.19,2.13,64.33,0.155
2,2026-05-03,30.15,43.42,33.64,2.26,65.53,0.153
2,2026-05-04,31.57,42.41,32.66,3.03,63.31,0.245
2,2026-05-05,30.23,42.75,34.67,2.85,64.1,0.193
2,2026-05-06,30.68,41.35,32.46,2.38,65.11,0.106
2,2026-05-07,30.94,42.83,33.54,1.45,65.55,0.128
2,2026-05-08,31.57,43.79,31.63,2.56,64.9,0.21
2,2026-05-09,30.31,42.1,32.2,2.45,65.1,0.154
2,2026-05-10,30.17,41.95,33.42,2.38,64.53,0.198
2,2026-05-11,29.83,39.95,33.97,3.58,63.36,0.154
2,2026-05-12,31.25,43.21,34.0,3.45,64.57,0.223
2,2026-05-13,31.35,41.98,34.48,2.87,65.48,0.169
2,2026-05-14,31.89,41.43,33.77,0.02,63.72,0.249
2,2026-05-15,30.58,42.51,31.99,3.69,65.14,0.191
2,2026-05-16,31.35,42.65,34.67,2.51,63.31,0.177
2,2026-05-17,32.11,42.86,33.05,2.86,64.71,0.238
2,2026-05-18,29.58,41.57,34.01,2.12,64.92,0.378
2,2026-05-19,30.71,42.57,32.93,1.77,64.54,0.117
2,2026-05-20,29.13,43.56,33.33,3.31,64.72,0.203
2,2026-05-21,31.57,42.99,32.36,3.38,63.76,0.207
2,2026-05-22,33.23,42.43,34.89,2.02,65.15,0.197
2,2026-05-23,31.35,41.61,32.61,2.62,63.24,0.145
2,2026-05-24,31.55,41.82,32.64,1.35,64.74,0.171
2,2026-05-25,31.11,42.2,35.05,1.94,62.89,0.201
2,2026-05-26,30.98,42.5,32.01,3.32,64.58,0.19
2,2026-05-27,29.59,42.78,33.36,3.51,64.25,0.127
2,2026-05-28,31.09,41.56,33.79,1.37,64.5,0.179
2,2026-05-01,30.95,41.91,32.71,2.27,64.1,0.204
2,2026-05-02,30.74,40.4,33.37,3.54,64.88,0.237
2,2026-05-03,31.38,41.95,32.26,3.03,65.53,0.234
2,2026-05-04,31.35,42.71,33.4,2.56,64.62,0.216
2,2026-05-05,30.16,41.81,33.92,2.03,62.51,0.202
2,2026-05-06,29.0,44.02,34.05,2.91,64.04,0.132
2,2026-05-07,30.8,42.38,32.76,2.46,65.21,0.237
2,2026-05-08,30.09,40.49,33.43,1.76,65.0,0.336
2,2026-05-09,32.41,42.62,34.39,3.75,64.66,0.212
2,2026-05-10,31.73,42.34,33.0,1.68,64.63,0.158
2,2026-05-11,31.68,42.09,34.69,3.38,63.56,0.279
2,2026-05-12,30.65,43.56,33.88,2.3,65.21,0.161
12,2026-05-01,31.21,42.51,33.16,2.52,65.87,0.364
12,2026-05-02,29.89,42.72,33.7,2.8,66.26,0.832
12,2026-05-03,30.74,42.32,32.65,3.43,66.34,0.422
12,2026-05-04,30.13,42.46,32.99,3.0,66.5,0.228
12,2026-05-05,31.33,41.18,32.49,2.87,65.15,0.391
12,2026-05-06,30.61,41.42,33.52,2.75,66.26,0.287
12,2026-05-07,31.64,42.85,33.27,1.56,65.95,0.25
12,2026-05-08,31.54,42.7,33.58,3.41,66.51,0.27
12,2026-05-09,30.64,43.84,31.58,2.47,67.15,0.313
12,2026-05-10,32.95,43.22,33.99,1.47,67.2,0.271
12,2026-05-11,31.01,42.39,32.93,2.77,68.16,0.433
12,2026-05-12,31.16,40.59,34.26,3.15,66.62,0.263
12,2026-05-13,31.54,41.55,34.02,1.33,66.01,0.31
12,2026-05-14,29.75,42.24,33.8,1.13,67.57,0.257
12,2026-05-15,31.45,42.42,32.96,1.81,65.35,0.246
12,2026-05-16,30.34,43.63,34.21,1.09,67.47,0.333
12,2026-05-17,30.67,42.63,34.02,1.77,66.56,0.327
12,2026-05-18,30.16,42.4,33.29,1.68,66.09,0.342
12,2026-05-19,31.73,42.52,32.63,2.89,66.94,0.376
12,2026-05-20,31.98,41.49,33.24,1.75,66.06,0.597
12,2026-05-21,31.79,40.76,33.72,1.79,67.76,0.318
12,2026-05-22,30.85,42.37,33.68,2.28,66.61,0.296
12,2026-05-23,31.43,41.3,33.36,2.16,66.39,0.394
12,2026-05-24,29.91,41.94,32.64,2.72,66.41,0.315
12,2026-05-25,31.32,40.91,33.74,1.63,66.59,0.299
12,2026-05-26,31.68,42.87,34.84,2.41,66.4,0.263
12,2026-05-27,31.55,43.6,33.65,1.78,67.03,0.337
12,2026-05-28,31.03,41.63,31.23,1.81,67.68,0.332
12,2026-05-01,29.14,42.25,31.81,3.93,66.96,0.209
12,2026-05-02,31.67,41.59,33.83,2.28,65.81,0.385
12,2026-05-03,29.87,43.38,33.41,1.4,65.28,0.526
12,2026-05-04,32.22,41.19,34.74,2.4,66.61,0.301
12,2026-05-05,30.77,43.45,33.49,0.71,68.56,0.414
12,2026-05-06,30.08,41.95,32.6,2.3,67.13,0.335
12,2026-05-07,30.5,41.58,34.07,2.18,68.69,0.238
12,2026-05-08,31.66,42.29,32.72,3.41,66.9,0.231
12,2026-05-09,30.73,43.11,32.33,3.42,67.38,0.283
12,2026-05-10,32.14,43.72,33.86,2.4,68.35,0.506
12,2026-05-11,30.22,42.08,33.18,1.91,65.54,0.417
12,2026-05-12,31.07,42.33,34.55,1.78,66.75,0.339
4,2026-05-01,30.47,42.03,33.97,2.11,61.82,0.063
4,2026-05-02,31.0,40.91,33.22,1.53,61.85,0.102
4,2026-05-03,31.26,43.68,34.54,2.73,60.12,0.05
4,2026-05-04,30.8,41.82,32.77,1.87,59.3,0.131
4,2026-05-05,29.86,41.55,33.8,0.74,61.48,0.109
4,2026-05-06,30.56,41.21,32.92,0.55,61.88,0.081
4,2026-05-07,30.2,41.35,33.81,3.4,59.62,0.066
4,2026-05-08,29.33,42.69,33.45,4.04,60.6,0.069
4,2026-05-09,30.23,42.85,31.93,2.76,60.91,0.068
4,2026-05-10,30.06,43.02,34.91,1.74,61.15,0.143
4,2026-05-11,30.3,41.91,32.28,1.99,60.63,0.07
4,2026-05-12,30.2,40.77,32.17,1.29,61.25,0.068
4,2026-05-13,30.1,42.68,33.8,1.47,60.16,0.1
4,2026-05-14,31.14,41.4,33.53,2.09,61.65,0.06
4,2026-05-15,31.59,42.49,32.46,3.02,61.48,0.052
4,2026-05-16,32.53,41.14,32.53,1.84,61.36,0.097
4,2026-05-17,30.75,43.29,33.67,3.32,63.12,0.085
4,2026-05-18,28.61,41.73,32.39,2.2,60.78,0.053
4,2026-05-19,29.83,41.89,33.15,0.0,61.54,0.081
4,2026-05-20,30.82,42.38,32.43,2.08,61.6,0.115
4,2026-05-21,31.23,41.88,32.61,3.27,61.16,0.069
4,2026-05-22,28.94,41.36,31.64,3.21,60.86,0.062
4,2026-05-23,30.59,44.39,34.38,0.94,60.59,0.053
4,2026-05-24,29.32,42.27,35.44,3.49,60.74,0.07
4,2026-05-25,31.01,43.03,32.03,0.47,62.36,0.088
4,2026-05-26,32.25,42.33,34.63,1.58,61.14,0.136
4,2026-05-27,31.73,41.71,34.11,1.53,59.43,0.096
4,2026-05-28,32.07,42.87,32.2,2.89,61.3,0.068
4,2026-05-01,28.62,43.02,34.11,2.56,59.16,0.048
4,2026-05-02,31.73,42.84,33.76,1.9,61.05,0.066
4,2026-05-03,30.55,41.35,33.55,1.75,61.55,0.103
4,2026-05-04,30.1,43.76,32.32,2.52,61.67,0.125
4,2026-05-05,28.85,43.02,34.41,3.41,58.7,0.063
4,2026-05-06,30.74,41.72,34.52,1.51,61.8,0.097
4,2026-05-07,29.52,41.23,32.9,2.21,61.59,0.075
4,2026-05-08,31.65,40.7,30.58,1.82,61.11,0.071
4,2026-05-09,29.92,42.5,35.06,2.03,60.05,0.06
4,2026-05-10,32.6,42.08,33.87,3.22,61.67,0.058
4,2026-05-11,31.69,42.88,33.76,3.03,60.19,0.078
4,2026-05-12,30.36,42.8,32.73,2.47,59.72,0.077
9,2026-05-01,30.22,41.24,33.32,1.93,64.5,0.141
9,2026-05-02,31.54,40.78,32.98,1.36,65.6,0.211
9,2026-05-03,31.0,42.4,34.68,3.17,65.26,0.191
9,2026-05-04,31.71,42.41,33.96,2.82,64.77,0.242
9,2026-05-05,31.53,42.49,32.27,2.93,64.93,0.396
9,2026-05-06,30.8,42.35,34.13,2.91,63.47,0.388
9,2026-05-07,30.61,40.34,33.85,0.89,65.51,0.526
9,2026-05-08,30.11,42.18,33.62,2.7,63.51,0.361
9,2026-05-09,30.69,42.02,33.23,3.1,64.96,0.37
9,2026-05-10,31.79,41.52,34.11,2.33,65.19,0.244
9,2026-05-11,31.27,42.46,33.15,2.83,65.11,0.2
9,2026-05-12,30.89,42.54,32.8,0.54,64.91,0.235
9,2026-05-13,32.26,41.33,33.23,1.57,64.95,0.242
9,2026-05-14,29.78,41.32,32.51,3.3,63.7,0.286
9,2026-05-15,29.97,40.15,34.7,0.27,66.02,0.181
9,2026-05-16,30.66,43.37,31.35,0.92,65.89,0.312
9,2026-05-17,30.1,41.34,32.38,2.24,66.05,0.257
9,2026-05-18,30.7,42.43,34.99,1.61,65.0,0.242
9,2026-05-19,30.01,41.02,32.67,0.61,62.98,0.229
9,2026-05-20,30.7,42.44,32.76,1.98,65.31,0.378
9,2026-05-21,30.48,41.32,34.88,1.84,64.3,0.168
9,2026-05-22,30.96,41.14,34.91,1.84,65.45,0.404
9,2026-05-23,32.03,40.22,34.61,2.14,64.64,0.264
9,2026-05-24,30.23,41.07,31.18,2.58,64.79,0.212
9,2026-05-25,30.53,43.4,33.57,1.79,66.24,0.224
9,2026-05-26,30.45,40.88,33.02,2.77,65.24,0.229
9,2026-05-27,30.47,41.45,32.87,2.1,64.1,0.228
9,2026-05-28,30.62,40.46,33.6,1.96,63.92,0.238
9,2026-05-01,30.16,41.23,33.33,1.95,63.97,0.478
9,2026-05-02,31.37,41.46,34.06,2.41,64.5,0.302
9,2026-05-03,32.91,42.24,34.14,1.78,65.25,0.632
9,2026-05-04,30.95,42.3,34.33,2.69,66.1,0.317
9,2026-05-05,31.01,40.82,35.53,2.39,64.82,0.47
9,2026-05-06,30.15,41.36,32.54,2.15,64.39,0.352
9,2026-05-07,30.46,40.84,32.97,2.02,64.28,0.402
9,2026-05-08,31.16,41.49,32.19,2.58,63.61,0.312
9,2026-05-09,30.62,40.85,32.5,1.52,66.51,0.268
9,2026-05-10,30.39,42.2,33.59,3.04,63.66,0.203
9,2026-05-11,33.47,41.33,32.97,2.26,65.59,0.196
9,2026-05-12,30.82,41.34,33.81,2.27,64.26,0.218
8,2026-05-01,28.34,41.89,31.71,1.53,57.77,0.21
8,2026-05-02,30.98,40.86,33.59,1.91,55.88,0.382
8,2026-05-03,30.22,39.88,32.7,2.35,55.36,0.316
8,2026-05-04,31.12,42.88,32.43,2.46,54.88,0.21
8,2026-05-05,30.54,41.4,32.94,1.8,55.79,0.208
8,2026-05-06,30.72,41.53,33.54,2.74,57.35,0.132
8,2026-05-07,30.0,40.9,32.43,2.79,56.97,0.234
8,2026-05-08,30.56,42.13,32.68,1.61,57.11,0.284
8,2026-05-09,31.68,41.36,33.63,1.41,55.51,0.241
8,2026-05-10,28.16,41.4,33.82,1.95,56.13,0.349
8,2026-05-11,30.42,41.89,34.87,2.51,57.13,0.286
8,2026-05-12,30.67,41.28,33.04,2.82,54.93,0.221
8,2026-05-13,31.02,40.32,32.89,1.29,56.7,0.323
8,2026-05-14,31.71,41.48,32.37,2.1,56.81,0.388
8,2026-05-15,28.61,41.36,31.41,2.5,56.71,0.286
8,2026-05-16,31.22,41.38,32.43,2.19,57.36,0.233
8,2026-05-17,30.48,40.0,33.98,1.45,55.69,0.209
8,2026-05-18,29.71,40.83,34.08,2.57,57.55,0.398
8,2026-05-19,29.68,41.46,34.27,3.86,55.11,0.15
8,2026-05-20,30.86,40.76,32.13,2.21,55.65,0.113
8,2026-05-21,30.43,41.15,33.53,2.69,56.48,0.224
8,2026-05-22,29.88,39.63,32.6,2.74,56.88,0.48
8,2026-05-23,30.32,39.51,33.69,2.77,55.32,0.141
8,2026-05-24,30.58,41.65,32.02,1.59,55.65,0.163
8,2026-05-25,29.32,41.16,32.66,1.3,54.08,0.433
8,2026-05-26,29.64,40.92,32.0,2.2,55.02,0.249
8,2026-05-27,30.28,41.82,32.03,1.32,56.11,0.486
8,2026-05-28,29.18,41.28,32.41,2.14,56.87,0.253
8,2026-05-01,30.67,41.27,32.47,1.68,54.89,0.214
8,2026-05-02,29.78,40.81,33.6,2.2,56.71,0.348
8,2026-05-03,28.39,41.4,32.95,1.78,55.18,0.289
8,2026-05-04,31.42,41.91,32.89,2.41,57.1,0.442
8,2026-05-05,31.49,41.15,33.05,2.01,56.5,0.204
8,2026-05-06,31.1,40.43,32.28,2.17,55.81,0.222
8,2026-05-07,28.65,41.71,32.96,1.75,56.7,0.258
8,2026-05-08,29.83,42.75,32.58,2.7,57.87,0.195
8,2026-05-09,30.51,40.32,33.86,1.58,55.36,0.373
8,2026-05-10,31.22,40.26,33.98,2.03,58.63,0.426
8,2026-05-11,29.96,40.79,32.21,1.98,56.34,0.307
8,2026-05-12,30.51,39.76,32.26,3.08,57.29,0.227
1,2026-05-01,30.33,40.47,32.28,0.0,46.57,0.169
1,2026-05-02,30.58,38.44,32.46,2.31,43.88,0.349
1,2026-05-03,30.86,39.98,30.9,2.16,46.02,0.256
1,2026-05-04,30.22,39.93,33.01,0.34,46.57,0.12
1,2026-05-05,29.65,39.36,33.39,0.0,44.82,0.262
1,2026-05-06,30.65,42.5,33.84,1.69,46.39,0.114
1,2026-05-07,29.69,40.33,32.11,0.0,45.0,0.158
1,2026-05-08,31.36,40.98,31.97,0.92,46.05,0.166
1,2026-05-09,30.22,39.13,32.84,1.99,46.11,0.246
1,2026-05-10,30.76,42.37,32.43,0.02,44.9,0.266
1,2026-05-11,31.37,41.27,32.98,1.32,44.52,0.166
1,2026-05-12,28.89,40.27,31.08,1.24,45.65,0.109
1,2026-05-13,31.08,41.26,31.06,1.28,46.42,0.19
1,2026-05-14,31.18,40.77,33.18,1.32,45.65,0.249
1,2026-05-15,31.12,40.82,31.86,0.47,45.47,0.173
1,2026-05-16,30.62,40.75,32.18,1.15,45.94,0.354
1,2026-05-17,31.48,40.1,32.61,0.86,45.7,0.193
1,2026-05-18,29.9,39.42,30.11,1.32,46.81,0.154
1,2026-05-19,30.87,40.26,32.49,0.45,45.58,0.201
1,2026-05-20,28.37,40.78,32.12,0.0,46.35,0.206
1,2026-05-21,30.61,40.91,31.88,0.21,45.39,0.18
1,2026-05-22,32.36,42.19,31.82,0.78,46.06,0.252
1,2026-05-23,29.83,39.72,33.92,2.06,44.42,0.114
1,2026-05-24,29.71,40.78,32.71,0.84,44.37,0.224
1,2026-05-25,30.95,40.58,31.8,1.64,45.73,0.142
1,2026-05-26,30.51,39.45,33.08,1.54,44.9,0.223
1,2026-05-27,31.52,38.71,32.11,2.57,44.41,0.196
1,2026-05-28,29.18,40.52,30.13,0.0,45.3,0.218
1,2026-05-01,30.75,40.96,33.24,1.75,46.42,0.149
1,2026-05-02,30.29,43.38,34.23,1.86,46.42,0.291
1,2026-05-03,30.07,42.31,31.9,1.06,47.69,0.102
1,2026-05-04,30.74,39.06,31.66,1.05,45.46,0.221
1,2026-05-05,29.74,40.49,31.18,0.79,44.55,0.26
1,2026-05-06,29.28,41.2,31.87,0.86,46.82,0.216
1,2026-05-07,28.74,41.03,29.66,1.37,45.42,0.128
1,2026-05-08,30.49,40.31,34.02,0.74,47.5,0.335
1,2026-05-09,29.88,39.86,33.41,1.01,45.92,0.19
1,2026-05-10,29.34,40.25,31.38,0.0,45.51,0.386
1,2026-05-11,31.87,40.53,32.35,1.59,46.99,0.232
1,2026-05-12,30.0,40.23,33.25,3.46,45.21,0.102
10,2026-05-01,31.21,41.25,33.3,2.68,43.13,0.162
10,2026-05-02,28.73,41.28,32.14,1.83,41.93,0.228
10,2026-05-03,29.17,41.0,32.77,2.11,44.28,0.241
10,2026-05-04,29.71,43.08,33.5,2.12,43.62,0.428
10,2026-05-05,31.39,41.93,33.86,0.81,42.53,0.248
10,2026-05-06,30.57,41.34,33.45,1.6,42.69,0.146
10,2026-05-07,31.24,41.85,32.39,2.02,43.43,0.264
10,2026-05-08,28.84,40.24,32.64,3.03,42.31,0.228
10,2026-05-09,29.49,40.88,33.48,0.0,40.53,0.325
10,2026-05-10,30.52,40.78,34.05,2.45,41.19,0.243
10,2026-05-11,31.48,40.73,32.89,2.43,42.84,0.17
10,2026-05-12,29.87,40.13,33.67,0.03,43.98,0.145
10,2026-05-13,30.53,40.01,32.89,2.5,44.09,0.407
10,2026-05-14,30.41,41.42,33.39,2.13,42.72,0.379
10,2026-05-15,30.78,42.36,33.61,2.19,42.42,0.223
10,2026-05-16,29.32,41.06,33.02,2.33,41.94,0.799
10,2026-05-17,30.38,42.46,34.11,0.0,42.84,0.431
10,2026-05-18,28.3,42.02,32.35,1.16,43.28,0.134
10,2026-05-19,30.66,40.74,32.5,2.21,46.23,0.29
10,2026-05-20,30.98,41.28,32.52,1.81,44.44,0.275
10,2026-05-21,31.29,41.12,35.44,0.09,43.6,0.311
10,2026-05-22,30.72,40.32,32.15,1.36,43.16,0.168
10,2026-05-23,29.52,41.83,34.1,1.07,42.44,0.199
10,2026-05-24,32.71,41.76,33.11,2.47,45.14,0.387
10,2026-05-25,29.19,41.24,32.8,1.26,41.97,0.224
10,2026-05-26,29.5,41.62,33.21,0.29,41.53,0.217
10,2026-05-27,31.06,41.76,33.11,0.0,42.62,0.198
10,2026-05-28,30.17,40.21,32.77,0.96,45.51,0.328
10,2026-05-01,30.3,41.27,33.06,1.73,42.7,0.255
10,2026-05-02,31.4,42.06,33.44,2.77,43.27,0.182
10,2026-05-03,28.9,40.69,33.11,1.92,44.04,0.21
10,2026-05-04,29.75,42.01,34.23,1.13,43.37,0.415
10,2026-05-05,30.76,41.26,31.29,2.76,43.65,0.268
10,2026-05-06,30.05,40.19,33.07,1.47,44.05,0.168
10,2026-05-07,31.77,41.35,34.24,0.69,43.38,0.393
10,2026-05-08,30.58,39.99,32.87,2.05,41.8,0.154
10,2026-05-09,30.69,40.46,33.78,0.5,41.41,0.195
10,2026-05-10,31.82,40.54,33.16,1.79,42.21,0.376
10,2026-05-11,30.63,41.72,31.65,0.0,40.58,0.24
10,2026-05-12,30.27,41.97,34.5,1.34,42.82,0.3
7,2026-05-01,31.61,39.76,33.17,1.28,45.76,0.223
7,2026-05-02,29.52,39.54,33.21,1.48,45.83,0.16
7,2026-05-03,30.68,40.17,33.3,1.88,47.4,0.262
7,2026-05-04,31.01,40.33,32.71,0.97,48.64,0.155
7,2026-05-05,30.74,41.73,31.38,0.76,45.71,0.119
7,2026-05-06,29.1,40.04,33.77,2.16,46.1,0.17
7,2026-05-07,28.74,41.14,32.99,0.54,46.26,0.157
7,2026-05-08,29.77,39.62,32.0,0.66,46.49,0.191
7,2026-05-09,30.53,40.35,32.24,3.35,44.4,0.256
7,2026-05-10,30.56,40.57,32.15,1.32,45.01,0.103
7,2026-05-11,30.14,39.02,33.37,2.52,42.98,0.098
7,2026-05-12,30.49,40.7,32.71,1.89,46.75,0.228
7,2026-05-13,31.86,40.54,33.39,0.05,45.96,0.11
7,2026-05-14,31.5,42.62,33.1,0.35,45.98,0.17
7,2026-05-15,30.43,41.5,33.48,0.0,47.31,0.142
7,2026-05-16,29.74,41.79,32.38,0.28,44.89,0.172
7,2026-05-17,31.07,41.87,32.46,1.1,47.54,0.144
7,2026-05-18,31.56,40.73,32.83,1.31,46.35,0.143
7,2026-05-19,29.64,40.4,32.03,1.79,46.16,0.154
7,2026-05-20,30.07,40.31,34.18,1.51,45.54,0.152
7,2026-05-21,30.85,40.34,32.48,1.29,46.23,0.193
7,2026-05-22,30.65,39.05,31.66,0.0,46.8,0.248
7,2026-05-23,31.42,40.65,33.65,1.49,45.97,0.098
7,2026-05-24,29.54,39.99,33.44,3.01,45.66,0.192
7,2026-05-25,30.5,39.82,31.07,0.84,44.79,0.151
7,2026-05-26,30.12,40.35,32.47,1.95,45.24,0.23
7,2026-05-27,28.74,40.57,32.97,0.8,44.64,0.211
7,2026-05-28,29.64,41.22,33.31,1.51,46.07,0.238
7,2026-05-01,30.58,39.68,32.77,2.01,46.26,0.18
7,2026-05-02,30.11,40.41,31.78,0.23,47.09,0.135
7,2026-05-03,30.44,39.17,32.76,0.77,48.74,0.118
7,2026-05-04,29.38,41.36,33.63,0.0,46.3,0.229
7,2026-05-05,29.15,41.13,32.14,0.62,45.76,0.143
7,2026-05-06,29.0,42.52,32.21,0.85,46.84,0.164
7,2026-05-07,31.44,40.28,32.93,1.6,46.22,0.157
7,2026-05-08,30.15,42.01,32.01,1.03,45.77,0.205
7,2026-05-09,30.6,41.35,31.42,1.75,45.92,0.152
7,2026-05-10,30.39,38.76,32.86,1.64,44.8,0.163
7,2026-05-11,31.63,40.17,33.14,1.31,45.35,0.122
7,2026-05-12,29.89,41.67,33.34,0.88,46.96,0.161
5,2026-05-01,29.5,40.56,31.56,0.0,51.63,0.053
5,2026-05-02,30.6,38.82,32.35,1.1,50.08,0.046
5,2026-05-03,30.02,40.14,31.58,1.21,51.36,0.077
5,2026-05-04,30.34,39.15,32.72,1.84,52.68,0.136
5,2026-05-05,30.5,41.43,31.49,2.23,49.99,0.08
5,2026-05-06,31.09,40.39,33.56,0.0,50.72,0.083
5,2026-05-07,29.88,38.49,33.21,1.47,49.61,0.062
5,2026-05-08,29.35,41.42,32.29,0.99,50.92,0.1
5,2026-05-09,30.33,40.84,32.68,2.06,49.43,0.102
5,2026-05-10,29.81,40.28,32.35,0.73,50.18,0.138
5,2026-05-11,29.64,39.09,32.92,2.15,50.25,0.104
5,2026-05-12,29.39,40.01,33.37,2.0,50.63,0.091
5,2026-05-13,28.7,40.47,32.8,2.23,52.27,0.114
5,2026-05-14,30.98,39.21,33.46,2.06,51.7,0.126
5,2026-05-15,30.54,41.5,31.82,1.87,51.45,0.076
5,2026-05-16,29.13,40.58,32.51,1.84,51.07,0.077
5,2026-05-17,30.44,41.2,32.09,1.06,49.52,0.133
5,2026-05-18,31.86,39.01,33.08,2.1,50.02,0.088
5,2026-05-19,29.23,39.52,32.56,1.88,50.62,0.135
5,2026-05-20,30.33,39.19,33.69,2.35,49.89,0.184
5,2026-05-21,30.57,40.33,34.1,0.0,49.11,0.128
5,2026-05-22,29.94,39.39,33.74,1.75,49.4,0.08
5,2026-05-23,30.9,41.79,30.66,1.54,50.19,0.056
5,2026-05-24,30.02,38.82,31.95,2.74,50.98,0.132
5,2026-05-25,30.69,40.54,33.28,0.3,50.21,0.135
5,2026-05-26,29.53,39.84,33.49,2.68,50.0,0.077
5,2026-05-27,30.68,40.47,31.84,1.86,51.02,0.104
5,2026-05-28,32.75,41.43,33.15,2.23,53.14,0.148
5,2026-05-01,29.54,40.52,32.5,0.84,50.76,0.111
5,2026-05-02,30.13,39.81,33.17,0.0,51.26,0.102
5,2026-05-03,30.42,38.15,33.92,0.0,49.78,0.126
5,2026-05-04,29.64,39.88,30.47,0.95,50.73,0.128
5,2026-05-05,29.93,40.43,32.82,0.75,49.88,0.199
5,2026-05-06,29.43,41.33,32.5,2.64,49.98,0.121
5,2026-05-07,30.47,40.04,32.71,0.66,50.47,0.089
5,2026-05-08,30.85,40.16,31.21,1.01,50.45,0.075
5,2026-05-09,31.35,40.6,33.18,0.67,50.19,0.144
5,2026-05-10,28.92,40.56,32.52,0.9,50.62,0.07
5,2026-05-11,30.38,39.17,31.31,2.58,49.92,0.049
5,2026-05-12,31.04,39.56,29.33,1.29,51.36,0.115
6,2026-05-01,31.38,39.2,32.32,0.0,47.09,0.189
6,2026-05-02,30.31,39.46,30.04,0.36,45.8,0.146
6,2026-05-03,29.21,39.63,30.91,2.36,45.9,0.117
6,2026-05-04,32.19,39.5,31.02,1.24,47.82,0.151
6,2026-05-05,28.12,39.5,29.91,2.37,47.01,0.095
6,2026-05-06,30.46,39.75,30.74,2.13,46.73,0.061
6,2026-05-07,31.11,40.67,32.91,1.18,46.15,0.155
6,2026-05-08,31.52,40.04,33.22,0.0,47.85,0.155
6,2026-05-09,28.54,37.87,31.15,0.77,47.35,0.104
6,2026-05-10,29.81,39.22,31.87,1.22,47.39,0.11
6,2026-05-11,30.1,38.91,32.51,0.25,48.41,0.111
6,2026-05-12,30.11,38.64,31.49,0.84,46.96,0.09
6,2026-05-13,28.83,39.35,31.94,1.19,48.06,0.101
6,2026-05-14,28.09,39.19,30.15,0.0,47.87,0.136
6,2026-05-15,29.29,38.75,31.72,0.0,47.38,0.099
6,2026-05-16,31.51,38.37,32.7,0.09,47.86,0.08
6,2026-05-17,30.53,38.93,31.06,0.57,47.38,0.129
6,2026-05-18,31.28,40.06,29.44,0.34,45.17,0.098
6,2026-05-19,30.43,38.12,30.74,0.83,46.69,0.195
6,2026-05-20,30.16,39.8,33.37,0.25,46.95,0.079
6,2026-05-21,30.1,40.25,33.03,0.67,46.31,0.086
6,2026-05-22,28.62,39.43,33.02,0.0,45.0,0.183
6,2026-05-23,28.43,39.62,30.67,1.41,47.66,0.119
6,2026-05-24,30.62,39.37,32.31,2.34,47.94,0.089
6,2026-05-25,29.16,39.11,31.6,0.77,46.42,0.141
6,2026-05-26,29.91,39.65,31.82,1.26,45.88,0.196
6,2026-05-27,30.19,39.74,32.36,1.69,47.62,0.122
6,2026-05-28,29.72,37.86,32.01,0.43,46.68,0.262
6,2026-05-01,28.21,39.39,32.91,1.58,48.08,0.072
6,2026-05-02,29.02,39.9,31.55,2.26,47.17,0.121
6,2026-05-03,30.29,39.1,31.93,0.11,46.94,0.096
6,2026-05-04,30.12,38.07,30.48,1.14,47.18,0.081
6,2026-05-05,29.69,38.4,33.66,0.0,48.52,0.085
6,2026-05-06,30.28,39.11,31.48,1.57,47.71,0.102
6,2026-05-07,29.08,41.21,33.09,0.86,46.71,0.126
6,2026-05-08,29.97,40.43,30.96,0.75,46.27,0.179
6,2026-05-09,31.52,39.27,32.32,2.0,46.71,0.082
6,2026-05-10,30.84,39.81,31.64,2.05,47.19,0.061
6,2026-05-11,30.21,39.3,33.52,0.72,46.8,0.132
6,2026-05-12,30.12,38.08,31.94,0.44,48.25,0.263
11,2026-05-01,29.21,38.81,30.93,0.0,27.96,0.21
11,2026-05-02,31.19,38.51,30.31,0.0,29.58,0.329
11,2026-05-03,28.83,38.22,31.81,1.58,29.5,0.221
11,2026-05-04,30.83,39.98,31.2,2.31,28.58,0.14
11,2026-05-05,29.79,38.3,31.71,1.58,27.45,0.307
11,2026-05-06,32.1,40.03,30.65,0.0,28.28,0.132
11,2026-05-07,29.09,39.45,31.53,1.14,27.51,0.398
11,2026-05-08,31.17,40.49,31.11,2.16,28.28,0.39
11,2026-05-09,31.18,38.88,31.29,2.28,29.49,0.196
11,2026-05-10,30.4,39.86,31.0,0.42,27.99,0.178
11,2026-05-11,30.64,38.82,32.35,0.69,29.27,0.282
11,2026-05-12,31.34,40.25,32.33,0.43,29.1,0.151
11,2026-05-13,29.99,40.36,31.65,1.0,27.63,0.334
11,2026-05-14,29.7,40.04,31.68,1.44,28.24,0.146
11,2026-05-15,28.5,39.41,30.62,1.08,29.89,0.095
11,2026-05-16,29.05,39.96,32.81,0.87,28.88,0.247
11,2026-05-17,30.73,41.17,32.25,0.0,28.16,0.223
11,2026-05-18,29.48,39.45,31.22,0.0,29.21,0.18
11,2026-05-19,29.23,39.04,31.73,2.5,28.82,0.348
11,2026-05-20,30.66,37.74,32.04,0.0,27.36,0.141
11,2026-05-21,31.83,38.26,31.13,1.64,29.19,0.113
11,2026-05-22,30.11,39.22,31.52,1.27,28.06,0.185
11,2026-05-23,31.54,38.01,31.36,1.02,27.45,0.165
11,2026-05-24,29.02,39.82,31.13,1.31,29.51,0.21
11,2026-05-25,29.87,39.92,31.74,0.0,29.55,0.224
11,2026-05-26,30.93,38.45,32.49,2.5,29.14,0.124
11,2026-05-27,30.24,39.63,31.89,0.38,29.03,0.175
11,2026-05-28,30.42,39.06,31.78,1.49,28.13,0.261
11,2026-05-01,29.4,39.34,31.47,1.72,27.88,0.317
11,2026-05-02,28.88,39.53,32.52,1.22,27.66,0.134
11,2026-05-03,31.0,38.53,32.21,0.11,28.57,0.467
11,2026-05-04,31.62,40.44,30.43,0.88,28.62,0.199
11,2026-05-05,31.42,38.11,31.97,0.7,27.89,0.379
11,2026-05-06,29.05,39.7,31.76,0.0,27.27,0.146
11,2026-05-07,30.92,40.53,32.22,0.8,26.57,0.222
11,2026-05-08,29.74,40.74,32.91,2.62,29.22,0.275
11,2026-05-09,29.26,39.74,30.56,1.4,27.48,0.191
11,2026-05-10,29.45,39.24,32.1,0.07,28.77,0.144
11,2026-05-11,31.47,39.08,32.6,2.53,26.35,0.144
11,2026-05-12,30.01,40.74,31.24,0.92,27.9,0.251
13,2026-05-01,29.09,40.54,28.54,0.0,23.63,0.175
13,2026-05-02,29.38,41.79,32.24,1.11,21.58,0.205
13,2026-05-03,30.66,38.26,31.82,0.0,23.14,0.261
13,2026-05-04,29.61,39.22,31.45,0.67,21.59,0.157
13,2026-05-05,30.75,40.16,32.34,0.29,21.15,0.087
13,2026-05-06,30.94,39.47,30.95,0.0,20.52,0.143
13,2026-05-07,27.8,39.4,30.45,1.76,22.37,0.152
13,2026-05-08,30.34,40.44,30.57,0.0,21.63,0.399
13,2026-05-09,30.26,37.96,32.0,2.46,21.08,0.571
13,2026-05-10,30.13,40.69,30.75,0.0,20.82,0.112
13,2026-05-11,28.21,40.83,30.21,0.41,22.26,0.13
13,2026-05-12,30.23,39.68,30.81,0.11,22.0,0.113
13,2026-05-13,28.99,38.98,31.38,1.35,23.32,0.183
13,2026-05-14,31.06,39.88,32.29,0.18,22.32,0.147
13,2026-05-15,30.18,41.53,30.15,0.07,21.4,0.231
13,2026-05-16,31.87,39.47,28.69,0.63,22.52,0.089
13,2026-05-17,29.96,39.7,29.11,0.69,22.36,0.178
13,2026-05-18,29.19,39.1,30.67,0.51,21.03,0.277
13,2026-05-19,30.53,37.73,32.83,0.21,21.43,0.169
13,2026-05-20,28.47,39.93,28.96,0.0,23.21,0.258
13,2026-05-21,29.86,38.85,32.13,0.01,22.14,0.204
13,2026-05-22,29.17,40.5,29.27,1.42,20.47,0.129
13,2026-05-23,29.55,40.43,31.95,0.39,22.45,0.193
13,2026-05-24,30.1,37.96,29.09,0.0,21.89,0.149
13,2026-05-25,30.04,39.96,31.03,0.0,20.53,0.081
13,2026-05-26,31.31,40.6,29.97,0.0,22.35,0.29
13,2026-05-27,29.6,39.91,32.33,0.0,21.24,0.16
13,2026-05-28,29.48,41.73,32.06,0.23,21.03,0.222
13,2026-05-01,30.75,39.26,30.83,0.0,21.86,0.222
13,2026-05-02,31.1,40.28,32.01,0.0,21.49,0.251
13,2026-05-03,30.58,38.99,31.71,0.82,22.59,0.168
13,2026-05-04,29.67,40.11,32.83,0.17,21.3,0.183
13,2026-05-05,29.0,39.95,30.95,0.93,22.02,0.237
13,2026-05-06,32.31,39.53,30.45,0.46,21.84,0.17
13,2026-05-07,29.59,40.25,31.3,0.0,21.7,0.182
13,2026-05-08,31.26,39.19,30.48,1.11,21.35,0.168
13,2026-05-09,30.59,40.42,31.24,0.0,22.87,0.138
13,2026-05-10,29.66,41.61,32.05,0.0,21.47,0.147
13,2026-05-11,29.45,37.94,31.98,0.75,22.15,0.139
13,2026-05-12,30.35,40.33,30.25,0.0,21.4,0.208
14,2026-05-01,31.78,43.34,33.34,4.37,80.01,0.425
14,2026-05-02,30.95,45.72,33.86,2.31,79.82,0.368
14,2026-05-03,32.31,45.18,32.68,4.17,80.68,0.275
14,2026-05-04,31.65,43.97,33.37,2.12,80.83,0.335
14,2026-05-05,29.94,45.04,33.43,3.83,81.41,0.502
14,2026-05-06,31.7,45.76,33.61,1.79,81.23,0.15
14,2026-05-07,31.19,44.75,33.52,3.88,81.56,0.418
14,2026-05-08,31.16,45.57,33.28,2.32,81.6,0.498
14,2026-05-09,33.42,44.35,32.16,3.32,82.08,0.378
14,2026-05-10,32.98,46.2,33.29,2.26,79.74,0.488
14,2026-05-11,32.19,45.11,32.76,2.0,79.58,0.224
14,2026-05-12,30.27,43.08,33.74,3.1,81.48,0.398
14,2026-05-13,30.9,44.53,34.43,2.43,80.95,0.359
14,2026-05-14,31.04,44.57,32.87,3.68,79.45,0.473
14,2026-05-15,30.26,45.94,34.71,1.95,80.48,0.266
14,2026-05-16,31.47,44.92,36.27,1.43,82.05,0.324
14,2026-05-17,31.78,45.35,34.4,3.09,80.72,0.399
14,2026-05-18,31.66,45.65,32.54,2.24,79.75,0.283
14,2026-05-19,30.78,45.56,35.89,3.95,79.8,0.411
14,2026-05-20,30.47,44.95,35.08,3.24,81.71,0.379
14,2026-05-21,29.7,42.71,33.81,3.23,82.08,0.353
14,2026-05-22,31.59,44.78,34.88,2.64,79.89,0.59
14,2026-05-23,31.9,44.89,32.72,2.69,79.31,0.194
14,2026-05-24,31.3,44.14,34.42,4.03,80.87,0.761
14,2026-05-25,30.98,45.24,32.73,2.82,80.61,0.371
14,2026-05-26,32.06,42.8,34.01,1.95,81.01,0.461
14,2026-05-27,31.18,44.2,32.83,3.21,80.28,0.469
14,2026-05-28,30.2,45.8,32.96,3.77,80.49,0.487
14,2026-05-01,31.39,45.17,33.9,3.87,81.52,0.511
14,2026-05-02,33.06,43.9,35.1,2.77,79.53,0.475
14,2026-05-03,31.33,46.1,33.45,2.75,81.12,0.202
14,2026-05-04,31.99,43.62,35.2,4.24,80.89,0.226
14,2026-05-05,31.69,44.7,34.56,2.43,79.8,0.38
14,2026-05-06,30.67,46.18,33.25,2.1,80.86,0.256
14,2026-05-07,31.11,44.42,33.45,2.47,82.05,0.467
14,2026-05-08,30.29,44.14,34.59,2.1,80.98,0.396
14,2026-05-09,32.01,44.37,33.77,1.91,81.23,0.287
14,2026-05-10,33.12,44.52,33.69,3.43,80.82,0.413
14,2026-05-11,31.47,43.87,33.05,2.05,81.94,0.319
14,2026-05-12,31.15,44.13,34.54,4.53,80.05,0.487
3,2026-05-01,31.45,43.96,33.99,1.45,85.07,0.216
3,2026-05-02,30.42,45.71,34.3,3.69,82.96,0.181
3,2026-05-03,30.86,44.82,34.77,0.86,84.32,0.191
3,2026-05-04,32.26,44.2,32.35,2.44,83.35,0.151
3,2026-05-05,31.38,43.8,33.78,1.22,86.44,0.314
3,2026-05-06,32.0,43.05,31.53,1.83,84.09,0.444
3,2026-05-07,32.54,43.76,34.63,3.75,84.31,0.309
3,2026-05-08,31.64,43.64,32.44,2.51,85.22,0.123
3,2026-05-09,29.86,44.75,31.02,4.3,83.9,0.26
3,2026-05-10,33.05,42.9,32.55,4.68,84.04,0.191
3,2026-05-11,31.55,45.21,34.74,2.72,83.99,0.197
3,2026-05-12,31.62,45.45,33.64,4.3,83.51,0.242
3,2026-05-13,32.96,45.43,33.83,1.81,83.64,0.189
3,2026-05-14,31.63,44.01,32.18,1.94,84.78,0.27
3,2026-05-15,30.05,43.9,31.98,2.1,87.56,0.205
3,2026-05-16,31.02,43.7,32.41,0.91,84.26,0.181
3,2026-05-17,32.7,42.73,33.92,3.85,82.5,0.253
3,2026-05-18,29.86,44.72,34.88,2.62,84.56,0.156
3,2026-05-19,31.61,45.28,33.35,2.49,84.66,0.269
3,2026-05-20,29.83,44.3,32.89,3.08,85.25,0.224
3,2026-05-21,32.53,43.33,33.14,1.71,84.35,0.207
3,2026-05-22,31.16,43.12,33.45,2.22,84.86,0.182
3,2026-05-23,32.41,44.45,31.81,2.46,82.98,0.283
3,2026-05-24,32.66,44.22,33.93,1.29,82.23,0.164
3,2026-05-25,31.11,42.85,33.6,2.91,84.89,0.349
3,2026-05-26,32.09,43.9,33.62,3.17,83.34,0.322
3,2026-05-27,32.17,44.03,32.93,6.13,85.08,0.28
3,2026-05-28,33.0,45.15,33.72,3.27,83.46,0.259
3,2026-05-01,29.93,44.63,34.04,1.19,86.07,0.133
3,2026-05-02,32.31,43.76,33.81,2.02,86.6,0.29
3,2026-05-03,33.02,44.97,34.17,2.77,84.09,0.25
3,2026-05-04,31.5,44.12,32.27,2.35,84.87,0.17
3,2026-05-05,31.68,44.13,32.59,1.81,83.64,0.182
3,2026-05-06,31.12,45.29,32.54,0.75,84.95,0.171
3,2026-05-07,31.25,46.61,34.89,3.19,85.2,0.211
3,2026-05-08,32.25,43.7,32.89,2.21,85.78,0.353
3,2026-05-09,30.81,45.34,33.4,3.64,84.03,0.285
3,2026-05-10,31.26,44.0,33.53,2.79,83.79,0.124
3,2026-05-11,32.93,43.91,31.87,0.55,81.74,0.162
3,2026-05-12,32.63,42.76,33.25,0.95,85.35,0.231
2,2026-05-01,31.73,45.5,34.87,3.4,64.2,0.138
2,2026-05-02,30.47,42.63,35.02,2.27,64.85,0.239
2,2026-05-03,33.3,43.73,34.44,2.73,64.6,0.112
2,2026-05-04,32.29,43.57,32.92,2.66,64.83,0.335
2,2026-05-05,30.82,44.41,33.61,2.47,65.37,0.204
2,2026-05-06,32.55,43.6,32.02,2.41,65.83,0.185
2,2026-05-07,30.86,43.94,33.5,2.29,65.03,0.12
2,2026-05-08,32.83,44.8,32.55,3.72,65.16,0.38
2,2026-05-09,30.35,45.8,33.39,0.54,65.44,0.2
2,2026-05-10,30.5,44.06,31.55,2.99,64.54,0.203
2,2026-05-11,32.75,44.29,32.74,1.57,64.68,0.328
2,2026-05-12,30.9,43.3,34.2,2.5,64.71,0.474
2,2026-05-13,30.31,44.44,31.7,2.17,65.28,0.335
2,2026-05-14,30.26,45.03,34.07,2.33,67.02,0.223
2,2026-05-15,30.62,44.65,31.62,3.89,65.65,0.193
2,2026-05-16,32.01,44.75,35.14,1.88,63.54,0.107
2,2026-05-17,31.16,42.8,33.19,2.83,64.33,0.159
2,2026-05-18,32.54,44.07,33.56,3.33,63.53,0.16
2,2026-05-19,33.75,44.11,32.38,2.21,64.21,0.143
2,2026-05-20,31.06,44.24,33.33,2.95,63.13,0.13
2,2026-05-21,32.17,43.85,34.47,2.73,63.43,0.271
2,2026-05-22,30.5,44.5,34.49,4.4,64.67,0.287
2,2026-05-23,31.72,44.99,30.98,2.09,65.01,0.264
2,2026-05-24,30.74,45.02,34.37,2.51,64.53,0.196
2,2026-05-25,31.57,45.35,34.73,2.01,63.88,0.168
2,2026-05-26,32.35,44.46,33.62,2.89,65.09,0.214
2,2026-05-27,30.48,43.69,33.46,2.81,64.4,0.192
2,2026-05-28,32.7,43.83,33.55,2.15,63.94,0.129
2,2026-05-01,30.94,43.5,34.13,1.39,64.36,0.282
2,2026-05-02,31.33,44.71,34.12,0.92,64.36,0.158
2,2026-05-03,32.68,44.15,33.8,4.01,64.41,0.229
2,2026-05-04,31.81,44.01,34.5,3.2,65.66,0.227
2,2026-05-05,31.12,43.93,33.01,0.94,65.07,0.298
2,2026-05-06,31.43,43.8,33.38,2.65,65.04,0.424
2,2026-05-07,30.65,44.59,33.98,2.52,64.52,0.155
2,2026-05-08,30.89,44.9,34.67,1.85,65.17,0.268
2,2026-05-09,32.36,44.48,33.75,3.26,63.67,0.227
2,2026-05-10,29.82,42.46,32.59,1.04,65.2,0.317
2,2026-05-11,31.16,44.13,33.13,2.21,64.86,0.252
2,2026-05-12,31.01,43.54,32.87,3.17,64.35,0.372
12,2026-05-01,31.13,45.27,32.11,1.66,67.27,0.409
12,2026-05-02,31.21,45.87,33.26,2.55,66.31,0.617
12,2026-05-03,32.13,44.4,31.71,2.62,66.41,0.395
12,2026-05-04,32.18,43.34,33.39,3.09,66.98,0.306
12,2026-05-05,30.39,43.41,32.04,3.18,66.92,0.224
12,2026-05-06,31.35,42.85,30.22,3.38,67.89,0.205
12,2026-05-07,30.7,44.21,32.84,1.52,66.36,0.316
12,2026-05-08,30.85,44.21,32.98,1.6,66.85,0.192
12,2026-05-09,32.65,42.45,33.11,2.59,67.2,0.376
12,2026-05-10,32.49,43.0,33.12,2.42,66.38,0.279
12,2026-05-11,32.51,43.37,32.75,2.04,66.63,0.363
12,2026-05-12,31.16,44.35,33.31,2.72,68.06,0.255
12,2026-05-13,32.83,43.61,33.78,2.43,66.56,0.173
12,2026-05-14,32.79,43.33,32.47,3.24,66.89,0.666
12,2026-05-15,32.85,44.65,33.41,2.97,65.64,0.364
12,2026-05-16,31.47,43.59,33.41,0.97,67.63,0.537
12,2026-05-17,30.18,44.14,34.57,2.66,65.9,0.243
12,2026-05-18,32.1,45.65,32.21,2.31,66.12,0.31
12,2026-05-19,31.62,43.97,32.57,4.16,66.68,0.321
12,2026-05-20,32.33,44.02,33.0,3.13,65.89,0.444
12,2026-05-21,32.26,44.6,33.02,2.27,65.28,0.327
12,2026-05-22,31.6,44.78,33.3,1.93,66.07,0.337
12,2026-05-23,31.46,45.09,33.19,1.83,66.72,0.289
12,2026-05-24,31.13,42.04,31.76,1.21,67.23,0.333
12,2026-05-25,31.47,45.04,32.25,3.29,67.16,0.267
12,2026-05-26,32.66,42.74,32.17,2.09,67.18,0.32
12,2026-05-27,29.44,43.74,33.1,4.54,68.04,0.357
12,2026-05-28,30.37,44.31,32.14,2.46,67.14,0.298
12,2026-05-01,31.56,43.71,32.67,3.64,67.33,0.308
12,2026-05-02,30.65,44.16,33.68,3.03,68.12,0.401
12,2026-05-03,30.34,45.81,34.21,3.01,68.0,0.204
12,2026-05-04,31.0,43.55,34.23,1.23,66.53,0.577
12,2026-05-05,31.91,43.66,34.84,1.09,67.22,0.316
12,2026-05-06,31.79,43.76,32.43,2.46,65.64,0.41
12,2026-05-07,31.05,44.82,32.77,1.68,67.17,0.523
12,2026-05-08,29.49,44.11,33.73,1.01,66.03,0.426
12,2026-05-09,30.6,43.43,34.69,1.43,66.04,0.154
12,2026-05-10,30.36,42.91,34.69,3.35,65.69,0.672
12,2026-05-11,32.01,43.84,33.89,2.61,66.13,0.186
12,2026-05-12,30.52,43.99,32.85,1.61,67.67,0.236
10,2026-05-01,32.48,44.47,32.8,0.61,43.1,0.268
10,2026-05-02,30.14,44.88,32.66,2.34,43.36,0.247
10,2026-05-03,31.14,42.69,31.71,2.76,44.45,0.456
10,2026-05-04,31.95,45.42,33.14,0.07,42.33,0.528
10,2026-05-05,32.73,45.11,32.43,1.26,42.62,0.255
10,2026-05-06,29.97,45.03,32.3,1.41,44.63,0.43
10,2026-05-07,31.06,45.41,31.37,2.54,43.34,0.328
10,2026-05-08,32.19,46.19,32.29,0.73,44.99,0.353
10,2026-05-09,33.01,44.29,33.04,1.03,43.67,0.319
10,2026-05-10,31.09,46.28,33.01,0.0,42.89,0.255
10,2026-05-11,30.6,44.37,32.28,1.63,42.4,0.184
10,2026-05-12,31.21,45.68,31.49,2.15,43.51,0.3
10,2026-05-13,31.96,44.22,32.35,0.69,43.52,0.564
10,2026-05-14,31.08,45.96,30.8,0.81,42.2,0.637
10,2026-05-15,31.15,45.59,30.87,1.7,43.61,0.346
10,2026-05-16,29.24,45.05,33.43,2.78,43.46,0.194
10,2026-05-17,31.49,45.7,31.97,2.11,42.67,0.362
10,2026-05-18,32.36,44.26,35.27,1.74,43.41,0.27
10,2026-05-19,31.74,44.65,31.39,0.23,43.36,0.339
10,2026-05-20,29.32,42.96,32.42,1.54,43.65,0.227
10,2026-05-21,32.21,44.61,32.24,1.47,43.99,0.425
10,2026-05-22,32.48,44.27,32.44,0.55,42.6,0.305
10,2026-05-23,31.26,45.53,33.08,2.28,43.22,0.509
10,2026-05-24,31.78,45.76,33.15,2.26,43.04,0.227
10,2026-05-25,30.38,46.65,33.05,2.0,42.95,0.298
10,2026-05-26,34.26,43.88,32.64,1.55,42.08,0.224
10,2026-05-27,31.05,44.58,32.26,2.33,42.04,0.403
10,2026-05-28,33.0,45.69,31.67,0.0,43.86,0.416
10,2026-05-01,31.15,46.04,32.34,1.7,42.17,0.391
10,2026-05-02,31.29,44.44,33.67,1.79,41.75,0.446
10,2026-05-03,32.43,44.14,32.35,1.65,42.88,0.366
10,2026-05-04,32.26,44.45,34.57,0.96,42.61,0.697
10,2026-05-05,33.83,44.92,32.53,0.63,44.13,0.372
10,2026-05-06,30.92,45.26,33.93,2.22,45.09,0.525
10,2026-05-07,32.08,44.86,33.2,2.7,43.87,0.506
10,2026-05-08,31.88,45.58,33.79,1.45,41.93,0.64
10,2026-05-09,32.2,44.49,32.91,1.38,41.57,0.328
10,2026-05-10,30.4,45.07,32.6,2.62,42.99,0.399
10,2026-05-11,31.41,44.55,31.44,2.49,43.25,0.285
10,2026-05-12,31.87,44.52,32.05,1.82,44.19,0.318
9,2026-05-01,29.76,43.2,34.72,1.37,65.77,0.304
9,2026-05-02,31.71,43.65,31.68,1.73,66.6,0.315
9,2026-05-03,31.55,43.45,32.98,2.39,65.13,0.718
9,2026-05-04,31.03,43.59,32.5,0.92,63.25,0.416
9,2026-05-05,29.37,45.02,33.87,1.84,63.66,0.334
9,2026-05-06,31.06,44.77,32.43,1.76,64.65,0.3
9,2026-05-07,30.48,42.21,31.63,1.49,64.5,0.469
9,2026-05-08,33.12,45.3,33.46,3.79,64.6,0.275
9,2026-05-09,33.12,42.79,32.73,1.87,66.02,0.268
9,2026-05-10,31.75,43.39,32.0,2.32,64.85,0.221
9,2026-05-11,30.26,43.04,33.97,2.52,64.92,0.392
9,2026-05-12,30.62,44.18,32.56,0.91,64.07,0.356
9,2026-05-13,31.13,44.71,31.59,1.91,65.06,0.236
9,2026-05-14,31.27,43.39,32.09,3.11,63.46,0.469
9,2026-05-15,30.67,42.91,32.31,1.44,63.94,0.363
9,2026-05-16,29.37,44.87,33.86,3.36,63.82,0.147
9,2026-05-17,30.49,43.61,33.38,1.64,64.63,0.349
9,2026-05-18,29.65,45.38,32.1,2.34,65.68,0.252
9,2026-05-19,31.05,45.23,32.86,3.05,64.97,0.359
9,2026-05-20,31.7,43.55,32.92,2.98,64.95,0.394
9,2026-05-21,29.98,43.78,34.2,2.92,65.02,0.277
9,2026-05-22,30.5,44.16,34.39,2.15,65.89,0.299
9,2026-05-23,32.13,42.86,33.28,1.15,65.31,0.405
9,2026-05-24,30.2,43.09,32.72,0.78,63.88,0.245
9,2026-05-25,31.76,45.01,32.71,1.86,64.91,0.276
9,2026-05-26,30.8,44.52,33.32,2.04,64.2,0.555
9,2026-05-27,30.5,43.87,32.19,1.58,64.8,0.289
9,2026-05-28,31.53,43.82,31.87,0.04,65.61,0.27
9,2026-05-01,32.38,43.78,32.43,2.61,64.47,0.333
9,2026-05-02,30.22,44.34,34.1,1.64,66.32,0.272
9,2026-05-03,31.28,42.29,31.38,4.0,65.99,0.495
9,2026-05-04,29.53,43.97,33.49,2.18,64.98,0.24
9,2026-05-05,30.91,42.74,32.8,2.45,64.01,0.301
9,2026-05-06,30.66,43.77,33.94,2.32,65.07,0.2
9,2026-05-07,30.72,44.5,32.34,1.72,63.84,0.528
9,2026-05-08,30.64,43.1,33.66,3.1,65.15,0.467
9,2026-05-09,31.24,43.64,32.71,1.65,64.17,0.376
9,2026-05-10,30.95,43.84,33.65,2.06,63.48,0.251
9,2026-05-11,30.04,42.04,33.2,1.03,63.55,0.227
9,2026-05-12,31.83,43.48,34.0,2.03,64.31,0.403
4,2026-05-01,31.62,43.64,32.09,1.71,59.64,0.082
4,2026-05-02,31.17,44.87,34.29,2.73,61.56,0.098
4,2026-05-03,33.58,44.91,35.4,2.47,61.07,0.13
4,2026-05-04,31.25,43.81,32.13,2.97,60.82,0.12
4,2026-05-05,30.88,41.93,33.47,3.17,59.55,0.064
4,2026-05-06,30.81,43.31,31.49,3.7,61.61,0.073
4,2026-05-07,29.45,43.86,34.81,2.87,61.74,0.065
4,2026-05-08,31.29,42.18,34.8,2.63,58.81,0.047
4,2026-05-09,31.51,43.65,32.74,2.67,62.51,0.102
4,2026-05-10,29.46,43.39,31.84,1.4,60.99,0.085
4,2026-05-11,30.12,43.5,32.28,2.59,60.48,0.103
4,2026-05-12,30.83,44.2,32.89,2.1,60.18,0.094
4,2026-05-13,29.48,45.92,32.4,2.2,60.26,0.076
4,2026-05-14,31.43,43.06,32.62,0.87,59.86,0.06
4,2026-05-15,32.69,42.32,32.04,2.28,61.97,0.05
4,2026-05-16,29.67,43.63,33.31,0.83,59.07,0.064
4,2026-05-17,31.74,43.48,33.68,2.01,60.66,0.111
4,2026-05-18,30.96,43.73,32.18,1.56,61.11,0.082
4,2026-05-19,30.39,44.1,33.49,2.1,60.0,0.122
4,2026-05-20,33.31,42.77,31.61,1.4,59.84,0.057
4,2026-05-21,30.0,44.27,33.77,3.43,61.35,0.076
4,2026-05-22,32.04,42.96,32.69,1.04,61.78,0.127
4,2026-05-23,30.64,43.23,33.03,2.28,61.44,0.091
4,2026-05-24,31.42,42.16,32.72,0.48,62.28,0.145
4,2026-05-25,31.7,44.5,34.8,2.94,59.24,0.083
4,2026-05-26,28.94,42.77,31.87,2.09,61.02,0.064
4,2026-05-27,30.8,43.75,32.85,1.93,58.51,0.076
4,2026-05-28,31.76,43.73,31.66,1.84,60.91,0.063
4,2026-05-01,31.66,42.78,32.69,1.99,62.67,0.079
4,2026-05-02,30.53,44.14,32.56,2.26,58.64,0.099
4,2026-05-03,31.03,42.34,34.21,1.87,60.49,0.056
4,2026-05-04,29.58,42.99,31.62,2.53,61.45,0.071
4,2026-05-05,29.6,43.14,32.03,2.24,60.83,0.076
4,2026-05-06,31.11,44.43,34.52,1.62,61.31,0.082
4,2026-05-07,30.09,44.65,33.34,2.21,60.98,0.084
4,2026-05-08,30.1,45.09,33.79,2.32,61.53,0.139
4,2026-05-09,30.86,44.02,32.69,2.66,60.43,0.208
4,2026-05-10,30.72,43.96,33.4,1.78,61.51,0.086
4,2026-05-11,30.67,43.49,32.31,3.16,61.23,0.125
4,2026-05-12,29.83,43.74,32.29,2.16,61.81,0.097
8,2026-05-01,30.72,44.35,33.73,3.49,54.59,0.298
8,2026-05-02,30.51,42.56,32.93,0.78,54.25,0.194
8,2026-05-03,30.65,45.02,32.17,0.77,54.48,0.235
8,2026-05-04,30.67,43.48,31.52,1.14,54.22,0.282
8,2026-05-05,29.47,40.87,33.87,2.28,56.58,0.301
8,2026-05-06,29.95,44.31,31.88,3.54,56.47,0.14
8,2026-05-07,31.67,45.12,32.59,2.78,56.07,0.214
8,2026-05-08,28.56,44.46,32.42,2.17,55.24,0.194
8,2026-05-09,31.89,43.0,32.46,0.69,56.45,0.35
8,2026-05-10,30.47,43.18,31.73,3.09,55.71,0.252
8,2026-05-11,32.4,43.14,31.43,0.99,55.94,0.498
8,2026-05-12,31.09,43.15,33.58,3.01,55.58,0.441
8,2026-05-13,31.67,43.76,30.69,2.01,57.53,0.243
8,2026-05-14,32.98,43.42,31.91,2.37,56.54,0.358
8,2026-05-15,30.69,44.53,32.33,1.95,55.15,0.202
8,2026-05-16,31.08,42.76,32.43,1.65,56.51,0.351
8,2026-05-17,31.59,44.29,33.02,1.34,54.84,0.237
8,2026-05-18,30.18,41.71,34.34,0.17,56.6,0.326
8,2026-05-19,30.69,45.71,32.86,1.14,57.88,0.202
8,2026-05-20,29.59,42.44,32.26,1.88,56.59,0.156
8,2026-05-21,31.22,45.39,32.19,1.72,56.91,0.411
8,2026-05-22,30.29,42.48,31.92,2.84,57.1,0.124
8,2026-05-23,28.95,42.23,31.47,2.21,56.48,0.537
8,2026-05-24,31.63,43.47,33.92,1.03,55.0,0.271
8,2026-05-25,31.76,41.88,33.66,2.63,55.82,0.285
8,2026-05-26,30.65,43.43,33.58,1.11,57.23,0.365
8,2026-05-27,31.73,41.56,31.14,2.47,55.74,0.21
8,2026-05-28,30.2,42.13,32.58,1.18,55.68,0.318
8,2026-05-01,29.82,44.39,30.81,4.13,55.04,0.33
8,2026-05-02,31.73,43.36,33.52,1.74,54.67,0.303
8,2026-05-03,31.95,42.85,31.29,1.29,56.58,0.298
8,2026-05-04,31.91,43.87,33.3,0.01,58.32,0.273
8,2026-05-05,31.69,43.04,32.7,1.89,57.72,0.46
8,2026-05-06,31.47,45.18,32.48,2.32,55.86,0.426
8,2026-05-07,30.94,44.26,34.43,0.0,58.28,0.301
8,2026-05-08,30.61,41.61,32.57,0.0,56.37,0.253
8,2026-05-09,32.58,43.07,33.83,2.92,58.19,0.246
8,2026-05-10,31.61,41.97,31.83,1.6,56.27,0.174
8,2026-05-11,30.53,44.02,32.43,1.71,55.47,0.442
8,2026-05-12,32.55,43.56,32.75,3.39,56.73,0.212
1,2026-05-01,29.53,41.69,34.08,0.61,48.46,0.229
1,2026-05-02,30.57,43.46,31.83,1.5,44.84,0.147
1,2026-05-03,30.09,42.44,31.44,0.0,46.24,0.216
1,2026-05-04,30.52,41.67,29.98,2.62,45.35,0.278
1,2026-05-05,32.06,43.28,32.24,1.17,46.08,0.318
1,2026-05-06,31.31,41.83,32.47,1.51,46.44,0.247
1,2026-05-07,32.04,42.42,32.88,1.2,45.27,0.164
1,2026-05-08,30.63,42.73,33.23,1.08,45.32,0.192
1,2026-05-09,31.97,42.34,31.6,1.84,44.58,0.24
1,2026-05-10,30.74,42.12,30.99,2.07,47.35,0.143
1,2026-05-11,30.89,42.83,34.14,0.77,44.92,0.23
1,2026-05-12,32.64,42.3,32.3,2.8,43.83,0.106
1,2026-05-13,31.62,42.95,30.78,1.64,45.84,0.249
1,2026-05-14,30.04,41.82,31.25,1.21,45.59,0.421
1,2026-05-15,31.36,40.79,32.44,2.48,46.06,0.34
1,2026-05-16,30.75,42.89,31.2,1.89,44.53,0.366
1,2026-05-17,29.38,40.29,32.55,1.0,45.91,0.268
1,2026-05-18,30.75,41.42,32.25,1.48,46.25,0.469
1,2026-05-19,30.1,42.3,32.58,0.75,44.69,0.188
1,2026-05-20,31.76,41.99,32.62,0.48,46.21,0.18
1,2026-05-21,30.0,42.34,32.11,2.52,44.3,0.276
1,2026-05-22,32.27,43.5,31.71,0.53,45.34,0.256
1,2026-05-23,30.95,42.56,32.61,0.17,44.76,0.148
1,2026-05-24,29.54,42.15,32.35,3.5,46.29,0.231
1,2026-05-25,32.09,41.56,32.37,2.06,46.53,0.266
1,2026-05-26,30.46,41.09,31.92,0.61,46.44,0.219
1,2026-05-27,31.3,40.75,32.96,0.37,44.36,0.14
1,2026-05-28,30.2,43.28,32.72,0.08,45.88,0.221
1,2026-05-01,29.33,41.33,30.18,0.36,43.35,0.173
1,2026-05-02,29.92,41.5,31.3,2.23,45.48,0.251
1,2026-05-03,31.48,43.07,32.69,0.65,44.79,0.174
1,2026-05-04,30.34,42.24,31.98,2.17,45.7,0.437
1,2026-05-05,31.73,41.8,32.85,0.0,47.07,0.267
1,2026-05-06,31.15,40.69,34.38,0.93,45.67,0.344
1,2026-05-07,30.6,41.46,32.67,0.23,46.48,0.242
1,2026-05-08,31.82,41.12,33.21,1.43,47.62,0.182
1,2026-05-09,32.49,42.89,32.79,0.49,46.31,0.292
1,2026-05-10,30.02,41.17,31.35,2.51,45.94,0.322
1,2026-05-11,31.05,42.35,32.26,0.78,46.92,0.245
1,2026-05-12,30.99,40.97,32.34,0.54,45.34,0.333
7,2026-05-01,29.76,42.71,33.12,2.6,45.62,0.224
7,2026-05-02,31.03,41.85,30.57,0.0,46.65,0.207
7,2026-05-03,29.54,42.3,32.17,1.21,46.07,0.44
7,2026-05-04,30.05,43.02,31.83,0.96,45.29,0.184
7,2026-05-05,30.26,43.21,32.74,0.72,47.86,0.132
7,2026-05-06,31.1,44.88,31.88,2.76,47.4,0.226
7,2026-05-07,29.07,44.2,32.62,1.04,47.27,0.154
7,2026-05-08,31.75,42.39,33.03,0.55,45.74,0.144
7,2026-05-09,30.11,43.06,32.38,1.71,47.28,0.192
7,2026-05-10,29.06,42.62,32.61,2.48,47.05,0.281
7,2026-05-11,30.56,43.48,31.21,2.73,46.5,0.24
7,2026-05-12,30.42,42.94,31.92,2.06,44.88,0.283
7,2026-05-13,31.27,44.75,32.5,1.45,46.28,0.203
7,2026-05-14,30.67,41.88,31.52,1.02,45.83,0.131
7,2026-05-15,29.7,42.63,33.22,1.36,46.72,0.283
7,2026-05-16,31.48,42.5,32.17,0.0,45.47,0.236
7,2026-05-17,29.77,44.13,33.86,1.2,46.95,0.12
7,2026-05-18,29.81,42.55,32.55,1.37,45.31,0.404
7,2026-05-19,31.04,43.15,33.17,1.7,45.89,0.164
7,2026-05-20,29.27,44.26,31.69,0.01,45.36,0.113
7,2026-05-21,32.6,43.23,33.83,2.88,46.62,0.245
7,2026-05-22,30.11,42.81,31.98,1.58,45.46,0.314
7,2026-05-23,31.47,42.79,31.0,2.17,46.91,0.195
7,2026-05-24,29.61,43.29,33.5,0.0,46.62,0.105
7,2026-05-25,30.84,44.49,32.62,1.98,45.8,0.2
7,2026-05-26,32.93,44.11,32.25,1.19,46.12,0.438
7,2026-05-27,30.96,43.91,32.21,0.37,47.31,0.195
7,2026-05-28,30.05,42.25,31.92,0.98,44.69,0.307
7,2026-05-01,31.12,43.78,32.22,1.86,46.25,0.304
7,2026-05-02,31.52,43.22,31.94,0.44,45.37,0.16
7,2026-05-03,30.28,41.76,34.06,1.79,44.25,0.136
7,2026-05-04,29.54,43.11,33.52,0.64,46.67,0.181
7,2026-05-05,31.82,44.14,32.82,2.2,46.1,0.175
7,2026-05-06,29.71,43.19,32.48,1.19,46.03,0.187
7,2026-05-07,29.82,42.41,33.58,1.33,47.37,0.133
7,2026-05-08,29.53,43.01,33.25,0.94,46.67,0.279
7,2026-05-09,31.75,42.79,32.49,0.03,46.12,0.221
7,2026-05-10,32.06,41.73,31.77,0.63,46.92,0.082
7,2026-05-11,29.78,44.77,33.14,0.33,46.05,0.27
7,2026-05-12,31.27,42.69,31.82,2.3,46.09,0.266
5,2026-05-01,31.01,42.08,33.61,0.85,50.89,0.088
5,2026-05-02,30.44,42.27,31.7,1.52,51.69,0.212
5,2026-05-03,31.96,42.34,33.62,1.68,52.13,0.07
5,2026-05-04,32.0,41.96,33.35,0.88,51.33,0.1
5,2026-05-05,28.94,41.62,32.08,1.32,48.47,0.072
5,2026-05-06,29.99,42.31,32.5,0.56,49.12,0.122
5,2026-05-07,30.35,43.31,31.82,1.89,49.69,0.121
5,2026-05-08,30.73,42.91,31.45,1.19,49.73,0.104
5,2026-05-09,31.21,45.21,32.33,1.95,50.6,0.164
5,2026-05-10,31.07,43.45,32.62,3.48,51.75,0.06
5,2026-05-11,30.92,42.57,30.3,0.52,50.09,0.085
5,2026-05-12,30.77,40.88,32.98,2.0,50.82,0.098
5,2026-05-13,30.66,42.08,33.34,1.76,52.31,0.097
5,2026-05-14,31.97,41.98,32.15,0.36,50.98,0.108
5,2026-05-15,31.22,43.85,32.25,1.65,51.32,0.108
5,2026-05-16,30.16,42.83,32.76,2.01,51.26,0.087
5,2026-05-17,31.06,43.62,31.89,1.63,49.95,0.117
5,2026-05-18,32.22,42.66,31.43,1.62,50.7,0.163
5,2026-05-19,29.42,41.68,32.24,0.0,51.53,0.054
5,2026-05-20,29.91,41.17,31.71,2.03,51.05,0.153
5,2026-05-21,31.2,40.67,32.58,0.0,50.05,0.096
5,2026-05-22,30.17,42.95,31.58,2.87,51.05,0.167
5,2026-05-23,31.34,43.31,32.27,3.08,49.56,0.13
5,2026-05-24,30.66,42.31,32.59,0.63,51.29,0.145
5,2026-05-25,30.75,43.17,31.37,0.0,49.98,0.102
5,2026-05-26,32.91,42.3,33.24,2.07,52.41,0.115
5,2026-05-27,31.25,42.33,31.53,0.4,49.8,0.182
5,2026-05-28,30.92,42.37,32.32,0.8,50.48,0.109
5,2026-05-01,31.25,43.33,30.83,1.52,51.75,0.077
5,2026-05-02,30.43,42.66,33.3,1.85,50.31,0.132
5,2026-05-03,31.59,42.86,33.98,1.69,49.56,0.084
5,2026-05-04,30.54,42.32,32.87,1.63,52.06,0.147
5,2026-05-05,32.0,41.82,31.93,1.93,50.59,0.138
5,2026-05-06,30.89,41.95,33.85,2.34,49.11,0.089
5,2026-05-07,30.68,43.13,32.25,0.09,51.26,0.103
5,2026-05-08,31.75,42.79,33.22,2.07,51.31,0.093
5,2026-05-09,31.59,42.7,31.19,0.96,50.21,0.13
5,2026-05-10,31.28,41.52,32.97,1.26,49.57,0.148
5,2026-05-11,29.98,41.45,33.0,2.13,49.93,0.16
5,2026-05-12,31.57,42.06,34.12,1.27,50.72,0.048
6,2026-05-01,30.93,40.9,32.07,0.0,47.96,0.218
6,2026-05-02,32.06,38.8,32.2,0.98,44.21,0.102
6,2026-05-03,30.29,42.74,30.93,0.86,46.88,0.149
6,2026-05-04,30.01,42.26,32.55,0.0,47.94,0.101
6,2026-05-05,30.13,42.47,31.77,1.2,47.64,0.163
6,2026-05-06,29.89,40.61,32.3,1.37,47.26,0.124
6,2026-05-07,31.15,41.45,30.46,0.94,47.4,0.173
6,2026-05-08,29.58,40.8,31.99,0.29,46.89,0.184
6,2026-05-09,30.74,43.12,31.96,2.24,47.91,0.323
6,2026-05-10,30.41,41.41,32.88,0.25,46.55,0.145
6,2026-05-11,30.74,40.24,31.94,0.44,46.94,0.142
6,2026-05-12,30.24,42.46,32.16,0.56,47.04,0.192
6,2026-05-13,31.12,42.64,31.61,0.86,48.78,0.133
6,2026-05-14,31.93,42.27,31.35,0.0,47.56,0.105
6,2026-05-15,29.8,39.97,32.8,0.83,47.01,0.155
6,2026-05-16,30.65,41.61,32.2,0.5,44.69,0.174
6,2026-05-17,30.81,41.54,33.16,0.0,44.41,0.226
6,2026-05-18,30.8,40.06,31.38,1.3,45.91,0.164
6,2026-05-19,32.33,42.77,31.72,1.03,46.15,0.141
6,2026-05-20,30.14,40.64,30.54,2.47,47.07,0.095
6,2026-05-21,30.06,42.85,33.19,0.19,47.17,0.184
6,2026-05-22,30.12,40.47,30.87,0.75,46.3,0.086
6,2026-05-23,30.22,42.36,32.35,0.54,48.7,0.103
6,2026-05-24,30.36,40.3,32.44,0.63,45.49,0.101
6,2026-05-25,32.04,42.17,31.84,1.51,45.56,0.101
6,2026-05-26,29.24,40.78,31.4,1.21,47.89,0.189
6,2026-05-27,32.83,41.08,31.72,1.19,46.25,0.122
6,2026-05-28,30.79,40.73,32.16,1.83,45.99,0.061
6,2026-05-01,30.5,40.58,31.89,0.33,47.25,0.199
6,2026-05-02,31.15,41.19,30.69,0.0,45.04,0.102
6,2026-05-03,30.5,40.9,31.19,0.0,45.49,0.073
6,2026-05-04,30.96,39.72,32.31,0.0,47.43,0.144
6,2026-05-05,31.06,42.53,30.99,0.0,46.54,0.101
6,2026-05-06,30.96,41.35,31.68,1.04,46.49,0.192
6,2026-05-07,28.71,41.65,32.11,0.0,46.29,0.179
6,2026-05-08,30.06,39.72,30.45,1.56,46.12,0.205
6,2026-05-09,31.57,41.25,32.14,0.0,46.54,0.102
6,2026-05-10,30.87,40.28,31.53,0.69,47.36,0.062
6,2026-05-11,28.74,40.64,31.45,0.77,47.07,0.262
6,2026-05-12,30.92,41.95,31.21,1.34,47.51,0.164
11,2026-05-01,30.36,41.73,32.76,0.0,26.56,0.305
11,2026-05-02,31.12,40.96,31.0,2.96,28.07,0.15
11,2026-05-03,30.03,41.62,30.85,0.15,28.76,0.197
11,2026-05-04,30.57,41.13,30.45,0.56,27.45,0.316
11,2026-05-05,29.62,40.95,29.77,0.1,27.37,0.384
11,2026-05-06,30.35,41.63,29.83,0.0,28.33,0.143
11,2026-05-07,31.47,40.8,31.52,0.76,28.35,0.299
11,2026-05-08,29.85,41.49,32.46,0.68,28.59,0.203
11,2026-05-09,30.5,41.76,31.17,0.0,28.62,0.217
11,2026-05-10,30.87,41.19,32.79,0.0,27.62,0.286
11,2026-05-11,29.53,41.45,31.37,0.0,29.07,0.366
11,2026-05-12,30.63,39.91,32.08,0.0,28.37,0.263
11,2026-05-13,29.75,39.66,31.26,0.45,27.72,0.174
11,2026-05-14,31.1,41.07,30.97,0.0,28.62,0.235
11,2026-05-15,30.29,39.93,31.05,0.0,28.53,0.338
11,2026-05-16,31.28,41.72,31.48,0.2,28.77,0.193
11,2026-05-17,30.14,40.41,31.33,0.41,30.09,0.274
11,2026-05-18,30.11,41.83,30.96,1.36,29.15,0.609
11,2026-05-19,29.49,41.08,31.28,0.74,29.09,0.163
11,2026-05-20,29.8,41.41,32.23,0.0,27.11,0.335
11,2026-05-21,31.17,42.1,30.53,0.3,28.67,0.264
11,2026-05-22,30.34,41.11,32.26,0.1,27.99,0.196
11,2026-05-23,30.0,41.26,31.2,0.1,29.7,0.252
11,2026-05-24,30.15,42.25,30.9,0.48,28.39,0.187
11,2026-05-25,30.11,41.22,30.14,0.14,28.69,0.249
11,2026-05-26,30.7,43.17,31.95,0.36,28.36,0.227
11,2026-05-27,30.81,40.89,32.68,0.0,29.01,0.269
11,2026-05-28,29.46,41.69,31.86,0.0,30.46,0.288
11,2026-05-01,30.16,40.74,30.74,0.7,28.52,0.142
11,2026-05-02,29.55,40.53,31.03,0.17,27.9,0.281
11,2026-05-03,31.25,41.21,29.5,0.34,28.95,0.221
11,2026-05-04,30.67,41.23,30.1,0.0,29.0,0.191
11,2026-05-05,30.79,40.89,31.23,1.65,27.44,0.226
11,2026-05-06,29.5,41.21,31.78,1.03,28.59,0.143
11,2026-05-07,30.64,41.91,32.23,2.31,28.95,0.162
11,2026-05-08,29.99,41.22,32.27,0.0,29.25,0.282
11,2026-05-09,29.69,41.66,30.72,0.47,28.21,0.245
11,2026-05-10,29.43,41.59,29.52,0.13,27.98,0.383
11,2026-05-11,30.89,40.73,30.61,0.5,27.93,0.477
11,2026-05-12,28.07,41.2,29.28,1.36,27.78,0.387
13,2026-05-01,29.99,41.86,31.05,0.99,21.89,0.062
13,2026-05-02,29.84,39.6,31.68,0.44,21.87,0.195
13,2026-05-03,30.62,40.45,32.55,0.18,21.7,0.103
13,2026-05-04,29.93,40.95,30.72,0.0,21.82,0.115
13,2026-05-05,30.46,39.61,30.14,0.0,22.61,0.197
13,2026-05-06,30.52,39.95,30.53,0.66,22.94,0.103
13,2026-05-07,30.09,41.03,31.18,0.0,22.44,0.104
13,2026-05-08,31.79,39.96,30.93,0.43,22.87,0.227
13,2026-05-09,31.21,42.03,30.75,0.62,23.19,0.131
13,2026-05-10,29.26,40.08,32.09,1.05,21.57,0.183
13,2026-05-11,30.87,41.85,29.27,0.0,21.65,0.187
13,2026-05-12,30.53,40.68,31.14,0.0,24.52,0.222
13,2026-05-13,31.23,40.39,31.25,1.75,23.44,0.173
13,2026-05-14,29.41,41.09,30.63,0.73,20.78,0.159
13,2026-05-15,30.71,40.55,31.8,0.0,20.82,0.15
13,2026-05-16,31.19,40.69,30.39,0.69,22.08,0.142
13,2026-05-17,30.58,40.75,31.42,0.12,21.2,0.144
13,2026-05-18,30.12,41.27,31.22,0.0,21.72,0.187
13,2026-05-19,31.42,41.17,32.57,0.02,22.52,0.151
13,2026-05-20,29.62,41.05,31.31,0.27,22.01,0.151
13,2026-05-21,29.77,40.69,31.3,0.82,19.05,0.207
13,2026-05-22,31.41,42.04,31.22,0.57,21.5,0.164
13,2026-05-23,30.93,40.01,30.21,0.16,20.73,0.172
13,2026-05-24,29.19,41.12,30.92,0.0,21.07,0.142
13,2026-05-25,28.54,40.61,31.0,1.03,21.44,0.159
13,2026-05-26,31.67,42.45,30.47,0.9,22.9,0.201
13,2026-05-27,29.62,40.14,31.39,2.01,21.73,0.286
13,2026-05-28,32.11,39.88,30.38,1.3,22.73,0.203
13,2026-05-01,30.46,41.5,30.35,2.15,20.89,0.092
13,2026-05-02,30.6,42.2,30.47,0.0,21.0,0.165
13,2026-05-03,29.59,40.09,29.62,0.0,23.49,0.166
13,2026-05-04,30.64,42.88,30.35,0.0,22.33,0.112
13,2026-05-05,30.76,41.95,29.96,0.0,23.35,0.118
13,2026-05-06,29.88,41.16,30.62,0.0,23.27,0.139
13,2026-05-07,30.76,40.6,30.69,0.0,22.68,0.146
13,2026-05-08,31.58,39.94,30.47,0.41,21.98,0.135
13,2026-05-09,30.35,39.83,30.94,0.0,22.03,0.267
13,2026-05-10,31.25,41.69,30.53,0.42,21.53,0.164
13,2026-05-11,30.39,38.04,31.69,0.39,22.61,0.123
13,2026-05-12,31.07,41.37,28.96,0.0,21.93,0.135
14,2026-05-01,32.35,45.17,36.08,1.04,79.7,0.343
14,2026-05-02,31.18,45.22,34.76,1.52,81.2,0.742
14,2026-05-03,33.31,47.46,35.77,2.66,82.43,0.605
14,2026-05-04,33.99,45.56,32.96,1.67,81.04,0.575
14,2026-05-05,32.19,46.6,33.79,2.08,81.75,0.487
14,2026-05-06,32.45,46.95,35.74,2.0,81.07,0.27
14,2026-05-07,32.36,46.07,33.29,4.05,82.63,0.566
14,2026-05-08,33.18,47.04,34.65,3.6,81.23,0.286
14,2026-05-09,31.6,45.25,35.73,2.78,81.75,0.409
14,2026-05-10,31.27,47.53,37.16,3.03,80.73,0.717
14,2026-05-11,31.42,45.56,33.56,3.12,81.12,0.419
14,2026-05-12,31.82,44.43,34.09,3.77,80.6,0.734
14,2026-05-13,31.63,45.67,34.4,2.48,81.57,0.24
14,2026-05-14,33.02,46.34,34.8,2.77,80.71,0.607
14,2026-05-15,32.43,45.01,34.93,3.53,81.22,0.485
14,2026-05-16,32.56,45.31,34.4,1.07,80.74,0.669
14,2026-05-17,32.05,44.96,35.58,2.84,81.02,0.563
14,2026-05-18,32.99,45.71,34.08,4.21,80.95,0.371
14,2026-05-19,32.54,46.77,33.58,3.83,80.79,0.938
14,2026-05-20,32.96,45.65,35.88,3.8,80.6,0.52
14,2026-05-21,31.94,46.53,33.59,2.55,79.07,0.585
14,2026-05-22,30.47,44.83,35.03,2.4,80.52,0.348
14,2026-05-23,31.98,44.24,35.08,3.4,81.56,0.475
14,2026-05-24,33.43,46.14,35.63,3.04,80.93,0.373
14,2026-05-25,30.12,46.3,34.71,4.41,79.2,0.637
14,2026-05-26,31.57,45.74,34.04,3.0,80.88,0.644
14,2026-05-27,32.51,46.15,35.9,3.15,80.79,0.727
14,2026-05-28,32.29,46.09,34.53,2.14,78.33,0.606
14,2026-05-01,31.4,46.37,36.35,1.58,81.66,0.466
14,2026-05-02,32.78,44.72,34.83,2.84,82.13,0.983
14,2026-05-03,32.66,45.43,36.71,2.62,80.86,0.498
14,2026-05-04,32.79,46.36,34.32,2.62,82.52,0.821
14,2026-05-05,32.77,45.98,34.61,3.59,80.47,0.503
14,2026-05-06,32.0,45.22,34.85,2.72,80.42,0.472
14,2026-05-07,32.45,45.35,34.25,2.6,81.51,0.698
14,2026-05-08,32.55,45.52,34.79,4.35,81.7,0.352
14,2026-05-09,32.35,45.3,34.5,1.27,80.94,0.307
14,2026-05-10,31.89,47.05,35.67,1.97,80.03,0.357
14,2026-05-11,30.78,44.92,34.58,1.82,81.56,0.475
14,2026-05-12,31.94,47.25,35.42,2.78,82.5,0.748
3,2026-05-01,31.58,45.67,34.46,1.41,85.94,0.398
3,2026-05-02,31.1,45.82,33.43,3.56,84.27,0.219
3,2026-05-03,33.27,45.4,34.61,3.42,84.06,0.323
3,2026-05-04,32.19,46.11,35.38,3.32,83.45,0.453
3,2026-05-05,32.05,46.91,34.32,2.4,84.09,0.356
3,2026-05-06,31.82,45.76,33.49,2.22,84.51,0.233
3,2026-05-07,30.57,45.83,34.0,4.31,84.15,0.516
3,2026-05-08,32.76,45.8,34.42,2.54,84.71,0.125
3,2026-05-09,33.05,44.38,34.61,0.27,84.71,0.311
3,2026-05-10,32.43,45.68,34.51,2.77,85.37,0.209
3,2026-05-11,32.62,46.03,34.63,2.84,84.51,0.204
3,2026-05-12,34.3,45.02,36.32,3.57,82.55,0.263
3,2026-05-13,33.08,46.11,34.05,2.86,83.27,0.17
3,2026-05-14,31.98,45.56,36.23,2.95,85.24,0.161
3,2026-05-15,31.18,44.97,36.36,1.47,82.94,0.235
3,2026-05-16,33.22,43.97,34.61,1.45,85.58,0.305
3,2026-05-17,32.42,45.35,34.63,2.75,83.75,0.179
3,2026-05-18,31.21,45.4,34.14,3.4,82.47,0.293
3,2026-05-19,32.65,46.46,34.61,1.32,83.5,0.354
3,2026-05-20,31.91,45.03,34.32,2.57,84.11,0.142
3,2026-05-21,31.66,46.27,36.1,2.52,83.86,0.382
3,2026-05-22,32.02,44.36,34.72,3.24,85.67,0.204
3,2026-05-23,32.65,45.1,35.83,2.86,84.54,0.172
3,2026-05-24,31.9,45.11,31.68,3.38,84.3,0.224
3,2026-05-25,31.86,45.41,35.04,1.48,84.42,0.25
3,2026-05-26,32.2,44.09,34.71,1.5,84.61,0.377
3,2026-05-27,32.94,45.09,34.35,2.13,84.61,0.192
3,2026-05-28,31.71,43.19,34.08,1.94,83.83,0.364
3,2026-05-01,30.99,44.22,35.35,1.77,84.16,0.255
3,2026-05-02,32.19,44.71,35.63,3.94,83.43,0.219
3,2026-05-03,33.0,45.2,33.95,2.25,85.03,0.171
3,2026-05-04,32.4,45.72,34.25,3.12,84.89,0.338
3,2026-05-05,32.99,44.08,35.61,3.13,85.16,0.18
3,2026-05-06,32.97,45.71,33.81,3.74,83.62,0.17
3,2026-05-07,32.52,44.86,35.14,2.41,84.55,0.317
3,2026-05-08,32.15,46.15,35.57,1.9,85.05,0.297
3,2026-05-09,32.29,46.36,36.27,3.29,83.03,0.28
3,2026-05-10,32.06,45.15,35.13,2.34,85.73,0.265
3,2026-05-11,32.2,46.07,35.53,3.66,84.86,0.238
3,2026-05-12,32.3,43.51,33.55,3.54,84.03,0.446
9,2026-05-01,33.89,43.84,34.38,4.63,64.03,0.506
9,2026-05-02,32.11,44.72,33.87,2.1,65.38,0.337
9,2026-05-03,32.75,44.32,34.57,2.39,64.04,0.464
9,2026-05-04,31.67,44.2,35.13,0.53,65.2,0.563
9,2026-05-05,31.8,45.89,34.91,0.98,65.17,0.519
9,2026-05-06,31.67,45.44,34.77,1.49,62.98,0.507
9,2026-05-07,31.67,43.43,33.78,0.04,64.42,0.737
9,2026-05-08,29.83,45.34,33.31,1.76,63.92,0.55
9,2026-05-09,32.31,44.25,32.97,1.74,65.72,0.293
9,2026-05-10,32.68,45.23,32.37,3.08,64.68,0.946
9,2026-05-11,33.84,44.72,33.98,1.23,63.51,0.581
9,2026-05-12,32.1,44.58,33.97,2.71,65.54,0.443
9,2026-05-13,32.15,45.03,35.93,0.29,63.7,0.521
9,2026-05-14,32.45,46.02,35.27,3.86,64.01,0.546
9,2026-05-15,32.11,45.79,34.28,2.9,64.07,0.469
9,2026-05-16,31.87,44.71,33.72,1.21,65.7,0.491
9,2026-05-17,33.28,44.06,32.4,1.55,64.59,0.582
9,2026-05-18,33.25,46.02,35.48,2.76,64.82,0.342
9,2026-05-19,32.93,44.5,33.41,2.64,64.92,0.595
9,2026-05-20,31.69,45.98,34.44,1.97,64.05,0.307
9,2026-05-21,31.12,46.18,32.87,2.68,64.5,0.364
9,2026-05-22,31.9,44.86,34.92,2.62,64.72,0.277
9,2026-05-23,30.75,46.59,33.23,0.74,65.71,0.265
9,2026-05-24,32.98,45.77,34.34,2.97,63.49,0.292
9,2026-05-25,32.15,44.94,34.05,2.53,64.07,0.213
9,2026-05-26,32.68,44.74,34.84,3.96,64.79,0.542
9,2026-05-27,31.53,45.74,34.42,2.34,65.53,0.301
9,2026-05-28,32.82,45.34,35.52,0.52,64.64,0.942
9,2026-05-01,31.96,44.55,35.7,4.33,64.82,0.347
9,2026-05-02,31.79,44.59,33.37,1.4,64.87,0.449
9,2026-05-03,32.74,44.96,33.05,2.77,64.94,0.363
9,2026-05-04,32.08,45.22,34.19,2.0,65.39,0.639
9,2026-05-05,32.04,44.92,33.14,1.97,65.14,0.596
9,2026-05-06,32.47,44.86,33.48,2.31,63.75,0.463
9,2026-05-07,32.33,44.14,34.41,1.93,65.25,0.375
9,2026-05-08,32.74,46.32,34.27,2.81,64.15,0.392
9,2026-05-09,30.65,44.8,33.12,2.22,62.9,0.329
9,2026-05-10,32.39,45.28,32.65,1.75,66.98,0.58
9,2026-05-11,32.46,42.51,33.3,2.57,64.92,0.517
9,2026-05-12,33.16,45.02,34.86,0.53,66.92,0.399
8,2026-05-01,31.62,45.93,34.41,2.73,55.77,0.41
8,2026-05-02,32.82,43.6,33.68,1.66,56.06,0.292
8,2026-05-03,31.08,44.98,34.09,2.89,56.25,0.295
8,2026-05-04,30.91,44.68,33.6,3.64,58.33,0.638
8,2026-05-05,31.39,43.37,33.66,1.08,57.56,0.386
8,2026-05-06,31.83,44.59,34.98,1.04,56.74,0.236
8,2026-05-07,32.01,44.02,34.15,2.0,57.36,0.47
8,2026-05-08,31.66,43.43,33.15,1.49,56.11,0.286
8,2026-05-09,33.14,45.42,33.63,1.43,56.1,0.365
8,2026-05-10,32.17,43.17,33.49,0.21,56.34,0.467
8,2026-05-11,31.25,44.74,33.33,1.25,58.03,0.503
8,2026-05-12,32.61,44.21,34.23,1.7,56.71,0.272
8,2026-05-13,32.12,44.25,32.62,3.35,57.02,0.283
8,2026-05-14,30.89,43.95,33.13,1.33,54.97,0.279
8,2026-05-15,32.24,44.96,32.12,1.86,55.43,0.259
8,2026-05-16,31.9,43.99,34.48,2.48,56.03,0.297
8,2026-05-17,33.76,46.24,34.2,1.73,57.19,0.61
8,2026-05-18,31.72,46.19,33.72,2.83,55.85,0.379
8,2026-05-19,31.78,44.62,34.76,1.07,56.04,0.447
8,2026-05-20,31.77,46.4,32.56,4.11,55.72,0.518
8,2026-05-21,33.62,45.07,32.61,1.57,56.36,0.45
8,2026-05-22,33.06,45.59,35.17,1.02,57.18,0.203
8,2026-05-23,32.31,43.64,32.28,2.68,56.28,0.522
8,2026-05-24,30.77,43.51,33.77,1.27,56.37,0.298
8,2026-05-25,31.88,43.57,35.01,1.58,55.25,0.469
8,2026-05-26,32.61,44.78,34.06,1.51,56.18,0.172
8,2026-05-27,30.79,43.49,34.12,2.95,56.15,0.337
8,2026-05-28,33.19,44.27,34.45,2.25,55.12,0.413
8,2026-05-01,32.36,43.56,32.94,0.72,57.53,0.771
8,2026-05-02,32.81,45.99,32.66,3.12,58.07,0.65
8,2026-05-03,31.34,45.56,33.76,2.82,55.73,0.372
8,2026-05-04,31.67,45.02,33.77,2.86,57.04,0.428
8,2026-05-05,32.15,44.32,33.87,2.53,56.42,0.41
8,2026-05-06,32.15,44.52,33.27,0.18,56.82,0.45
8,2026-05-07,31.31,46.31,32.82,2.76,56.53,0.413
8,2026-05-08,33.2,45.42,33.88,0.91,55.21,0.396
8,2026-05-09,33.6,45.38,33.83,2.16,56.92,0.675
8,2026-05-10,31.5,45.24,34.11,1.18,55.39,0.577
8,2026-05-11,32.48,44.41,33.95,2.75,56.39,0.649
8,2026-05-12,31.95,43.89,33.76,1.02,55.99,0.568
4,2026-05-01,33.47,45.28,34.5,1.31,59.8,0.125
4,2026-05-02,32.08,44.19,33.92,3.52,61.59,0.112
4,2026-05-03,32.14,45.86,34.65,2.34,59.29,0.061
4,2026-05-04,30.22,42.69,34.31,2.42,59.92,0.129
4,2026-05-05,32.33,44.64,33.0,3.42,61.94,0.09
4,2026-05-06,33.68,44.76,33.62,1.76,59.04,0.098
4,2026-05-07,30.5,45.73,34.61,0.88,61.22,0.06
4,2026-05-08,32.08,45.14,34.39,1.11,60.6,0.103
4,2026-05-09,31.99,46.05,35.85,3.55,60.13,0.085
4,2026-05-10,31.95,45.1,32.47,1.57,62.31,0.071
4,2026-05-11,31.27,44.08,34.76,2.06,60.41,0.065
4,2026-05-12,32.48,44.71,33.72,2.14,61.41,0.066
4,2026-05-13,30.54,43.79,33.53,0.0,60.16,0.162
4,2026-05-14,31.63,45.63,31.73,2.02,61.95,0.191
4,2026-05-15,31.48,43.97,34.67,1.02,60.37,0.061
4,2026-05-16,32.0,44.71,35.79,2.44,60.11,0.107
4,2026-05-17,30.77,44.74,34.13,2.5,61.54,0.055
4,2026-05-18,32.23,45.38,33.24,3.83,60.05,0.261
4,2026-05-19,32.64,45.58,34.56,3.03,59.77,0.083
4,2026-05-20,30.16,45.2,33.68,2.8,61.24,0.069
4,2026-05-21,32.56,44.94,34.5,2.54,60.68,0.11
4,2026-05-22,32.88,43.81,33.24,1.43,61.63,0.098
4,2026-05-23,33.66,41.93,33.68,1.72,60.94,0.176
4,2026-05-24,31.76,43.79,35.08,3.52,58.39,0.135
4,2026-05-25,32.2,43.96,33.89,2.38,60.73,0.101
4,2026-05-26,30.88,44.97,33.72,2.2,60.17,0.118
4,2026-05-27,32.6,44.92,34.91,0.87,61.12,0.122
4,2026-05-28,31.36,44.56,31.79,2.19,60.33,0.05
4,2026-05-01,32.38,44.13,34.57,1.9,61.13,0.113
4,2026-05-02,31.67,45.15,35.07,0.07,60.72,0.089
4,2026-05-03,30.93,45.88,35.18,1.18,59.69,0.146
4,2026-05-04,31.36,44.41,32.54,1.99,61.72,0.093
4,2026-05-05,31.82,46.28,35.11,3.4,61.26,0.167
4,2026-05-06,30.43,43.96,32.82,4.12,60.86,0.105
4,2026-05-07,31.24,43.79,31.79,4.13,60.62,0.112
4,2026-05-08,30.66,44.65,34.65,2.04,61.25,0.082
4,2026-05-09,32.21,45.51,34.82,2.46,60.6,0.078
4,2026-05-10,32.42,44.35,33.46,2.8,59.24,0.09
4,2026-05-11,32.62,45.56,33.98,2.17,61.18,0.107
4,2026-05-12,31.23,45.09,34.46,2.21,61.7,0.122
2,2026-05-01,31.38,43.34,36.05,1.76,64.46,0.181
2,2026-05-02,32.11,42.06,34.71,3.09,64.0,0.178
2,2026-05-03,30.45,43.23,33.3,1.84,64.31,0.188
2,2026-05-04,32.54,44.63,32.39,1.67,64.92,0.166
2,2026-05-05,31.31,43.38,35.56,3.46,64.43,0.251
2,2026-05-06,31.47,43.04,33.25,0.81,64.36,0.337
2,2026-05-07,32.48,41.52,34.13,1.84,64.95,0.163
2,2026-05-08,32.62,43.01,34.82,3.19,62.95,0.222
2,2026-05-09,33.16,43.21,35.24,2.78,64.25,0.264
2,2026-05-10,32.74,44.36,35.61,1.41,65.44,0.148
2,2026-05-11,31.68,43.01,34.87,2.69,65.82,0.193
2,2026-05-12,32.55,43.55,34.31,1.33,65.21,0.268
2,2026-05-13,32.5,43.16,34.08,2.76,65.11,0.305
2,2026-05-14,33.5,42.64,36.11,0.0,65.56,0.18
2,2026-05-15,33.6,42.4,35.26,1.52,63.68,0.317
2,2026-05-16,32.58,42.57,36.47,2.12,66.1,0.168
2,2026-05-17,30.93,43.28,33.4,2.82,62.77,0.255
2,2026-05-18,31.29,42.34,34.5,2.21,64.29,0.318
2,2026-05-19,32.06,43.54,35.5,2.34,65.45,0.207
2,2026-05-20,32.34,43.67,33.82,1.05,63.55,0.173
2,2026-05-21,32.3,43.08,34.04,2.84,65.35,0.39
2,2026-05-22,31.26,43.69,34.94,1.56,64.81,0.174
2,2026-05-23,31.6,43.57,32.78,1.63,63.98,0.248
2,2026-05-24,31.14,43.53,33.54,1.95,65.24,0.268
2,2026-05-25,31.93,43.16,35.21,3.64,64.37,0.186
2,2026-05-26,30.87,44.75,33.51,1.22,64.94,0.346
2,2026-05-27,30.69,43.09,33.02,1.79,66.15,0.254
2,2026-05-28,31.57,43.26,34.56,2.32,63.64,0.159
2,2026-05-01,33.6,42.51,35.38,1.77,65.86,0.306
2,2026-05-02,31.61,45.0,33.47,2.2,63.93,0.183
2,2026-05-03,31.47,42.34,34.02,3.82,63.14,0.155
2,2026-05-04,30.95,42.78,35.21,3.05,65.13,0.257
2,2026-05-05,33.94,42.19,33.28,2.39,64.88,0.221
2,2026-05-06,31.05,42.03,34.06,1.78,64.27,0.165
2,2026-05-07,33.0,43.6,35.97,1.95,64.75,0.22
2,2026-05-08,31.82,42.97,34.16,0.65,64.46,0.305
2,2026-05-09,30.06,42.89,34.82,3.54,64.62,0.281
2,2026-05-10,33.37,44.36,33.91,1.87,65.61,0.259
2,2026-05-11,31.31,42.99,34.59,2.23,64.47,0.221
2,2026-05-12,30.47,44.75,35.4,3.76,64.58,0.251
12,2026-05-01,32.23,43.72,32.53,2.58,65.91,0.361
12,2026-05-02,31.13,44.51,34.64,2.23,68.04,0.361
12,2026-05-03,31.07,42.82,33.83,2.3,67.55,0.355
12,2026-05-04,31.66,43.89,34.42,3.11,66.92,0.235
12,2026-05-05,30.72,41.51,35.18,2.63,66.38,0.262
12,2026-05-06,32.04,42.87,34.45,1.51,65.81,0.638
12,2026-05-07,30.87,42.97,35.35,0.62,67.42,0.379
12,2026-05-08,31.59,43.23,33.1,0.28,68.48,0.335
12,2026-05-09,32.51,43.98,34.42,2.67,67.44,0.639
12,2026-05-10,32.16,44.11,33.9,1.88,66.88,0.425
12,2026-05-11,32.2,44.73,34.91,2.32,68.57,0.415
12,2026-05-12,32.04,43.43,33.87,1.29,66.92,0.333
12,2026-05-13,30.95,43.1,33.98,1.73,65.22,0.349
12,2026-05-14,33.29,43.78,35.12,2.24,67.74,0.293
12,2026-05-15,31.32,43.45,32.89,2.31,67.07,0.664
12,2026-05-16,31.1,43.37,33.58,1.78,64.4,0.268
12,2026-05-17,32.75,43.45,34.3,4.46,67.28,0.241
12,2026-05-18,31.54,42.94,35.59,1.46,67.18,0.52
12,2026-05-19,31.0,43.07,32.37,2.35,64.84,0.324
12,2026-05-20,33.25,43.36,34.21,2.4,68.72,0.449
12,2026-05-21,32.65,42.61,33.78,1.34,66.65,0.291
12,2026-05-22,32.6,43.57,34.06,1.78,64.23,0.302
12,2026-05-23,32.0,43.58,31.42,0.13,66.95,0.259
12,2026-05-24,31.53,42.57,34.69,0.61,66.3,0.514
12,2026-05-25,31.91,42.26,34.57,2.52,66.01,0.471
12,2026-05-26,32.33,42.88,35.0,1.22,67.49,0.347
12,2026-05-27,30.89,42.46,35.2,1.77,66.5,0.296
12,2026-05-28,31.02,43.85,36.13,3.46,67.26,0.482
12,2026-05-01,31.42,42.55,33.12,3.55,66.5,0.289
12,2026-05-02,31.16,43.17,33.68,2.28,66.95,0.589
12,2026-05-03,30.62,43.26,33.55,1.88,68.25,0.46
12,2026-05-04,31.38,43.43,34.15,3.25,66.37,0.439
12,2026-05-05,31.54,43.01,34.03,1.72,66.9,0.521
12,2026-05-06,31.19,42.65,34.5,1.6,67.58,0.474
12,2026-05-07,29.69,42.42,33.21,3.0,67.64,0.245
12,2026-05-08,31.12,42.93,33.84,2.91,67.68,0.455
12,2026-05-09,32.7,43.83,34.11,1.88,66.15,0.493
12,2026-05-10,32.52,43.9,33.88,1.92,67.05,0.572
12,2026-05-11,32.05,43.2,33.44,2.66,67.29,0.268
12,2026-05-12,33.29,42.19,35.0,2.09,66.95,0.283
10,2026-05-01,31.75,46.25,33.64,1.31,43.9,0.501
10,2026-05-02,32.4,45.84,35.34,1.46,43.46,0.454
10,2026-05-03,31.01,43.92,33.93,2.38,43.29,0.326
10,2026-05-04,31.67,46.35,33.55,0.19,43.72,0.426
10,2026-05-05,32.59,46.56,34.99,2.11,42.96,0.189
10,2026-05-06,32.51,45.5,34.98,2.74,43.53,0.628
10,2026-05-07,32.19,45.59,33.06,1.34,43.3,0.564
10,2026-05-08,31.6,46.34,35.89,0.42,42.88,0.395
10,2026-05-09,33.14,47.39,34.91,1.58,42.36,0.384
10,2026-05-10,32.22,45.85,33.02,2.96,42.47,0.495
10,2026-05-11,32.44,44.66,33.87,1.63,42.94,0.517
10,2026-05-12,31.83,47.89,34.81,0.8,40.9,0.604
10,2026-05-13,32.47,45.7,32.94,0.33,41.45,0.95
10,2026-05-14,33.67,45.14,35.48,0.0,43.73,0.499
10,2026-05-15,31.48,45.22,32.88,1.64,44.28,0.552
10,2026-05-16,32.62,46.62,32.22,3.41,43.06,0.248
10,2026-05-17,31.9,45.05,33.89,1.88,41.02,0.605
10,2026-05-18,33.79,44.7,35.12,2.73,44.01,0.689
10,2026-05-19,31.0,46.27,32.9,3.72,42.24,0.255
10,2026-05-20,33.25,46.18,33.83,1.73,43.65,0.713
10,2026-05-21,31.6,45.12,33.29,1.54,43.11,0.249
10,2026-05-22,32.51,44.49,33.52,1.38,42.88,0.655
10,2026-05-23,33.71,46.59,35.22,1.35,44.37,0.383
10,2026-05-24,32.45,45.87,32.6,1.05,42.96,0.443
10,2026-05-25,32.13,44.86,32.76,1.61,42.04,0.258
10,2026-05-26,32.15,45.78,33.05,0.0,43.36,0.519
10,2026-05-27,31.87,45.28,31.71,2.41,42.12,0.502
10,2026-05-28,31.71,45.49,33.63,0.0,45.57,0.226
10,2026-05-01,32.34,44.89,33.59,2.84,41.42,0.371
10,2026-05-02,32.68,45.73,34.16,0.93,41.62,0.246
10,2026-05-03,31.87,46.29,33.87,3.04,43.19,0.417
10,2026-05-04,32.42,44.06,34.32,0.6,42.76,0.886
10,2026-05-05,31.13,45.73,34.06,1.72,43.1,0.321
10,2026-05-06,34.03,43.81,32.88,2.94,43.59,0.298
10,2026-05-07,31.43,45.4,36.18,2.04,42.17,0.424
10,2026-05-08,31.68,46.97,34.06,2.73,43.25,0.796
10,2026-05-09,32.61,45.87,32.88,1.22,43.45,0.328
10,2026-05-10,34.48,45.61,33.11,2.49,42.62,0.45
10,2026-05-11,32.16,44.97,35.05,1.68,44.08,0.346
10,2026-05-12,30.96,44.5,33.33,1.43,43.15,0.467
5,2026-05-01,30.79,43.98,32.2,0.68,52.81,0.25
5,2026-05-02,31.58,45.38,34.58,2.1,51.82,0.147
5,2026-05-03,31.8,43.0,33.83,0.17,50.05,0.188
5,2026-05-04,31.46,44.08,34.94,0.41,51.76,0.126
5,2026-05-05,31.07,43.97,34.23,0.66,49.84,0.137
5,2026-05-06,31.26,43.94,32.66,1.07,50.82,0.138
5,2026-05-07,32.95,43.16,32.61,3.13,51.86,0.164
5,2026-05-08,32.66,44.08,32.84,1.91,50.77,0.251
5,2026-05-09,30.25,44.5,33.45,0.68,50.11,0.139
5,2026-05-10,30.72,43.25,34.0,0.0,50.16,0.07
5,2026-05-11,31.39,44.12,33.25,1.34,49.49,0.195
5,2026-05-12,31.1,44.59,33.49,0.95,51.84,0.139
5,2026-05-13,32.83,43.86,33.3,2.2,50.89,0.16
5,2026-05-14,31.8,43.96,33.38,1.01,49.57,0.065
5,2026-05-15,31.81,43.55,34.39,1.7,51.53,0.294
5,2026-05-16,31.81,43.01,34.04,0.76,50.27,0.265
5,2026-05-17,32.41,44.76,32.09,1.33,51.51,0.102
5,2026-05-18,32.09,44.14,31.23,2.74,49.86,0.153
5,2026-05-19,33.42,42.16,33.72,0.9,50.54,0.12
5,2026-05-20,33.14,42.76,33.63,1.79,50.42,0.146
5,2026-05-21,31.67,44.69,33.71,1.23,49.52,0.169
5,2026-05-22,32.39,43.74,34.6,0.0,52.75,0.15
5,2026-05-23,30.89,42.2,34.08,1.82,50.31,0.157
5,2026-05-24,32.07,43.39,34.34,1.87,50.4,0.09
5,2026-05-25,33.15,43.34,32.37,2.47,50.95,0.079
5,2026-05-26,30.42,43.42,32.17,1.17,52.86,0.455
5,2026-05-27,31.88,44.5,34.11,1.2,49.18,0.234
5,2026-05-28,31.76,44.19,33.94,0.58,52.03,0.165
5,2026-05-01,32.12,43.39,33.95,2.22,50.01,0.197
5,2026-05-02,31.53,42.67,33.01,1.86,51.01,0.234
5,2026-05-03,31.31,43.51,33.37,1.87,50.4,0.115
5,2026-05-04,30.52,44.84,34.27,0.71,51.84,0.157
5,2026-05-05,32.33,44.92,32.88,0.61,48.94,0.179
5,2026-05-06,32.33,44.56,33.86,1.41,51.55,0.112
5,2026-05-07,32.28,44.25,33.2,2.87,50.91,0.258
5,2026-05-08,32.73,43.62,35.06,2.32,50.53,0.154
5,2026-05-09,30.99,43.65,33.1,1.5,50.13,0.197
5,2026-05-10,31.85,42.36,32.86,0.5,49.36,0.147
5,2026-05-11,32.75,42.77,31.5,1.17,53.22,0.131
5,2026-05-12,32.17,43.41,34.09,2.62,50.37,0.244
7,2026-05-01,31.07,44.33,32.41,1.73,45.56,0.296
7,2026-05-02,31.04,44.35,33.66,1.04,45.39,0.179
7,2026-05-03,31.69,44.5,33.44,1.7,47.27,0.243
7,2026-05-04,32.32,44.89,34.03,1.91,46.19,0.536
7,2026-05-05,31.98,43.79,34.1,3.04,47.4,0.275
7,2026-05-06,32.8,44.59,33.63,2.15,46.68,0.286
7,2026-05-07,33.61,43.8,34.82,3.46,48.03,0.3
7,2026-05-08,31.89,42.7,33.51,3.77,44.71,0.158
7,2026-05-09,32.81,44.7,31.92,1.51,46.43,0.16
7,2026-05-10,32.92,42.95,34.59,1.75,45.49,0.155
7,2026-05-11,31.74,44.06,33.45,1.03,45.93,0.37
7,2026-05-12,31.23,43.95,33.98,1.54,46.9,0.47
7,2026-05-13,31.73,44.34,30.91,1.25,46.73,0.184
7,2026-05-14,33.25,42.44,34.78,1.09,45.2,0.229
7,2026-05-15,31.81,43.22,32.31,1.09,46.97,0.314
7,2026-05-16,33.26,43.59,33.24,1.26,46.25,0.32
7,2026-05-17,33.63,44.77,33.7,2.78,45.41,0.171
7,2026-05-18,32.65,44.29,33.66,2.4,45.81,0.261
7,2026-05-19,32.39,44.72,34.44,1.66,46.35,0.116
7,2026-05-20,33.15,42.72,33.51,3.84,45.82,0.156
7,2026-05-21,33.5,43.63,33.4,1.4,46.77,0.356
7,2026-05-22,31.93,45.13,32.74,2.16,45.55,0.346
7,2026-05-23,31.44,43.73,34.88,0.54,45.05,0.331
7,2026-05-24,31.8,43.74,33.42,3.46,45.17,0.246
7,2026-05-25,32.19,43.28,33.51,1.98,45.29,0.4
7,2026-05-26,31.01,44.0,33.85,4.41,44.53,0.299
7,2026-05-27,34.31,43.59,34.53,1.74,44.82,0.31
7,2026-05-28,31.23,44.2,32.19,2.2,43.93,0.255
7,2026-05-01,33.19,44.59,33.23,1.33,45.72,0.7
7,2026-05-02,31.98,44.11,32.88,1.11,46.65,0.218
7,2026-05-03,31.31,43.63,33.22,1.7,45.66,0.253
7,2026-05-04,31.36,45.23,33.62,1.26,46.36,0.266
7,2026-05-05,30.62,43.96,35.03,1.99,47.16,0.214
7,2026-05-06,30.69,43.49,34.76,0.64,45.39,0.398
7,2026-05-07,31.8,43.94,33.88,1.62,45.83,0.295
7,2026-05-08,31.39,44.08,34.13,0.59,45.91,0.181
7,2026-05-09,32.7,44.67,34.39,2.47,47.02,0.347
7,2026-05-10,31.33,44.96,32.72,3.64,46.36,0.332
7,2026-05-11,30.92,45.09,34.6,0.13,45.6,0.229
7,2026-05-12,31.45,45.36,35.49,0.58,47.04,0.246
6,2026-05-01,32.81,40.57,32.26,1.74,46.21,0.273
6,2026-05-02,31.12,43.8,33.17,0.27,46.21,0.17
6,2026-05-03,32.62,42.77,32.05,3.64,45.48,0.166
6,2026-05-04,32.06,41.84,32.64,0.27,45.56,0.211
6,2026-05-05,30.55,42.1,33.76,0.0,47.44,0.272
6,2026-05-06,32.47,43.2,32.43,0.0,47.03,0.21
6,2026-05-07,31.12,41.89,33.43,0.0,47.29,0.152
6,2026-05-08,30.05,44.23,33.19,1.13,45.62,0.171
6,2026-05-09,31.82,42.1,34.12,0.0,47.52,0.092
6,2026-05-10,30.15,41.61,33.15,0.0,46.27,0.13
6,2026-05-11,30.22,41.94,31.73,0.33,46.52,0.077
6,2026-05-12,30.96,43.83,32.18,0.54,46.2,0.139
6,2026-05-13,31.46,41.51,32.44,0.0,47.14,0.101
6,2026-05-14,32.1,43.62,31.12,1.19,46.46,0.263
6,2026-05-15,31.02,42.45,32.31,1.7,45.07,0.228
6,2026-05-16,31.58,42.25,32.35,1.4,47.55,0.315
6,2026-05-17,30.91,40.99,32.06,0.38,46.41,0.266
6,2026-05-18,33.54,43.03,30.95,1.49,46.23,0.176
6,2026-05-19,32.24,43.02,32.49,0.81,47.49,0.216
6,2026-05-20,33.35,39.99,31.85,0.03,47.55,0.187
6,2026-05-21,32.25,41.4,32.36,1.13,46.76,0.151
6,2026-05-22,31.73,44.17,30.66,1.98,47.05,0.128
6,2026-05-23,32.08,42.72,33.64,0.0,47.67,0.126
6,2026-05-24,31.77,43.31,32.48,1.13,46.27,0.251
6,2026-05-25,31.03,42.05,32.45,0.51,46.05,0.229
6,2026-05-26,31.37,43.23,31.21,0.0,46.56,0.123
6,2026-05-27,31.36,43.19,33.56,1.88,47.51,0.135
6,2026-05-28,31.98,42.21,33.04,0.0,48.02,0.2
6,2026-05-01,31.23,41.46,32.81,0.08,47.03,0.135
6,2026-05-02,31.0,43.25,33.89,0.0,46.63,0.199
6,2026-05-03,31.35,42.29,34.51,0.0,47.13,0.146
6,2026-05-04,31.4,40.63,33.36,0.37,45.94,0.311
6,2026-05-05,31.24,42.14,31.8,1.52,46.83,0.156
6,2026-05-06,30.3,41.88,32.87,0.54,45.0,0.128
6,2026-05-07,31.69,45.1,31.88,0.0,47.5,0.147
6,2026-05-08,30.3,43.2,32.35,0.0,45.63,0.166
6,2026-05-09,31.57,41.09,33.45,0.0,48.07,0.195
6,2026-05-10,31.32,42.99,32.03,0.5,48.29,0.142
6,2026-05-11,32.22,41.88,32.54,1.43,45.73,0.195
6,2026-05-12,29.55,41.66,32.18,1.35,47.45,0.126
1,2026-05-01,30.96,41.53,31.56,1.45,46.93,0.388
1,2026-05-02,30.55,40.99,32.13,0.62,45.48,0.319
1,2026-05-03,31.15,40.52,33.71,1.86,45.16,0.23
1,2026-05-04,30.99,39.88,33.09,1.68,47.46,0.269
1,2026-05-05,30.82,41.23,33.52,1.79,44.94,0.269
1,2026-05-06,31.67,39.55,34.21,0.88,46.5,0.247
1,2026-05-07,30.86,41.3,33.23,1.86,45.48,0.17
1,2026-05-08,30.46,40.49,33.66,0.21,47.08,0.263
1,2026-05-09,31.01,42.54,32.65,0.81,46.42,0.326
1,2026-05-10,30.19,43.58,33.49,0.0,45.56,0.349
1,2026-05-11,31.29,42.14,35.11,1.92,47.53,0.32
1,2026-05-12,30.5,42.74,32.36,1.95,46.32,0.188
1,2026-05-13,30.47,41.22,33.36,2.3,45.81,0.494
1,2026-05-14,31.9,40.82,32.45,1.18,45.28,0.247
1,2026-05-15,31.82,41.64,33.89,0.5,44.98,0.157
1,2026-05-16,29.53,41.01,33.08,0.94,45.77,0.524
1,2026-05-17,30.15,41.17,32.59,0.31,46.99,0.254
1,2026-05-18,32.27,40.41,34.72,3.17,44.99,0.256
1,2026-05-19,31.03,41.93,31.86,1.56,46.43,0.209
1,2026-05-20,29.11,40.81,32.68,1.83,45.22,0.172
1,2026-05-21,31.7,41.76,33.7,1.18,46.73,0.309
1,2026-05-22,29.54,41.61,33.74,1.17,47.1,0.22
1,2026-05-23,31.78,40.33,33.04,0.65,44.88,0.164
1,2026-05-24,31.35,41.82,32.47,0.03,44.99,0.337
1,2026-05-25,30.07,42.46,31.54,1.4,46.38,0.396
1,2026-05-26,30.77,40.75,31.77,1.96,45.67,0.22
1,2026-05-27,30.78,41.66,33.08,2.21,43.85,0.348
1,2026-05-28,30.68,41.37,32.77,1.07,46.47,0.28
1,2026-05-01,29.86,41.38,32.96,1.48,45.83,0.252
1,2026-05-02,32.08,40.46,35.01,0.64,44.86,0.341
1,2026-05-03,32.13,42.57,34.37,1.58,45.85,0.296
1,2026-05-04,31.16,40.96,34.5,2.79,45.8,0.24
1,2026-05-05,30.73,39.93,32.45,0.69,45.78,0.183
1,2026-05-06,29.46,42.04,34.61,0.0,45.68,0.351
1,2026-05-07,30.12,40.16,33.09,0.95,45.23,0.463
1,2026-05-08,32.52,42.04,33.0,0.87,46.6,0.24
1,2026-05-09,32.52,42.58,32.53,1.86,47.23,0.329
1,2026-05-10,30.34,41.23,32.77,1.29,45.85,0.232
1,2026-05-11,31.97,42.7,32.58,0.0,46.17,0.264
1,2026-05-12,31.59,40.87,33.36,0.38,46.82,0.476
13,2026-05-01,30.38,39.53,31.52,0.0,22.13,0.216
13,2026-05-02,31.67,44.32,31.46,0.0,22.35,0.112
13,2026-05-03,31.94,41.32,30.68,0.0,22.42,0.289
13,2026-05-04,32.36,42.28,31.33,0.58,21.9,0.489
13,2026-05-05,29.39,43.34,32.68,0.45,21.89,0.178
13,2026-05-06,30.38,40.5,33.82,0.93,22.59,0.246
13,2026-05-07,29.53,41.65,32.1,1.14,21.08,0.239
13,2026-05-08,31.04,41.94,31.3,0.43,22.06,0.113
13,2026-05-09,32.35,43.89,31.21,1.14,21.11,0.181
13,2026-05-10,32.85,42.1,33.37,0.37,22.91,0.206
13,2026-05-11,32.56,43.53,32.63,0.0,21.68,0.157
13,2026-05-12,31.82,42.4,31.39,0.95,21.49,0.415
13,2026-05-13,32.03,43.37,31.38,0.0,20.37,0.276
13,2026-05-14,30.28,43.15,32.16,0.82,20.87,0.179
13,2026-05-15,31.46,42.61,30.88,0.44,21.28,0.293
13,2026-05-16,31.09,41.68,32.43,1.18,21.81,0.338
13,2026-05-17,30.4,42.2,31.03,0.33,21.21,0.223
13,2026-05-18,31.85,41.08,30.46,0.0,22.49,0.239
13,2026-05-19,30.48,42.69,31.77,0.82,21.23,0.257
13,2026-05-20,32.35,41.35,31.77,0.69,22.49,0.249
13,2026-05-21,31.18,40.54,32.02,0.0,22.09,0.097
13,2026-05-22,32.57,43.64,32.42,0.0,21.74,0.299
13,2026-05-23,31.87,41.31,33.1,0.77,22.49,0.194
13,2026-05-24,31.28,41.3,32.19,0.0,23.06,0.222
13,2026-05-25,31.47,42.22,32.31,0.0,23.15,0.227
13,2026-05-26,30.79,41.06,31.41,0.0,22.02,0.162
13,2026-05-27,31.37,42.06,31.4,2.09,21.9,0.246
13,2026-05-28,31.37,41.78,32.61,1.34,21.94,0.162
13,2026-05-01,31.76,40.0,32.15,0.0,22.28,0.129
13,2026-05-02,30.87,41.0,31.52,0.62,21.81,0.176
13,2026-05-03,32.31,41.91,30.19,0.0,22.34,0.251
13,2026-05-04,31.44,42.12,31.18,0.0,20.91,0.161
13,2026-05-05,30.42,41.13,31.66,0.0,21.24,0.311
13,2026-05-06,30.81,43.23,32.84,0.0,22.73,0.131
13,2026-05-07,32.49,42.14,31.06,0.0,21.57,0.133
13,2026-05-08,32.16,40.73,31.72,0.46,21.92,0.231
13,2026-05-09,30.96,42.47,31.09,0.52,20.84,0.224
13,2026-05-10,30.16,41.64,32.43,1.11,20.3,0.161
13,2026-05-11,30.3,42.89,31.14,0.63,21.44,0.127
13,2026-05-12,31.26,40.8,32.55,0.74,23.08,0.148
11,2026-05-01,32.23,41.35,30.81,2.47,29.99,0.174
11,2026-05-02,31.12,39.3,32.28,0.67,29.04,0.187
11,2026-05-03,30.81,39.66,32.74,1.09,28.55,0.37
11,2026-05-04,31.5,40.82,33.43,0.0,28.46,0.135
11,2026-05-05,30.81,40.07,33.13,0.11,27.92,0.241
11,2026-05-06,30.71,40.95,31.62,0.0,27.07,0.371
11,2026-05-07,29.71,40.08,31.42,1.28,27.99,0.381
11,2026-05-08,30.2,40.75,33.07,1.36,27.43,0.219
11,2026-05-09,30.76,38.86,33.03,0.85,28.95,0.154
11,2026-05-10,31.0,40.88,33.32,0.04,29.1,0.492
11,2026-05-11,30.45,40.13,32.12,0.0,28.17,0.438
11,2026-05-12,30.01,40.32,33.47,1.01,28.7,0.222
11,2026-05-13,30.73,40.51,33.02,0.58,29.33,0.131
11,2026-05-14,31.57,40.03,32.42,0.13,29.07,0.24
11,2026-05-15,31.4,39.78,32.58,1.6,29.49,0.221
11,2026-05-16,30.97,40.17,32.3,0.53,29.58,0.306
11,2026-05-17,32.14,41.87,31.29,0.79,28.11,0.143
11,2026-05-18,29.88,40.06,33.9,0.59,28.34,0.248
11,2026-05-19,30.18,40.66,32.33,0.0,28.03,0.797
11,2026-05-20,31.4,40.42,33.0,0.0,28.58,0.339
11,2026-05-21,29.42,39.85,32.06,0.27,28.05,0.275
11,2026-05-22,31.75,40.81,33.32,1.44,27.98,0.275
11,2026-05-23,30.52,41.09,32.11,0.35,30.01,0.236
11,2026-05-24,29.47,40.61,32.68,0.07,28.57,0.356
11,2026-05-25,30.39,40.34,31.79,0.81,28.4,0.183
11,2026-05-26,30.71,42.12,30.92,0.0,28.81,0.156
11,2026-05-27,32.57,39.2,31.27,0.07,29.46,0.33
11,2026-05-28,31.35,40.77,33.57,0.0,28.76,0.41
11,2026-05-01,29.91,40.79,33.5,1.62,28.39,0.475
11,2026-05-02,31.3,41.45,31.48,0.0,27.84,0.459
11,2026-05-03,28.8,38.9,33.12,0.65,25.91,0.219
11,2026-05-04,30.58,41.57,30.74,0.06,29.45,0.326
11,2026-05-05,30.05,40.26,31.13,1.72,28.14,0.388
11,2026-05-06,31.56,39.74,32.3,1.09,28.9,0.423
11,2026-05-07,31.84,40.8,33.03,0.0,28.0,0.309
11,2026-05-08,31.15,39.55,32.36,0.0,28.04,0.391
11,2026-05-09,30.04,39.95,32.93,0.6,28.67,0.155
11,2026-05-10,30.84,40.2,31.73,0.04,28.27,0.336
11,2026-05-11,32.51,40.62,33.73,0.64,27.23,0.258
11,2026-05-12,31.99,41.75,31.67,2.49,27.89,0.198
3,2026-05-01,32.97,49.02,36.2,3.45,82.4,0.298
3,2026-05-02,33.33,48.37,35.45,3.69,83.74,0.19
3,2026-05-03,32.0,48.87,36.52,1.98,85.3,0.287
3,2026-05-04,33.32,46.49,35.38,2.75,84.52,0.252
3,2026-05-05,34.29,49.02,35.16,3.01,83.01,0.351
3,2026-05-06,32.59,47.64,36.01,2.45,85.25,0.235
3,2026-05-07,33.03,48.06,35.83,2.88,84.16,0.232
3,2026-05-08,34.01,47.84,36.65,3.82,84.04,0.238
3,2026-05-09,33.04,47.21,34.14,4.09,84.7,0.672
3,2026-05-10,32.95,48.29,36.11,2.61,85.2,0.306
3,2026-05-11,33.37,47.92,33.93,2.05,83.71,0.533
3,2026-05-12,33.95,48.46,36.42,2.5,85.78,0.285
3,2026-05-13,32.22,48.33,36.89,2.76,84.67,0.423
3,2026-05-14,34.77,48.29,37.33,2.92,86.17,0.193
3,2026-05-15,34.26,48.03,35.98,1.57,85.29,0.287
3,2026-05-16,32.58,47.24,35.67,2.76,83.57,0.225
3,2026-05-17,33.81,47.72,37.58,2.31,85.0,0.551
3,2026-05-18,33.27,48.64,36.14,2.72,85.75,0.22
3,2026-05-19,32.92,46.25,35.77,3.53,84.14,0.404
3,2026-05-20,32.79,48.77,35.78,2.26,85.77,0.305
3,2026-05-21,33.94,47.89,36.48,2.78,83.31,0.337
3,2026-05-22,33.86,48.12,35.68,4.24,83.72,0.319
3,2026-05-23,33.63,46.85,34.84,3.25,84.94,0.321
3,2026-05-24,32.06,47.53,36.08,3.21,85.38,0.357
3,2026-05-25,34.28,49.22,33.86,3.53,83.98,0.36
3,2026-05-26,33.62,46.9,35.09,3.05,84.2,0.391
3,2026-05-27,33.11,49.63,35.65,4.46,83.7,0.369
3,2026-05-28,34.41,46.65,35.04,3.02,85.34,0.484
3,2026-05-01,33.92,48.68,34.87,2.3,85.59,0.254
3,2026-05-02,33.23,46.28,35.7,1.3,84.66,0.501
3,2026-05-03,33.71,47.92,35.52,3.14,83.39,0.262
3,2026-05-04,35.3,46.65,35.38,1.46,85.41,0.282
3,2026-05-05,32.34,46.69,36.82,3.24,85.03,0.298
3,2026-05-06,34.2,48.9,36.43,1.28,82.64,0.186
3,2026-05-07,33.66,46.47,34.92,2.68,83.57,0.198
3,2026-05-08,34.25,48.18,36.53,3.44,85.57,0.299
3,2026-05-09,33.25,46.23,35.63,2.12,85.22,0.378
3,2026-05-10,34.68,48.69,36.86,3.09,84.43,0.265
3,2026-05-11,33.38,46.92,36.17,2.56,82.55,0.121
3,2026-05-12,32.77,47.33,35.56,3.74,83.76,0.196
14,2026-05-01,33.68,47.93,37.32,1.82,80.68,0.494
14,2026-05-02,34.65,47.67,35.92,3.32,80.59,0.532
14,2026-05-03,33.32,46.63,35.68,3.0,81.1,0.935
14,2026-05-04,34.09,47.0,34.0,1.42,80.46,0.499
14,2026-05-05,32.21,46.73,35.99,2.14,80.76,0.549
14,2026-05-06,32.73,46.31,35.77,2.91,79.99,0.286
14,2026-05-07,32.51,47.48,34.49,3.47,80.37,0.589
14,2026-05-08,32.66,47.55,35.92,2.99,79.2,0.718
14,2026-05-09,31.88,46.76,36.32,2.51,81.3,0.596
14,2026-05-10,33.4,46.35,36.73,3.63,80.41,0.418
14,2026-05-11,33.5,46.39,35.99,3.37,81.44,0.921
14,2026-05-12,33.71,46.15,35.14,3.13,82.5,0.501
14,2026-05-13,32.54,48.23,35.76,3.26,81.79,0.406
14,2026-05-14,33.01,46.56,36.32,3.22,80.45,0.677
14,2026-05-15,31.8,47.33,36.16,2.67,79.63,0.544
14,2026-05-16,32.41,48.27,35.62,2.49,80.77,0.672
14,2026-05-17,33.38,47.49,35.08,3.6,80.45,0.722
14,2026-05-18,33.52,47.94,35.8,1.42,79.89,0.522
14,2026-05-19,34.49,46.68,35.91,3.73,80.39,0.622
14,2026-05-20,33.55,46.53,36.06,3.55,81.75,0.504
14,2026-05-21,35.78,47.33,35.63,2.06,80.03,0.736
14,2026-05-22,30.88,46.91,34.7,2.52,80.84,0.366
14,2026-05-23,32.48,48.11,35.4,2.66,80.6,0.739
14,2026-05-24,34.35,47.81,36.33,3.14,79.86,0.865
14,2026-05-25,32.84,46.28,35.55,1.99,81.21,0.713
14,2026-05-26,34.4,46.96,35.36,2.43,79.88,0.442
14,2026-05-27,35.0,46.38,35.48,3.2,81.08,0.723
14,2026-05-28,32.58,46.13,36.98,2.09,80.78,0.603
14,2026-05-01,31.75,46.87,35.32,3.11,80.6,0.269
14,2026-05-02,33.98,44.88,35.52,2.08,80.35,0.56
14,2026-05-03,34.12,46.3,35.35,3.29,81.29,0.712
14,2026-05-04,33.6,46.83,35.45,2.26,81.63,0.919
14,2026-05-05,34.99,46.16,35.66,2.67,80.73,0.388
14,2026-05-06,35.16,48.31,35.73,2.28,80.86,0.378
14,2026-05-07,33.03,47.69,37.27,3.42,81.97,0.397
14,2026-05-08,30.57,48.21,36.02,2.6,82.29,0.41
14,2026-05-09,32.51,46.41,37.24,3.47,79.35,0.973
14,2026-05-10,33.33,47.4,35.21,4.27,81.24,0.87
14,2026-05-11,32.47,47.63,35.94,2.48,80.17,0.446
14,2026-05-12,32.32,46.47,35.85,3.16,79.54,0.399
2,2026-05-01,32.75,45.42,34.93,2.15,64.5,0.362
2,2026-05-02,34.08,47.5,35.41,2.88,63.99,0.231
2,2026-05-03,33.83,47.3,37.05,2.18,63.82,0.348
2,2026-05-04,32.89,46.05,36.34,4.03,64.98,0.254
2,2026-05-05,33.5,46.77,33.99,3.09,64.96,0.48
2,2026-05-06,32.8,46.8,35.08,0.9,66.82,0.158
2,2026-05-07,32.3,46.51,33.84,2.74,64.27,0.324
2,2026-05-08,33.48,46.89,35.27,2.25,65.04,0.415
2,2026-05-09,33.07,46.44,34.84,2.65,64.36,0.279
2,2026-05-10,31.99,48.49,34.13,3.84,65.37,0.448
2,2026-05-11,33.52,47.26,35.45,2.91,65.41,0.531
2,2026-05-12,32.44,47.26,36.59,3.61,63.81,0.354
2,2026-05-13,33.55,47.06,33.26,3.15,63.31,0.668
2,2026-05-14,33.88,46.77,35.76,2.54,64.24,0.311
2,2026-05-15,33.62,46.16,35.83,3.38,65.64,0.478
2,2026-05-16,34.45,47.47,36.36,2.47,65.07,0.519
2,2026-05-17,35.01,46.56,33.96,4.29,65.72,0.597
2,2026-05-18,34.11,47.08,34.67,1.59,65.98,0.45
2,2026-05-19,33.6,45.9,34.77,1.89,64.45,0.121
2,2026-05-20,33.53,48.23,34.75,2.45,64.96,0.23
2,2026-05-21,33.7,46.16,34.84,2.65,64.67,0.333
2,2026-05-22,32.52,47.51,34.28,3.17,64.3,0.215
2,2026-05-23,33.25,45.94,34.76,2.3,65.4,0.423
2,2026-05-24,33.75,46.62,33.89,2.23,64.44,0.308
2,2026-05-25,32.87,46.41,35.94,1.26,64.73,0.496
2,2026-05-26,32.65,46.0,35.03,2.13,64.95,0.512
2,2026-05-27,33.22,47.36,34.72,2.0,64.98,0.256
2,2026-05-28,34.38,46.51,35.09,1.51,64.34,0.229
2,2026-05-01,32.9,45.31,35.22,3.96,63.07,0.584
2,2026-05-02,33.22,47.65,34.34,4.21,63.77,0.314
2,2026-05-03,34.7,45.74,33.17,2.36,64.04,0.23
2,2026-05-04,32.52,45.57,36.46,3.5,63.51,0.31
2,2026-05-05,32.92,47.84,34.48,3.86,64.72,0.245
2,2026-05-06,33.24,46.34,37.23,2.55,64.28,0.332
2,2026-05-07,34.63,46.01,33.72,3.59,65.26,0.275
2,2026-05-08,33.25,47.85,32.79,3.55,64.55,0.406
2,2026-05-09,33.27,49.62,34.67,3.4,62.38,0.325
2,2026-05-10,34.02,45.48,33.4,2.5,65.61,0.485
2,2026-05-11,32.7,47.17,33.95,3.98,64.19,0.5
2,2026-05-12,33.07,46.56,36.67,1.63,65.86,0.283
12,2026-05-01,32.46,45.88,36.08,2.19,66.49,0.296
12,2026-05-02,34.3,47.57,35.35,2.96,63.88,0.415
12,2026-05-03,33.39,46.73,34.55,2.47,66.14,0.398
12,2026-05-04,32.12,46.75,34.41,1.81,68.05,0.493
12,2026-05-05,33.21,45.25,34.59,3.14,67.3,0.509
12,2026-05-06,33.08,46.69,35.42,1.97,64.56,0.995
12,2026-05-07,34.26,46.49,36.33,1.08,67.96,0.535
12,2026-05-08,34.04,46.32,35.2,2.79,67.74,0.599
12,2026-05-09,33.64,46.1,36.6,2.45,66.6,0.446
12,2026-05-10,32.16,45.96,33.69,2.44,66.73,0.54
12,2026-05-11,32.11,46.25,34.48,3.15,65.46,0.294
12,2026-05-12,34.39,46.95,33.65,3.47,68.14,0.745
12,2026-05-13,31.38,46.74,34.28,2.02,65.38,0.917
12,2026-05-14,32.62,46.88,35.78,2.81,67.17,0.436
12,2026-05-15,33.44,46.43,33.01,3.16,66.23,0.416
12,2026-05-16,32.87,45.38,33.97,0.63,67.22,0.755
12,2026-05-17,33.3,45.6,36.23,1.97,65.36,0.258
12,2026-05-18,33.4,47.93,34.71,1.68,66.55,0.371
12,2026-05-19,32.74,46.85,34.4,3.09,65.92,0.64
12,2026-05-20,33.55,46.28,34.79,1.96,68.31,0.376
12,2026-05-21,34.3,47.53,34.75,3.71,64.65,0.544
12,2026-05-22,33.35,46.64,35.81,1.89,66.63,0.746
12,2026-05-23,33.13,45.69,35.57,2.18,66.29,0.605
12,2026-05-24,32.54,45.74,34.82,2.08,66.84,0.327
12,2026-05-25,34.78,47.23,35.18,2.46,64.54,0.689
12,2026-05-26,32.31,47.08,33.98,3.14,66.31,0.463
12,2026-05-27,34.61,47.51,33.82,1.63,66.97,0.46
12,2026-05-28,33.96,46.01,33.36,1.43,66.63,0.604
12,2026-05-01,33.9,47.75,35.27,2.07,67.45,0.482
12,2026-05-02,32.81,46.2,35.89,3.59,67.98,0.285
12,2026-05-03,34.22,45.62,34.75,2.78,65.59,0.325
12,2026-05-04,32.56,48.14,36.02,1.45,66.92,0.523
12,2026-05-05,33.52,45.98,36.35,1.91,67.53,0.277
12,2026-05-06,33.59,46.75,36.28,0.0,67.29,0.663
12,2026-05-07,33.0,47.81,36.95,3.05,67.52,0.8
12,2026-05-08,33.63,47.73,35.6,1.64,65.85,0.753
12,2026-05-09,33.77,46.02,35.08,3.57,65.25,0.364
12,2026-05-10,33.86,47.37,34.0,1.36,66.95,0.817
12,2026-05-11,33.25,44.54,35.98,2.24,66.38,0.332
12,2026-05-12,34.31,46.87,35.42,2.57,67.19,0.669
4,2026-05-01,34.67,46.03,35.25,1.71,62.21,0.126
4,2026-05-02,31.68,46.96,34.66,1.45,60.29,0.088
4,2026-05-03,31.38,48.74,35.2,1.27,61.26,0.223
4,2026-05-04,31.55,46.58,35.57,1.36,61.1,0.091
4,2026-05-05,32.53,46.88,35.7,2.15,60.08,0.123
4,2026-05-06,31.22,48.91,34.95,1.85,60.93,0.171
4,2026-05-07,33.43,46.37,33.82,1.96,59.97,0.115
4,2026-05-08,33.12,47.2,36.48,1.98,59.14,0.171
4,2026-05-09,33.96,45.5,35.86,2.28,60.2,0.148
4,2026-05-10,33.47,47.52,36.35,2.1,60.69,0.325
4,2026-05-11,32.16,46.73,34.99,2.8,61.69,0.088
4,2026-05-12,34.23,45.91,37.66,1.51,61.69,0.127
4,2026-05-13,33.76,46.31,35.43,2.13,60.78,0.184
4,2026-05-14,32.73,46.69,34.13,1.99,60.25,0.19
4,2026-05-15,33.73,46.33,35.71,3.3,60.5,0.093
4,2026-05-16,35.34,47.48,35.95,4.37,59.97,0.155
4,2026-05-17,31.42,47.43,35.67,1.41,59.93,0.131
4,2026-05-18,32.92,48.41,35.09,1.97,60.54,0.08
4,2026-05-19,32.68,45.77,35.43,0.14,59.68,0.153
4,2026-05-20,31.23,45.58,36.21,0.91,60.68,0.155
4,2026-05-21,32.17,45.46,36.69,1.61,61.16,0.107
4,2026-05-22,33.45,45.8,34.07,1.17,60.13,0.112
4,2026-05-23,32.82,47.37,34.83,2.95,60.09,0.176
4,2026-05-24,34.3,48.55,33.52,3.67,59.1,0.229
4,2026-05-25,33.11,47.3,34.46,2.96,61.31,0.115
4,2026-05-26,32.57,47.76,36.24,2.81,60.35,0.14
4,2026-05-27,33.97,47.74,36.33,2.24,60.06,0.155
4,2026-05-28,33.53,46.51,35.72,1.36,60.93,0.113
4,2026-05-01,35.03,48.06,35.55,0.93,59.59,0.178
4,2026-05-02,32.99,47.26,33.9,0.76,60.8,0.13
4,2026-05-03,31.92,46.26,36.02,1.72,61.21,0.249
4,2026-05-04,33.43,47.1,34.78,3.21,59.39,0.095
4,2026-05-05,33.11,45.66,36.2,1.55,61.17,0.125
4,2026-05-06,32.9,47.0,33.55,1.13,60.27,0.304
4,2026-05-07,33.86,47.64,34.38,2.92,61.81,0.182
4,2026-05-08,35.49,45.77,34.34,1.88,59.82,0.142
4,2026-05-09,33.59,46.97,35.4,2.48,61.39,0.111
4,2026-05-10,32.52,48.06,35.01,1.36,60.95,0.123
4,2026-05-11,33.23,46.92,35.88,2.93,59.94,0.091
4,2026-05-12,34.56,46.36,33.91,0.4,60.66,0.111
9,2026-05-01,31.05,45.01,33.94,2.99,64.9,0.476
9,2026-05-02,31.55,45.69,35.48,2.23,65.64,0.491
9,2026-05-03,33.32,46.27,34.38,3.29,65.01,0.637
9,2026-05-04,31.74,44.88,34.72,1.36,65.24,0.551
9,2026-05-05,33.8,46.39,33.87,2.94,64.1,0.369
9,2026-05-06,32.75,45.85,35.82,4.63,65.07,0.794
9,2026-05-07,32.51,46.16,34.42,1.71,65.89,0.559
9,2026-05-08,33.1,45.14,36.42,1.93,64.1,0.474
9,2026-05-09,33.3,46.53,36.21,1.13,64.3,0.824
9,2026-05-10,34.74,45.29,34.8,0.7,63.95,0.351
9,2026-05-11,32.6,44.79,35.72,2.04,64.46,0.659
9,2026-05-12,32.46,44.74,34.91,4.04,64.78,0.574
9,2026-05-13,32.52,45.66,35.34,0.0,63.57,0.388
9,2026-05-14,32.46,47.16,37.09,2.65,65.05,0.606
9,2026-05-15,34.05,44.98,34.45,2.23,64.96,0.246
9,2026-05-16,33.08,44.43,35.58,2.85,62.66,0.569
9,2026-05-17,32.87,45.3,35.74,3.89,65.13,0.326
9,2026-05-18,31.4,44.81,33.97,3.1,64.95,0.473
9,2026-05-19,33.48,45.87,34.92,1.33,64.13,0.483
9,2026-05-20,31.65,47.35,35.0,1.59,65.56,0.33
9,2026-05-21,33.65,45.93,36.57,1.59,64.33,0.356
9,2026-05-22,31.58,46.08,33.94,2.37,64.11,0.689
9,2026-05-23,30.41,46.23,34.93,2.09,64.12,0.878
9,2026-05-24,32.33,46.24,34.65,1.76,64.76,0.604
9,2026-05-25,31.69,45.43,33.62,2.44,63.92,0.368
9,2026-05-26,33.28,45.84,35.25,1.96,65.05,0.491
9,2026-05-27,31.69,46.04,34.57,1.87,64.93,0.393
9,2026-05-28,31.74,46.91,36.53,1.77,65.71,0.545
9,2026-05-01,32.12,45.1,34.63,1.7,64.38,0.456
9,2026-05-02,31.68,46.63,33.87,1.12,65.51,0.621
9,2026-05-03,34.0,45.97,34.3,3.11,64.6,0.456
9,2026-05-04,31.93,46.21,32.76,2.55,62.88,0.646
9,2026-05-05,31.29,46.46,37.1,1.83,63.63,0.94
9,2026-05-06,32.3,44.85,36.01,0.0,63.35,0.301
9,2026-05-07,32.07,44.03,35.62,3.0,64.63,0.412
9,2026-05-08,31.29,46.27,34.25,2.63,65.6,0.484
9,2026-05-09,30.79,45.01,36.11,2.33,65.96,0.218
9,2026-05-10,32.59,45.69,33.42,1.5,65.56,0.576
9,2026-05-11,32.21,46.15,35.96,1.11,64.95,0.687
9,2026-05-12,32.07,47.03,34.8,3.08,65.52,0.523
8,2026-05-01,32.31,44.91,34.8,2.03,57.55,0.386
8,2026-05-02,32.89,47.02,34.94,2.26,57.73,0.411
8,2026-05-03,32.94,46.19,34.54,0.84,54.97,0.371
8,2026-05-04,33.59,46.4,36.11,2.66,55.7,0.239
8,2026-05-05,32.11,45.27,33.98,2.68,55.57,0.487
8,2026-05-06,33.28,43.94,34.27,2.98,57.05,0.415
8,2026-05-07,31.58,44.87,34.72,2.98,56.73,0.386
8,2026-05-08,32.79,46.21,33.07,0.95,56.31,0.607
8,2026-05-09,33.55,44.8,34.67,1.18,55.93,0.418
8,2026-05-10,32.25,45.0,33.6,0.42,56.11,0.425
8,2026-05-11,33.13,44.77,33.99,2.98,56.66,0.541
8,2026-05-12,32.06,44.86,33.61,2.73,55.26,0.217
8,2026-05-13,31.9,46.64,34.67,2.05,56.39,0.391
8,2026-05-14,32.42,44.24,36.14,1.71,57.37,0.23
8,2026-05-15,33.06,44.44,33.48,2.08,57.21,0.64
8,2026-05-16,33.77,45.26,35.35,1.3,55.8,0.432
8,2026-05-17,32.47,46.26,33.0,2.86,55.76,0.665
8,2026-05-18,33.6,44.47,34.6,2.45,55.57,0.307
8,2026-05-19,32.3,46.17,35.46,1.47,57.03,0.665
8,2026-05-20,33.4,44.85,33.89,2.1,57.02,0.462
8,2026-05-21,32.23,44.67,35.78,1.71,57.96,0.267
8,2026-05-22,32.28,44.93,36.3,2.96,55.85,0.204
8,2026-05-23,33.61,45.63,33.64,0.51,56.65,0.371
8,2026-05-24,32.71,45.87,34.32,1.61,56.88,0.384
8,2026-05-25,32.33,46.08,32.88,2.96,56.69,0.306
8,2026-05-26,32.43,46.61,35.15,0.26,55.39,0.426
8,2026-05-27,34.18,46.2,34.48,2.37,56.31,0.36
8,2026-05-28,32.93,43.61,35.56,2.34,55.91,0.297
8,2026-05-01,31.51,45.76,34.79,2.02,57.83,0.186
8,2026-05-02,31.95,44.83,35.51,1.64,55.46,0.43
8,2026-05-03,32.95,46.96,34.89,1.47,55.85,0.302
8,2026-05-04,33.03,46.25,34.46,1.74,57.53,0.414
8,2026-05-05,33.04,44.55,34.12,0.0,55.08,0.455
8,2026-05-06,33.7,45.28,33.6,1.94,57.32,0.378
8,2026-05-07,33.41,45.46,33.56,1.05,56.07,0.883
8,2026-05-08,33.11,45.31,34.92,2.05,55.91,0.386
8,2026-05-09,32.36,46.18,36.05,3.05,56.02,0.485
8,2026-05-10,31.94,44.55,34.73,2.41,56.25,0.534
8,2026-05-11,33.33,46.2,34.52,0.65,57.91,0.339
8,2026-05-12,33.25,45.96,34.35,3.49,56.9,0.398
1,2026-05-01,32.33,44.23,32.83,1.67,45.41,0.308
1,2026-05-02,33.15,44.78,34.54,0.59,45.34,0.495
1,2026-05-03,32.1,45.64,34.41,1.17,44.33,0.229
1,2026-05-04,31.73,43.95,34.73,0.39,44.7,0.302
1,2026-05-05,32.61,43.61,34.5,1.8,45.27,0.476
1,2026-05-06,31.32,44.6,33.81,1.22,46.82,0.321
1,2026-05-07,31.8,45.28,34.1,1.56,45.5,0.382
1,2026-05-08,32.19,45.59,33.37,0.61,46.83,0.277
1,2026-05-09,32.7,45.59,33.68,1.96,45.28,0.512
1,2026-05-10,31.32,43.89,34.02,2.43,47.23,0.268
1,2026-05-11,32.67,44.65,32.06,1.8,45.47,0.577
1,2026-05-12,32.94,44.62,33.35,0.99,46.2,0.304
1,2026-05-13,35.18,45.27,32.95,1.23,46.81,0.417
1,2026-05-14,32.4,44.5,33.26,0.11,45.34,0.394
1,2026-05-15,32.2,46.53,34.29,0.77,45.77,0.596
1,2026-05-16,31.19,45.3,36.33,2.05,45.0,0.376
1,2026-05-17,32.49,47.55,33.36,0.92,45.51,0.22
1,2026-05-18,29.78,44.88,34.41,0.77,46.24,0.466
1,2026-05-19,33.32,43.58,35.29,1.92,46.51,0.361
1,2026-05-20,32.7,44.61,34.33,1.98,45.29,0.477
1,2026-05-21,32.29,45.61,33.83,1.92,47.51,0.389
1,2026-05-22,32.26,44.71,34.51,0.72,46.67,0.399
1,2026-05-23,33.5,44.6,33.11,0.5,46.15,0.275
1,2026-05-24,33.32,43.27,33.37,1.01,44.18,0.292
1,2026-05-25,31.37,45.03,33.75,1.82,45.06,0.205
1,2026-05-26,32.22,45.21,34.05,1.31,46.88,0.319
1,2026-05-27,32.51,44.34,33.44,2.09,46.12,0.146
1,2026-05-28,33.77,43.33,33.6,2.03,45.92,0.437
1,2026-05-01,33.47,45.36,32.85,1.49,45.19,0.157
1,2026-05-02,32.45,45.58,34.07,1.17,47.35,0.396
1,2026-05-03,33.52,45.39,35.43,0.84,46.85,0.677
1,2026-05-04,32.38,46.03,32.77,1.45,46.46,0.271
1,2026-05-05,31.12,45.14,33.68,1.34,46.07,0.482
1,2026-05-06,34.1,45.49,32.62,1.77,46.16,0.381
1,2026-05-07,34.12,45.34,33.66,1.59,44.4,0.505
1,2026-05-08,32.77,46.61,34.59,1.51,45.99,0.242
1,2026-05-09,32.65,45.38,34.86,1.57,46.44,0.461
1,2026-05-10,32.26,45.39,33.8,0.08,44.49,0.484
1,2026-05-11,34.0,46.38,33.24,2.52,47.21,0.28
1,2026-05-12,33.16,46.64,34.07,2.24,45.28,0.325
10,2026-05-01,33.4,45.9,34.45,1.72,42.23,0.712
10,2026-05-02,32.5,45.75,33.94,1.69,42.31,0.574
10,2026-05-03,32.32,46.75,33.56,0.73,42.32,0.461
10,2026-05-04,31.45,46.79,34.04,2.43,42.79,0.562
10,2026-05-05,31.71,45.07,34.86,1.14,44.07,0.335
10,2026-05-06,33.07,45.31,32.79,2.9,42.94,0.593
10,2026-05-07,32.77,44.52,34.68,2.59,44.27,0.747
10,2026-05-08,32.96,45.94,34.39,0.59,43.78,0.544
10,2026-05-09,32.92,45.35,34.9,1.13,44.23,0.344
10,2026-05-10,32.14,45.75,33.41,0.83,42.87,0.181
10,2026-05-11,34.39,46.36,34.58,0.84,43.29,0.422
10,2026-05-12,32.69,44.71,34.21,0.0,42.94,0.311
10,2026-05-13,32.06,45.74,35.06,2.7,43.14,0.291
10,2026-05-14,33.93,44.77,33.82,1.42,42.45,0.669
10,2026-05-15,32.96,46.98,34.05,2.38,42.97,0.401
10,2026-05-16,32.87,46.37,34.82,1.42,41.77,0.377
10,2026-05-17,30.21,45.76,33.58,2.34,40.69,0.842
10,2026-05-18,32.29,44.59,34.68,2.04,43.48,0.895
10,2026-05-19,31.85,46.27,34.44,0.99,43.36,0.65
10,2026-05-20,31.83,46.41,35.2,2.18,41.67,0.464
10,2026-05-21,32.25,47.1,34.19,3.35,42.0,0.5
10,2026-05-22,31.81,47.59,35.7,0.78,43.77,0.414
10,2026-05-23,31.14,45.08,34.39,2.06,42.77,0.465
10,2026-05-24,32.87,46.27,33.24,1.72,43.58,0.25
10,2026-05-25,33.97,47.31,34.45,3.47,42.38,0.303
10,2026-05-26,32.04,45.37,35.95,1.65,43.05,0.477
10,2026-05-27,34.01,46.16,33.97,1.85,44.23,0.392
10,2026-05-28,33.85,46.29,34.15,2.04,44.87,0.386
10,2026-05-01,33.82,46.52,34.44,1.65,43.84,0.521
10,2026-05-02,32.93,46.6,33.54,1.02,42.21,0.373
10,2026-05-03,32.41,45.69,34.78,0.76,42.89,0.568
10,2026-05-04,34.09,46.06,35.37,2.82,42.2,0.458
10,2026-05-05,31.66,45.67,34.67,0.48,43.58,0.401
10,2026-05-06,32.38,46.49,33.57,0.1,43.13,0.328
10,2026-05-07,32.42,45.04,33.47,0.69,41.97,0.317
10,2026-05-08,31.89,46.03,37.1,1.05,41.69,0.512
10,2026-05-09,31.49,45.22,33.99,1.63,43.16,0.456
10,2026-05-10,32.48,46.98,35.03,1.11,42.9,0.263
10,2026-05-11,33.16,45.82,35.97,0.99,44.43,0.305
10,2026-05-12,31.09,45.24,34.59,2.49,42.32,0.583
5,2026-05-01,31.85,44.26,33.82,2.74,50.65,0.188
5,2026-05-02,30.97,44.86,34.33,2.72,49.72,0.133
5,2026-05-03,31.5,44.14,34.68,0.58,51.61,0.171
5,2026-05-04,31.5,44.14,32.87,0.0,51.5,0.228
5,2026-05-05,31.44,44.31,35.49,0.64,50.67,0.201
5,2026-05-06,32.12,44.54,33.78,1.38,49.1,0.171
5,2026-05-07,32.45,43.54,34.47,0.45,48.16,0.087
5,2026-05-08,32.38,45.2,33.69,0.0,50.33,0.23
5,2026-05-09,32.25,43.4,34.48,1.09,50.31,0.171
5,2026-05-10,32.78,44.6,33.22,1.17,50.58,0.251
5,2026-05-11,31.21,44.57,33.29,1.5,49.98,0.058
5,2026-05-12,33.12,44.11,33.1,0.0,49.52,0.107
5,2026-05-13,32.15,44.82,33.99,1.58,49.73,0.206
5,2026-05-14,32.19,45.08,34.6,0.94,51.55,0.22
5,2026-05-15,31.92,46.24,35.53,0.0,48.49,0.136
5,2026-05-16,32.69,45.52,34.65,1.25,51.32,0.214
5,2026-05-17,31.9,44.86,35.0,0.71,49.92,0.126
5,2026-05-18,33.58,45.29,34.81,0.95,50.45,0.255
5,2026-05-19,32.05,45.74,34.06,1.25,50.96,0.226
5,2026-05-20,33.84,44.4,35.56,0.61,49.72,0.079
5,2026-05-21,33.04,46.01,33.03,0.99,50.25,0.099
5,2026-05-22,32.36,44.97,33.64,0.39,50.6,0.207
5,2026-05-23,31.06,44.62,34.57,0.0,50.76,0.303
5,2026-05-24,31.18,45.86,33.82,1.81,50.34,0.114
5,2026-05-25,30.8,46.81,32.91,1.05,51.74,0.187
5,2026-05-26,32.46,42.95,33.54,0.12,48.91,0.191
5,2026-05-27,33.04,44.04,33.51,1.66,51.26,0.118
5,2026-05-28,33.34,45.54,34.09,0.31,50.99,0.214
5,2026-05-01,33.85,44.19,35.48,0.98,50.95,0.163
5,2026-05-02,32.38,46.01,33.49,2.02,50.25,0.167
5,2026-05-03,31.68,44.89,32.33,1.06,51.38,0.226
5,2026-05-04,30.88,43.73,33.72,2.94,50.11,0.169
5,2026-05-05,32.09,44.99,33.29,1.52,50.91,0.242
5,2026-05-06,31.53,45.52,35.79,1.99,51.1,0.073
5,2026-05-07,33.5,46.42,35.17,1.74,51.23,0.477
5,2026-05-08,31.68,44.37,35.07,1.52,48.58,0.183
5,2026-05-09,32.62,43.9,34.43,1.51,48.9,0.203
5,2026-05-10,34.23,46.28,33.09,0.12,50.55,0.187
5,2026-05-11,31.12,44.07,35.31,1.51,51.42,0.168
5,2026-05-12,33.23,44.25,33.63,0.45,48.78,0.148
7,2026-05-01,31.22,44.64,34.46,1.69,46.44,0.252
7,2026-05-02,32.38,46.08,34.19,1.56,43.9,0.197
7,2026-05-03,33.41,44.28,33.37,2.39,44.99,0.407
7,2026-05-04,32.34,44.49,32.49,2.71,44.46,0.188
7,2026-05-05,33.13,43.93,34.78,1.49,45.84,0.199
7,2026-05-06,31.83,45.29,33.44,2.09,46.3,0.348
7,2026-05-07,32.63,45.55,34.66,2.26,46.42,0.322
7,2026-05-08,31.6,43.5,34.37,2.38,45.25,0.166
7,2026-05-09,31.93,45.36,35.09,1.23,45.03,0.282
7,2026-05-10,33.03,44.99,35.23,1.07,46.86,0.509
7,2026-05-11,31.53,44.26,34.9,4.31,46.53,0.285
7,2026-05-12,33.59,44.94,32.87,0.67,47.29,0.16
7,2026-05-13,31.15,45.77,34.45,2.6,45.13,0.223
7,2026-05-14,32.11,43.93,34.11,1.37,46.86,0.279
7,2026-05-15,32.06,45.48,35.31,2.45,46.33,0.252
7,2026-05-16,32.0,43.87,34.38,1.5,47.56,0.311
7,2026-05-17,33.09,46.21,32.65,0.94,45.87,0.3
7,2026-05-18,31.4,45.81,35.13,1.97,46.69,0.196
7,2026-05-19,33.44,44.49,32.63,1.63,46.46,0.227
7,2026-05-20,30.93,44.01,34.18,0.0,47.0,0.408
7,2026-05-21,32.26,45.99,34.17,0.5,46.65,0.35
7,2026-05-22,31.59,43.77,33.44,2.57,45.81,0.767
7,2026-05-23,31.83,45.58,34.61,1.32,46.83,0.213
7,2026-05-24,32.37,43.99,32.36,1.58,45.05,0.183
7,2026-05-25,32.94,44.89,34.67,3.07,46.24,0.337
7,2026-05-26,31.35,45.79,35.09,0.58,46.67,0.322
7,2026-05-27,32.23,45.12,36.5,0.94,45.78,0.298
7,2026-05-28,32.26,43.4,34.9,2.35,47.64,0.237
7,2026-05-01,31.29,45.63,33.4,1.52,45.72,0.308
7,2026-05-02,32.02,45.67,33.5,3.67,46.79,0.232
7,2026-05-03,31.56,44.88,33.9,0.78,47.34,0.405
7,2026-05-04,31.45,45.55,34.34,2.22,45.49,0.608
7,2026-05-05,32.5,46.84,33.9,2.74,45.99,0.517
7,2026-05-06,32.26,44.09,33.36,0.96,46.63,0.329
7,2026-05-07,32.54,46.01,35.8,0.63,46.99,0.649
7,2026-05-08,31.87,44.54,34.7,1.74,45.61,0.282
7,2026-05-09,33.88,45.88,33.61,0.0,45.1,0.308
7,2026-05-10,31.73,44.3,34.98,1.28,45.75,0.312
7,2026-05-11,33.74,45.33,34.96,1.61,47.49,0.188
7,2026-05-12,31.43,44.6,36.16,2.92,45.11,0.247
6,2026-05-01,32.49,43.86,34.24,0.2,45.41,0.236
6,2026-05-02,33.12,42.42,31.76,0.24,45.22,0.221
6,2026-05-03,30.96,44.47,33.14,0.77,47.49,0.177
6,2026-05-04,31.09,44.62,32.13,1.92,46.35,0.158
6,2026-05-05,32.36,44.18,33.91,0.0,46.11,0.214
6,2026-05-06,32.33,43.72,34.61,0.49,47.75,0.278
6,2026-05-07,32.31,43.63,34.12,1.05,47.46,0.141
6,2026-05-08,32.42,45.24,33.2,0.78,46.69,0.259
6,2026-05-09,30.15,45.24,33.91,0.45,47.15,0.282
6,2026-05-10,32.34,44.41,34.54,0.81,47.57,0.319
6,2026-05-11,32.51,43.25,34.15,2.49,46.63,0.224
6,2026-05-12,32.4,44.6,33.09,0.64,48.66,0.243
6,2026-05-13,31.46,44.52,33.52,2.04,45.47,0.198
6,2026-05-14,32.89,42.68,32.8,1.09,46.95,0.172
6,2026-05-15,32.29,42.57,32.72,2.21,46.34,0.222
6,2026-05-16,31.97,44.58,33.76,1.03,47.96,0.214
6,2026-05-17,30.5,43.23,34.74,1.61,46.71,0.11
6,2026-05-18,31.38,45.67,34.53,1.76,45.48,0.12
6,2026-05-19,31.49,42.61,33.57,0.0,47.34,0.177
6,2026-05-20,31.52,44.4,33.86,0.78,46.59,0.188
6,2026-05-21,30.3,42.07,32.86,0.79,48.48,0.219
6,2026-05-22,31.13,43.38,32.34,0.62,46.83,0.188
6,2026-05-23,32.25,44.74,34.07,0.0,47.66,0.135
6,2026-05-24,32.35,43.9,34.95,0.57,46.83,0.174
6,2026-05-25,32.78,44.09,33.23,1.4,48.78,0.335
6,2026-05-26,33.35,43.34,33.39,0.81,45.41,0.346
6,2026-05-27,30.74,44.17,32.37,0.78,47.65,0.229
6,2026-05-28,31.26,43.24,34.29,0.61,47.02,0.265
6,2026-05-01,29.79,44.05,34.59,2.25,47.53,0.149
6,2026-05-02,32.88,45.48,32.91,0.03,46.79,0.166
6,2026-05-03,30.22,41.73,32.31,0.11,47.31,0.16
6,2026-05-04,32.18,45.03,36.12,1.45,46.06,0.27
6,2026-05-05,32.02,44.12,34.32,1.36,45.76,0.129
6,2026-05-06,32.26,44.44,35.33,1.2,46.6,0.162
6,2026-05-07,31.39,42.67,32.31,0.18,47.0,0.147
6,2026-05-08,32.03,43.57,33.26,0.28,47.17,0.192
6,2026-05-09,29.68,44.05,33.56,0.13,47.06,0.151
6,2026-05-10,32.12,43.04,34.07,0.97,45.63,0.15
6,2026-05-11,32.63,44.17,33.59,0.0,46.31,0.202
6,2026-05-12,32.27,43.8,32.73,0.46,46.48,0.128
11,2026-05-01,31.43,43.45,32.0,0.93,29.19,0.49
11,2026-05-02,31.71,43.5,33.54,0.11,28.23,0.324
11,2026-05-03,30.98,45.27,32.05,0.0,29.21,0.248
11,2026-05-04,33.34,44.45,33.63,0.18,27.26,0.24
11,2026-05-05,32.48,44.06,32.25,0.0,27.74,0.353
11,2026-05-06,32.78,44.94,32.99,1.77,29.13,0.596
11,2026-05-07,31.62,44.66,34.26,0.0,29.31,0.415
11,2026-05-08,33.2,44.3,34.31,0.14,28.05,0.46
11,2026-05-09,33.02,42.98,34.36,1.54,29.4,0.281
11,2026-05-10,33.49,44.6,34.12,0.47,28.13,0.284
11,2026-05-11,31.86,44.94,32.64,0.0,28.79,0.329
11,2026-05-12,30.6,43.58,33.0,1.92,29.08,0.257
11,2026-05-13,31.43,43.75,33.51,0.0,28.88,0.224
11,2026-05-14,32.68,45.19,30.99,0.49,28.72,0.419
11,2026-05-15,32.48,44.09,33.56,0.61,28.58,0.614
11,2026-05-16,33.28,44.96,32.76,0.09,29.42,0.252
11,2026-05-17,33.28,42.98,35.16,1.59,28.02,0.308
11,2026-05-18,30.61,44.11,34.35,1.04,28.27,0.72
11,2026-05-19,32.87,44.51,33.05,1.02,30.78,0.419
11,2026-05-20,30.94,44.34,34.98,1.55,28.05,0.405
11,2026-05-21,31.11,44.71,32.55,0.05,28.01,0.283
11,2026-05-22,33.87,45.44,33.06,0.59,29.97,0.327
11,2026-05-23,32.0,43.41,34.67,0.65,28.51,0.312
11,2026-05-24,31.6,44.98,32.64,0.06,27.04,0.248
11,2026-05-25,31.94,43.72,31.99,0.0,28.38,0.148
11,2026-05-26,32.89,43.9,32.13,0.26,28.88,0.358
11,2026-05-27,32.42,44.15,33.87,0.0,27.98,0.408
11,2026-05-28,32.4,43.21,33.05,0.0,28.51,0.204
11,2026-05-01,30.96,42.88,33.18,2.65,29.34,0.542
11,2026-05-02,32.38,45.52,33.6,0.55,29.43,0.237
11,2026-05-03,30.47,43.1,34.52,1.28,28.65,0.33
11,2026-05-04,32.22,44.47,32.54,1.16,27.63,0.564
11,2026-05-05,32.08,43.33,33.04,0.0,28.36,0.194
11,2026-05-06,31.94,44.2,33.62,0.15,29.54,0.201
11,2026-05-07,32.18,43.7,33.28,0.26,29.69,0.356
11,2026-05-08,31.56,46.3,33.32,0.35,29.25,0.291
11,2026-05-09,32.17,44.88,32.25,0.09,29.3,0.657
11,2026-05-10,32.3,44.03,34.24,0.0,27.87,0.272
11,2026-05-11,30.57,41.59,32.93,1.28,29.06,0.549
11,2026-05-12,29.97,44.0,34.45,0.0,27.34,0.401
13,2026-05-01,31.66,43.43,32.58,1.08,22.49,0.26
13,2026-05-02,31.32,43.5,32.01,0.83,22.89,0.329
13,2026-05-03,30.53,43.27,32.92,0.76,20.51,0.194
13,2026-05-04,31.58,44.11,32.07,0.78,22.01,0.461
13,2026-05-05,31.94,41.47,32.35,0.22,23.0,0.299
13,2026-05-06,31.41,41.77,32.62,0.0,23.06,0.328
13,2026-05-07,30.42,40.84,32.23,0.23,21.03,0.2
13,2026-05-08,32.7,43.53,31.08,0.3,22.03,0.223
13,2026-05-09,32.15,43.4,34.79,0.2,21.24,0.201
13,2026-05-10,32.29,44.59,33.13,0.47,22.12,0.205
13,2026-05-11,31.73,41.82,33.26,0.42,22.05,0.178
13,2026-05-12,31.43,42.39,32.87,0.0,22.21,0.329
13,2026-05-13,32.78,41.99,32.31,0.0,22.99,0.179
13,2026-05-14,32.85,42.45,33.51,0.0,21.7,0.25
13,2026-05-15,31.74,42.77,33.19,1.06,22.66,0.203
13,2026-05-16,30.03,43.0,30.1,0.6,22.44,0.158
13,2026-05-17,32.18,42.31,33.72,0.0,21.16,0.192
13,2026-05-18,31.88,41.98,34.59,0.0,23.44,0.217
13,2026-05-19,31.39,42.27,31.94,0.39,22.95,0.249
13,2026-05-20,30.88,43.09,31.91,0.0,22.01,0.132
13,2026-05-21,31.11,42.94,32.25,0.0,23.26,0.333
13,2026-05-22,33.0,43.09,32.81,1.56,21.35,0.269
13,2026-05-23,31.79,43.16,33.13,0.11,22.61,0.18
13,2026-05-24,32.1,41.98,33.55,0.87,21.71,0.201
13,2026-05-25,31.64,43.38,31.27,0.0,22.72,0.222
13,2026-05-26,30.53,40.94,32.21,0.0,22.0,0.232
13,2026-05-27,33.27,41.79,33.15,0.0,20.98,0.222
13,2026-05-28,30.91,44.47,32.54,0.0,23.9,0.181
13,2026-05-01,31.32,42.69,31.9,0.51,22.91,0.153
13,2026-05-02,31.21,42.54,31.35,0.0,21.54,0.174
13,2026-05-03,31.9,43.58,32.73,0.22,21.05,0.192
13,2026-05-04,31.97,43.36,32.49,0.44,21.64,0.159
13,2026-05-05,31.89,42.48,31.08,0.7,22.19,0.301
13,2026-05-06,31.21,44.14,32.98,0.81,21.28,0.212
13,2026-05-07,32.74,42.83,32.58,1.26,22.86,0.255
13,2026-05-08,33.28,41.56,32.51,0.0,23.13,0.402
13,2026-05-09,31.21,42.98,33.38,0.42,22.09,0.331
13,2026-05-10,33.31,42.97,31.62,0.0,21.83,0.208
13,2026-05-11,32.24,43.5,33.36,0.39,22.09,0.168
13,2026-05-12,31.34,42.12,32.85,0.0,21.83,0.283
